alpha_2,region,,flag,大洲:,origin name,Let's Go,,2010-01-01,2010-02-01,2010-03-01,2010-04-01,2010-05-01,2010-06-01,2010-07-01,2010-08-01,2010-09-01,2010-10-01,2010-11-01,2010-12-01,2011-01-01,2011-02-01,2011-03-01,2011-04-01,2011-05-01,2011-06-01,2011-07-01,2011-08-01,2011-09-01,2011-10-01,2011-11-01,2011-12-01,2012-01-01,2012-02-01,2012-03-01,2012-04-01,2012-05-01,2012-06-01,2012-07-01,2012-08-01,2012-09-01,2012-10-01,2012-11-01,2012-12-01,2013-01-01,2013-02-01,2013-03-01,2013-04-01,2013-05-01,2013-06-01,2013-07-01,2013-08-01,2013-09-01,2013-10-01,2013-11-01,2013-12-01,2014-01-01,2014-02-01,2014-03-01,2014-04-01,2014-05-01,2014-06-01,2014-07-01,2014-08-01,2014-09-01,2014-10-01,2014-11-01,2014-12-01,2015-01-01,2015-02-01,2015-03-01,2015-04-01,2015-05-01,2015-06-01,2015-07-01,2015-08-01,2015-09-01,2015-10-01,2015-11-01,2015-12-01,2016-01-01,2016-02-01,2016-03-01,2016-04-01,2016-05-01,2016-06-01,2016-07-01,2016-08-01,2016-09-01,2016-10-01,2016-11-01,2016-12-01,2017-01-01,2017-02-01,2017-03-01,2017-04-01,2017-05-01,2017-06-01,2017-07-01,2017-08-01,2017-09-01,2017-10-01,2017-11-01,2017-12-01,2018-01-01,2018-02-01,2018-03-01,2018-04-01,2018-05-01,2018-06-01,2018-07-01,2018-08-01,2018-09-01,2018-10-01,2018-11-01,2018-12-01,2019-01-01,2019-02-01,2019-03-01,2019-04-01,2019-05-01,2019-06-01,2019-07-01,2019-08-01,2019-09-01,2019-10-01,2019-11-01,2019-12-01,2020-01-01,2020-02-01,2020-03-01,2020-04-01,2020-05-01,2020-06-01,2020-07-01,2020-08-01,2020-09-01,2020-10-01,2020-11-01,2020-12-01,2021-01-01,2021-02-01,2021-03-01,2021-04-01,2021-05-01,2021-06-01,2021-07-01,2021-08-01,2021-09-01,2021-10-01,2021-11-01,2021-12-01,2022-01-01,2022-02-01,2022-03-01
MD,摩尔多瓦,摩尔多瓦,https://www.fluentpython.com/data/flags/md/md.gif,欧洲,MD,0,0,0,0,2,2,2,2,2,2,2,2,2,2,2,3,3,4,4,4,5,6,7,7,7,7,10,12,15,18,20,21,23,23,24,25,27,29,31,32,33,34,35,38,40,42,44,45,46,48,50,51,54,56,57,58,58,59,61,64,64,65,67,70,72,73,75,76,78,79,80,82,84,87,89,91,94,96,98,100,101,102,104,106,108,108,109,111,112,113,114,115,118,122,125,126,128,132,135,136,138,141,142,144,146,147,149,150,154,160,172,183,199,299,348,364,384,393,402,412,418,428,441,447,453,459,464,470,476,481,488,494,499,504,512,515,520,524,528,531,535,542,544,546,549,554,563,620,694
UA,乌克兰,乌克兰,https://www.fluentpython.com/data/flags/ua/ua.gif,欧洲,UA,0,0,0,0,1,1,1,1,1,1,1,2,2,2,3,3,4,5,5,5,5,5,5,5,6,6,7,8,9,10,11,12,12,12,12,13,14,15,16,17,18,19,19,20,20,20,20,20,20,21,22,23,24,25,26,26,26,27,27,29,30,31,32,34,35,36,37,38,39,40,41,44,49,51,53,54,55,57,58,59,60,61,63,64,65,66,67,68,69,70,71,72,73,74,75,76,78,80,81,82,83,84,85,86,87,88,89,91,94,99,116,125,143,243,307,332,366,388,405,420,428,441,454,460,470,476,481,487,494,499,504,510,514,519,525,529,532,536,540,543,546,550,554,558,564,574,588,612,642
AZ,阿塞拜疆,阿塞拜疆,https://www.fluentpython.com/data/flags/az/az.gif,亚洲,AZ,0,0,0,0,0,0,5,5,10,10,10,10,10,10,12,12,14,14,14,14,14,14,15,16,17,19,21,21,23,23,23,27,29,32,33,35,35,36,36,37,38,39,39,40,41,41,41,42,42,42,42,42,42,42,42,42,42,42,42,42,42,42,43,43,43,43,44,44,45,45,46,46,47,47,47,48,49,50,50,51,51,51,52,52,53,53,54,54,55,56,56,57,57,58,59,59,60,61,62,63,64,64,64,64,65,65,65,66,67,68,72,75,88,179,218,231,244,252,258,267,271,290,298,301,303,307,311,317,321,327,332,337,343,345,349,352,354,362,362,363,366,371,375,378,381,384,395,493,593
TM,土库曼斯坦,土库曼斯坦,https://www.fluentpython.com/data/flags/tm/tm.gif,亚洲,TM,0,0,0,0,0,0,0,0,0,0,0,0,0,0,0,0,0,0,0,0,0,0,0,0,0,0,0,0,0,0,0,0,0,10,20,28,28,28,35,35,35,35,35,41,41,41,41,41,41,41,41,41,41,41,41,41,41,41,41,48,48,48,48,48,48,48,51,51,51,51,51,51,51,51,53,55,61,61,63,63,63,63,65,65,65,65,65,65,65,65,65,65,65,65,67,67,67,67,67,67,67,67,67,68,68,68,68,70,70,70,73,77,91,191,254,290,305,310,327,335,347,347,356,360,365,370,372,372,375,376,376,378,382,382,387,391,392,395,398,401,405,410,410,410,411,416,431,489,589
BY,白俄罗斯,白俄罗斯,https://www.fluentpython.com/data/flags/by/by.gif,欧洲,BY,0,0,1,1,2,2,2,2,2,2,2,3,3,4,4,4,5,6,7,7,7,8,9,10,11,11,13,14,16,18,20,22,23,25,26,27,29,30,33,34,36,38,39,40,41,42,43,44,45,46,49,50,52,53,54,55,56,58,59,61,63,64,66,68,69,70,71,72,73,74,75,76,78,80,82,84,87,88,89,90,91,92,94,95,96,97,98,99,100,101,102,103,104,105,106,107,109,110,111,112,113,114,115,116,117,118,119,120,122,125,135,143,159,259,304,322,341,353,362,374,381,390,405,410,414,420,424,428,434,442,446,450,453,457,462,465,468,471,474,476,479,483,486,488,491,494,504,541,586
RU,俄罗斯,俄罗斯,https://www.fluentpython.com/data/flags/ru/ru.gif,欧洲,RU,0,0,1,1,1,1,1,1,2,2,2,2,2,2,2,2,3,4,5,6,7,8,9,10,11,12,13,14,16,17,18,19,20,21,22,23,24,25,27,28,29,30,31,32,33,34,35,36,37,38,39,40,41,42,43,44,45,47,48,51,52,53,55,57,58,59,60,61,62,63,64,65,66,67,68,72,76,77,78,79,80,81,82,83,84,85,86,87,87,88,89,90,91,92,93,94,95,96,97,98,99,100,101,102,103,104,105,106,108,110,116,124,138,238,278,293,307,317,325,332,336,344,353,357,360,364,368,371,376,379,382,386,388,390,393,396,399,404,407,410,412,415,418,420,423,426,441,503,580
TJ,塔吉克斯坦,塔吉克斯坦,https://www.fluentpython.com/data/flags/tj/tj.gif,亚洲,TJ,0,0,0,0,0,0,0,0,0,0,0,0,0,0,0,0,0,0,0,0,0,0,0,0,0,0,0,0,0,0,0,0,0,0,0,0,0,0,0,0,0,0,0,0,0,0,0,0,0,0,4,4,4,4,4,4,8,12,12,16,16,16,16,23,26,26,26,26,26,26,26,26,26,26,28,30,34,34,34,34,34,34,34,34,34,36,36,36,36,36,36,36,36,36,36,36,38,40,40,40,43,43,43,43,45,45,45,45,45,50,55,61,66,166,224,248,271,283,301,309,314,329,336,349,353,359,362,364,370,370,370,375,379,384,384,387,392,403,404,412,419,421,421,427,427,430,436,470,537
UZ,乌兹别克斯坦,乌兹别克斯坦,https://www.fluentpython.com/data/flags/uz/uz.gif,亚洲,UZ,0,0,0,0,0,0,0,0,0,0,0,0,11,11,11,11,16,16,21,21,21,21,21,25,25,25,25,25,27,27,27,27,27,31,33,33,35,35,35,35,35,38,38,39,39,40,41,42,42,42,43,44,44,45,46,46,47,51,52,55,56,57,58,63,64,65,65,66,67,68,69,70,71,72,73,76,80,82,82,83,84,84,85,85,85,86,86,86,86,86,86,86,87,87,88,89,89,91,91,91,91,91,91,91,92,92,92,93,94,95,97,102,114,214,251,269,282,290,302,316,327,339,347,350,354,359,363,367,372,376,380,384,389,392,394,397,399,402,404,406,408,410,417,419,421,423,437,474,530
KZ,哈萨克斯坦,哈萨克斯坦,https://www.fluentpython.com/data/flags/kz/kz.gif,亚洲,KZ,0,0,4,4,4,4,4,8,8,8,11,11,11,11,12,12,13,14,14,14,16,17,18,19,20,20,20,22,24,26,27,28,29,30,32,33,34,36,38,39,40,42,43,44,44,44,45,46,47,48,50,52,53,54,55,56,57,59,60,62,63,64,66,68,69,70,71,72,73,74,75,76,78,79,80,83,87,89,90,91,92,93,95,96,97,98,99,100,101,102,102,103,104,105,106,106,107,108,109,110,111,112,113,114,115,116,117,118,119,121,126,132,145,245,289,310,327,338,345,352,357,364,374,378,381,385,389,392,397,402,406,409,411,413,416,419,421,425,428,430,433,436,438,440,442,444,450,481,528
LV,拉脱维亚,拉脱维亚,https://www.fluentpython.com/data/flags/lv/lv.gif,欧洲,LV,0,0,0,0,0,0,0,0,1,1,2,3,3,5,5,5,6,7,7,9,11,11,11,12,13,13,14,15,17,18,20,20,22,24,26,28,29,30,32,34,35,36,38,39,41,42,42,43,43,44,45,46,47,48,49,50,50,54,55,56,57,59,61,63,64,65,65,65,66,68,68,69,71,72,73,74,77,79,80,81,84,84,86,87,88,89,89,90,90,90,90,90,92,94,94,95,96,96,97,98,98,98,99,100,101,102,104,105,107,110,116,121,131,203,228,242,251,258,264,277,281,289,297,301,304,307,309,312,315,317,321,324,327,329,331,334,335,340,342,345,346,348,352,354,356,359,367,418,518
IL,以色列,其他,https://www.fluentpython.com/data/flags/il/il.gif,亚洲,IL,0,0,0,0,0,0,0,0,0,0,0,0,0,0,0,0,0,0,0,0,0,1,1,1,1,1,3,3,3,4,5,6,7,8,9,10,11,12,13,14,15,16,17,17,17,17,17,17,17,17,17,18,19,20,20,20,20,21,21,23,24,25,26,28,28,28,28,28,29,30,31,31,32,33,34,35,37,38,39,39,39,39,40,40,41,41,41,42,42,42,42,43,44,46,47,48,49,50,51,52,53,53,53,53,54,54,55,56,58,61,69,75,86,159,190,205,218,228,240,249,254,261,270,274,277,280,283,285,288,291,293,296,299,302,304,306,309,312,315,317,318,321,324,326,328,331,338,398,498
AM,亚美尼亚,其他,https://www.fluentpython.com/data/flags/am/am.gif,亚洲,AM,0,0,0,0,0,0,0,0,0,0,0,0,0,0,0,0,0,0,0,2,2,2,2,2,4,5,6,6,6,7,8,9,10,10,13,15,16,16,17,19,19,20,20,21,22,22,22,22,22,23,25,27,28,29,31,31,32,34,36,36,37,37,39,40,41,42,43,43,44,44,45,45,46,46,48,49,50,51,51,52,53,54,55,55,55,56,58,58,58,58,60,61,63,64,65,66,66,67,67,68,68,69,69,71,71,72,73,74,75,76,79,88,106,206,227,240,249,259,267,273,276,284,289,291,295,297,299,299,305,308,312,328,340,344,345,346,349,353,357,360,361,365,368,370,374,376,388,433,481
MN,蒙古,其他,https://www.fluentpython.com/data/flags/mn/mn.gif,亚洲,MN,0,0,0,0,0,0,0,0,0,0,0,0,0,0,0,0,0,0,0,0,0,0,0,0,0,0,0,0,0,0,0,0,0,0,0,12,12,12,12,12,12,12,12,12,12,12,12,12,12,12,12,12,12,19,19,19,19,19,19,19,19,19,19,19,19,19,19,19,19,19,19,19,19,19,19,19,19,19,19,26,26,26,26,26,26,26,26,26,26,26,26,26,26,26,26,26,26,26,26,26,26,26,26,26,26,26,26,26,26,26,32,46,52,152,193,199,199,205,211,222,228,233,238,238,248,248,253,265,265,265,265,265,265,269,278,278,278,282,286,286,286,286,291,291,295,295,305,394,476
GE,格鲁吉亚,其他,https://www.fluentpython.com/data/flags/ge/ge.gif,亚洲,GE,0,0,0,0,0,0,0,0,0,0,0,0,0,0,0,0,0,2,2,2,3,3,3,5,5,6,7,7,7,9,10,11,11,12,12,13,14,15,16,17,18,20,20,21,21,22,22,23,23,23,24,25,26,27,27,27,27,28,28,29,29,29,30,31,31,31,31,31,31,32,33,34,35,36,37,39,40,40,41,42,42,42,42,43,43,43,44,44,45,45,45,46,47,48,49,49,50,50,50,51,52,53,53,53,53,53,53,54,54,55,59,61,73,131,154,169,179,186,194,200,204,209,214,217,218,224,229,231,233,236,239,241,242,243,243,244,245,246,248,250,254,256,258,262,265,268,278,361,461
EE,爱沙尼亚,其他,https://www.fluentpython.com/data/flags/ee/ee.gif,欧洲,EE,0,0,1,1,1,1,1,1,1,1,1,1,1,2,3,3,4,5,6,6,6,6,7,8,8,9,9,10,12,13,14,15,16,17,18,18,18,19,20,21,22,23,24,24,25,27,27,28,29,29,30,30,31,31,31,32,32,33,34,35,35,36,37,39,40,40,40,40,41,42,43,43,45,46,47,49,51,52,54,54,54,54,55,55,55,56,56,57,58,59,59,59,59,60,61,61,62,63,63,64,64,65,65,65,65,67,67,68,69,72,75,79,89,147,169,179,190,195,200,203,211,219,223,227,228,230,232,234,236,239,240,242,244,245,245,249,252,254,255,258,261,264,266,269,273,278,289,360,460
GQ,赤道几内亚,其他,https://www.fluentpython.com/data/flags/gq/gq.gif,非洲,GQ,0,0,0,0,0,0,0,0,0,0,0,0,0,0,0,0,0,0,0,0,0,0,0,0,0,0,0,0,0,0,0,0,0,0,0,0,0,0,0,0,0,0,0,0,0,0,0,0,0,0,0,0,0,0,0,0,0,0,0,0,0,0,0,0,0,0,0,0,0,0,0,0,0,0,0,0,0,0,0,0,0,0,0,0,0,0,0,0,0,0,0,0,0,0,0,0,0,0,0,0,0,0,0,0,0,0,0,0,0,0,0,0,0,61,115,115,115,115,115,167,219,219,219,268,268,268,268,268,268,268,268,268,268,268,268,268,268,268,268,268,268,268,268,268,268,268,268,354,454
KG,吉尔吉斯坦,其他,https://www.fluentpython.com/data/flags/kg/kg.gif,亚洲,KG,0,0,0,0,0,0,0,0,0,0,0,0,0,0,0,0,0,6,6,6,6,6,6,6,6,6,9,9,11,13,13,13,13,17,17,19,19,19,26,27,27,28,28,28,28,28,29,32,33,33,36,36,38,38,39,41,41,41,42,45,46,47,50,54,55,56,57,57,58,59,60,61,62,62,65,67,69,69,70,71,71,72,73,73,74,74,75,75,75,75,75,75,76,78,78,78,78,78,78,79,79,79,80,80,80,80,81,81,81,83,87,92,106,206,240,259,273,282,288,293,296,300,306,309,312,317,321,323,328,332,336,342,344,346,348,349,350,353,355,358,360,362,364,365,367,368,373,397,434
KR,韩国,其他,https://www.fluentpython.com/data/flags/kr/kr.gif,亚洲,KR,0,0,0,0,0,0,0,0,0,0,0,0,0,0,0,0,0,10,10,10,10,10,10,10,10,10,10,10,10,10,10,10,10,10,10,10,10,10,10,10,10,12,14,14,14,14,14,14,14,16,18,20,22,22,22,22,22,22,22,22,22,22,22,22,24,24,24,24,24,24,27,27,27,27,27,29,29,30,30,30,34,34,34,34,34,34,34,35,36,37,37,37,37,38,38,38,39,40,40,40,40,40,40,40,40,40,40,40,40,40,45,51,58,104,130,138,144,151,157,167,171,176,179,181,183,186,187,189,191,194,196,199,202,203,203,208,209,212,214,216,217,219,221,223,226,227,231,303,403
EG,埃及,其他,https://www.fluentpython.com/data/flags/eg/eg.gif,非洲,EG,0,0,0,0,0,0,0,0,0,0,0,0,0,0,0,0,0,0,0,0,0,0,0,0,0,0,0,0,0,0,0,0,0,0,0,0,0,0,0,0,0,0,0,0,0,0,0,1,1,1,1,1,1,1,1,1,1,2,2,2,2,2,3,3,3,3,3,3,3,3,4,4,5,5,5,6,6,7,9,10,10,10,11,12,12,12,12,12,12,13,13,14,15,15,17,18,18,18,18,19,20,21,22,22,22,22,23,25,25,27,31,38,47,96,118,122,125,130,137,140,144,151,158,161,165,165,166,166,171,172,173,174,174,177,178,179,180,183,186,187,189,191,192,195,199,204,206,293,393
CY,塞浦路斯,其他,https://www.fluentpython.com/data/flags/cy/cy.gif,亚洲,CY,0,0,0,0,0,0,0,0,0,5,5,5,5,5,5,5,5,7,7,7,7,7,7,7,7,7,7,7,9,9,9,9,12,12,12,12,12,12,12,12,12,12,13,13,13,13,13,13,14,14,14,15,15,17,18,19,19,20,20,21,22,22,22,23,25,25,25,26,26,26,26,26,26,26,26,26,26,26,26,26,26,26,28,28,28,28,28,28,28,29,29,29,31,31,31,31,31,31,31,31,31,31,31,31,31,31,32,33,34,35,37,39,44,85,105,114,121,129,137,144,148,152,157,158,161,163,166,167,168,170,171,171,172,173,177,180,182,186,187,188,190,192,195,197,198,199,203,278,378
LT,立陶宛,其他,https://www.fluentpython.com/data/flags/lt/lt.gif,欧洲,LT,0,0,0,0,0,0,0,0,0,0,0,0,0,0,0,0,0,1,1,1,1,1,1,1,1,1,2,2,2,3,4,5,5,6,6,6,6,7,8,8,9,10,11,11,11,11,12,12,12,13,13,13,13,14,14,14,14,15,15,16,16,16,17,18,18,18,18,18,18,18,19,20,20,20,21,22,23,23,23,24,24,24,25,25,25,25,26,26,26,26,26,27,27,28,28,28,28,28,28,29,29,30,30,30,31,32,33,33,34,36,40,45,52,95,115,124,130,134,140,145,150,155,158,162,163,164,166,167,170,172,173,174,175,177,178,179,180,182,184,184,186,187,189,190,193,195,202,259,359
MV,马尔代夫,其他,https://www.fluentpython.com/data/flags/mv/mv.gif,亚洲,MV,0,0,0,0,0,0,0,0,0,0,0,0,0,0,0,0,0,0,0,0,0,0,0,0,0,0,0,0,0,0,0,0,0,0,0,0,0,0,0,0,0,0,0,0,0,0,0,0,0,0,0,0,0,0,0,0,0,0,0,0,0,0,0,0,0,0,0,0,0,0,0,0,0,0,0,0,0,0,0,0,0,0,0,0,0,0,0,0,0,8,8,8,8,8,8,8,8,8,8,8,8,8,8,8,8,8,8,8,8,17,25,25,25,49,67,67,67,75,83,98,106,113,127,127,127,127,127,127,127,127,127,127,127,127,155,169,175,175,175,175,175,175,175,175,175,182,189,259,359
JO,约旦,其他,https://www.fluentpython.com/data/flags/jo/jo.gif,亚洲,JO,0,0,0,0,0,0,0,0,0,0,0,0,0,0,0,0,0,0,0,0,0,4,8,8,8,8,8,8,8,8,8,8,8,11,11,11,11,11,11,11,11,11,11,11,13,13,13,13,15,15,15,15,15,15,15,17,17,17,17,19,19,19,19,19,19,19,19,19,19,19,19,19,19,19,20,20,20,22,23,23,23,23,23,23,25,25,25,25,25,25,25,25,25,25,25,25,27,27,27,27,27,27,27,27,27,27,27,27,29,29,33,33,33,58,69,75,79,87,91,93,93,95,101,101,101,101,101,101,105,105,105,107,107,107,109,109,109,111,111,113,113,113,113,113,115,115,120,218,318
TH,泰国,其他,https://www.fluentpython.com/data/flags/th/th.gif,亚洲,TH,0,0,0,0,0,0,0,0,0,0,4,4,4,4,4,4,4,4,4,4,4,4,4,4,4,4,4,4,4,4,5,5,5,5,6,6,6,7,7,7,7,7,7,7,7,7,7,7,7,8,8,9,9,10,10,10,10,10,10,10,10,10,10,11,13,14,14,15,15,15,15,16,16,16,16,17,17,18,19,19,20,20,20,20,20,21,21,21,21,21,21,21,21,23,23,23,23,23,23,23,23,23,23,23,23,24,24,24,25,27,30,34,38,63,70,74,78,79,86,92,95,102,110,113,118,119,121,122,123,124,127,129,132,134,135,136,137,139,140,143,143,144,145,147,149,151,157,209,309
ME,黑山,其他,https://www.fluentpython.com/data/flags/me/me.gif,欧洲,ME,0,0,0,0,0,0,0,0,0,0,0,0,0,0,0,0,0,0,0,0,0,7,7,7,7,7,7,7,10,13,13,13,13,13,13,16,16,16,16,16,16,16,16,16,16,16,16,16,16,16,16,16,16,16,16,16,18,18,18,18,18,18,18,18,20,20,20,20,20,20,20,24,24,24,24,24,24,24,24,24,26,28,33,33,33,33,33,33,33,33,33,35,35,36,36,38,40,40,42,44,44,44,44,46,46,46,48,48,48,48,48,48,50,76,78,84,90,97,104,107,107,107,107,107,107,107,109,112,114,115,116,117,117,117,118,118,119,122,122,127,128,131,132,132,132,133,133,208,308
AE,阿联酋,其他,https://www.fluentpython.com/data/flags/ae/ae.gif,亚洲,AE,0,0,0,0,0,0,0,0,0,0,0,0,0,0,1,1,1,2,2,2,2,2,2,2,2,2,2,3,3,3,3,3,3,3,3,3,3,4,5,5,5,6,7,7,8,8,8,9,9,9,9,9,9,10,10,10,10,10,10,11,12,12,12,12,12,12,12,12,12,12,12,12,12,13,13,13,13,13,13,13,13,13,15,15,15,15,15,15,15,16,16,16,16,16,16,16,17,17,17,17,17,18,18,18,18,18,18,19,20,20,21,22,28,54,68,71,73,75,79,81,83,84,87,89,91,93,94,94,96,97,99,100,102,103,104,107,108,111,113,114,116,117,118,119,121,123,127,201,301
LY,利比亚,其他,https://www.fluentpython.com/data/flags/ly/ly.gif,非洲,LY,0,0,0,0,0,0,0,0,0,0,0,0,0,0,0,0,0,0,0,0,0,0,0,0,0,0,0,0,0,0,0,0,0,0,0,0,0,0,0,0,0,0,0,0,0,0,0,0,0,0,0,0,0,0,0,0,0,0,0,0,0,0,0,0,0,0,0,0,0,0,0,0,0,0,0,0,0,0,12,12,12,12,12,12,12,12,12,12,12,12,12,12,12,12,12,12,12,12,12,12,12,12,12,12,12,12,12,12,12,12,12,12,35,59,72,72,84,84,84,84,84,84,84,84,84,84,84,84,84,84,84,93,93,93,93,93,93,93,93,93,93,93,93,101,101,101,101,201,293
SA,沙特阿拉伯,其他,https://www.fluentpython.com/data/flags/sa/sa.gif,亚洲,SA,0,0,0,0,8,16,16,16,16,16,24,24,24,24,24,24,24,24,24,24,24,24,25,26,26,26,26,26,26,26,26,26,26,26,26,26,26,26,26,26,26,26,26,26,26,26,27,27,27,27,27,28,28,28,28,28,28,28,28,28,28,28,28,28,28,29,30,30,30,31,31,31,31,31,31,31,32,32,32,36,36,36,36,36,36,36,36,37,38,38,38,38,38,38,39,39,40,40,40,40,41,41,42,42,42,42,42,42,42,42,42,42,44,59,64,67,68,70,75,76,78,79,82,83,84,85,85,86,87,87,88,89,90,92,93,94,94,96,97,97,98,99,99,99,100,101,104,191,291
SD,苏丹,其他,https://www.fluentpython.com/data/flags/sd/sd.gif,非洲,SD,0,0,0,0,0,0,0,0,0,0,0,0,0,0,0,0,0,0,0,46,46,46,46,46,46,46,46,46,46,46,46,46,46,46,46,46,46,46,46,46,46,46,46,46,46,46,46,46,46,46,46,46,46,46,46,46,46,46,46,46,46,46,46,46,46,46,46,46,46,46,46,46,46,46,46,46,46,46,76,76,76,76,76,76,76,76,76,76,76,76,76,76,76,76,76,76,76,76,76,76,76,76,76,76,76,76,76,76,76,76,76,76,76,104,104,104,104,104,104,104,104,104,104,104,104,104,104,104,104,104,104,104,104,104,104,104,104,104,104,117,117,117,117,117,117,117,117,217,289
DO,多米尼加,其他,https://upload.wikimedia.org/wikipedia/commons/thumb/9/9f/Flag_of_the_Dominican_Republic.svg/206px-Flag_of_the_Dominican_Republic.svg.png,北美,DO,0,0,0,0,0,0,0,0,0,0,0,0,0,0,0,0,0,0,0,0,0,6,6,6,6,6,6,6,6,6,12,12,12,12,12,12,12,12,17,17,17,17,17,17,17,17,17,17,17,17,17,17,17,17,17,17,17,17,17,17,17,17,17,17,17,17,17,17,17,17,17,17,17,17,17,17,17,17,17,17,17,17,17,17,20,20,20,20,20,20,20,20,20,20,20,20,20,20,20,20,20,20,20,20,20,20,20,20,20,20,23,23,23,42,48,48,51,51,51,56,56,56,56,56,56,56,59,59,59,59,59,59,59,64,66,66,70,70,70,70,70,72,72,74,74,74,87,187,281
QA,卡塔尔,其他,https://www.fluentpython.com/data/flags/qa/qa.gif,亚洲,QA,0,0,0,0,0,0,0,0,0,0,0,0,0,0,0,0,0,0,0,0,0,0,0,0,0,0,0,0,0,0,0,0,0,0,0,0,0,0,0,0,0,0,0,0,0,0,0,0,0,0,0,0,0,0,0,0,0,3,3,3,3,3,3,3,3,3,3,3,3,3,3,3,3,3,3,3,3,3,3,3,3,3,3,3,3,3,3,3,3,3,3,5,5,5,5,5,5,5,5,5,5,5,5,5,7,7,7,7,7,9,11,13,17,41,51,51,55,55,59,61,65,70,73,73,74,75,77,77,79,79,79,81,83,83,85,85,85,94,94,94,94,94,94,94,94,96,96,179,279
VN,越南,其他,https://www.fluentpython.com/data/flags/vn/vn.gif,亚洲,VN,0,0,0,0,0,0,0,0,0,0,0,0,0,0,0,0,0,0,0,0,0,0,0,0,0,0,0,0,0,0,0,0,0,1,2,3,3,3,4,4,4,5,5,5,5,5,5,5,5,5,5,5,5,5,5,5,5,5,5,5,5,5,5,5,5,5,5,5,5,5,5,5,5,5,5,5,6,6,6,6,6,6,6,6,6,6,6,6,6,6,6,6,6,6,6,6,6,6,6,6,6,6,6,6,6,6,6,6,6,6,6,7,10,24,31,33,35,37,41,43,49,51,53,54,57,58,60,61,62,63,66,68,69,70,71,73,75,78,80,83,85,86,87,88,89,90,95,177,277
CU,古巴,其他,https://www.fluentpython.com/data/flags/cu/cu.gif,北美,CU,0,0,0,0,0,0,0,0,0,0,0,0,0,0,0,0,0,0,0,0,0,0,0,0,0,0,63,63,63,63,63,63,63,63,63,63,63,63,63,63,63,63,63,63,63,63,63,63,63,63,63,63,63,63,63,63,63,63,63,63,63,63,63,63,63,63,63,63,63,63,63,63,63,63,63,63,63,63,63,63,63,63,63,63,63,63,63,63,63,63,63,63,63,63,63,63,63,63,63,63,63,63,63,63,63,63,63,63,63,63,63,63,63,98,98,98,98,110,110,120,120,120,128,128,128,128,128,128,128,128,128,128,128,128,128,128,128,128,128,128,128,133,133,133,133,133,137,171,271
KM,科摩罗,其他,https://www.fluentpython.com/data/flags/km/km.gif,非洲,KM,0,0,0,0,0,0,0,0,0,0,0,0,0,0,0,0,0,0,0,0,0,0,0,0,0,0,0,0,0,0,0,0,0,0,0,0,0,0,0,0,0,0,0,0,0,0,0,0,0,0,0,0,0,0,0,0,0,0,0,0,0,0,0,0,0,0,0,0,0,0,0,0,0,0,0,0,0,0,0,0,0,0,0,0,0,0,0,0,0,0,0,0,0,0,0,0,0,0,0,0,0,0,0,0,0,0,0,0,0,0,0,0,0,0,0,0,0,0,0,0,0,0,0,0,0,0,0,0,0,0,0,0,0,0,0,100,100,100,100,100,100,100,100,100,100,100,100,177,260
YE,也门,其他,https://www.fluentpython.com/data/flags/ye/ye.gif,亚洲,YE,0,0,0,0,55,55,55,55,55,55,55,55,55,55,55,55,55,55,55,55,55,55,55,55,55,55,55,77,77,77,77,77,77,77,77,77,77,77,77,77,77,77,77,77,77,77,77,77,77,77,77,77,77,77,77,77,77,77,77,77,77,77,77,77,77,77,77,77,77,77,77,77,77,77,77,77,77,77,77,77,77,77,77,77,77,77,77,77,77,77,77,77,77,77,77,77,77,77,77,77,77,77,77,77,77,77,77,77,77,77,77,84,84,91,91,91,91,91,91,91,91,91,91,91,91,91,91,91,91,91,91,91,91,91,91,91,91,91,91,91,91,91,91,91,91,96,96,159,259
BS,巴哈马,其他,https://www.fluentpython.com/data/flags/bs/bs.gif,北美,BS,0,0,0,0,0,0,0,0,0,0,0,0,0,0,0,0,0,0,0,0,0,0,0,0,0,0,0,0,0,0,0,0,0,0,0,0,0,0,0,0,0,0,0,0,0,0,0,0,0,0,0,0,0,0,0,0,0,0,0,0,0,0,0,0,0,0,0,0,0,0,0,0,0,0,0,0,0,0,0,0,0,0,0,0,0,0,0,0,0,0,0,0,0,0,0,0,0,0,0,0,0,0,0,0,0,0,0,0,0,17,17,17,32,48,48,48,48,48,66,66,66,66,66,66,66,66,66,66,66,66,66,66,66,66,66,66,66,66,66,66,66,66,66,66,66,66,77,156,256
DJ,吉布提,其他,https://www.fluentpython.com/data/flags/dj/dj.gif,非洲,DJ,0,0,0,0,0,0,0,0,0,0,0,0,0,0,0,0,0,0,0,0,0,0,0,0,0,0,0,0,0,0,0,0,0,0,0,0,0,0,0,0,0,0,0,0,0,0,0,0,0,0,0,0,0,0,0,0,0,0,0,0,0,0,0,0,0,0,0,0,0,0,0,0,0,0,0,0,0,0,0,0,0,0,0,0,0,0,0,0,0,33,33,33,33,33,33,33,33,33,33,33,33,33,33,33,33,33,33,33,33,33,33,33,33,112,154,154,154,154,154,154,154,154,154,154,154,154,154,154,154,154,154,154,154,154,154,154,154,154,154,154,154,154,154,154,154,154,154,154,254
TZ,坦桑尼亚,其他,https://www.fluentpython.com/data/flags/tz/tz.gif,非洲,TZ,0,0,0,0,0,0,0,0,0,0,0,0,0,0,0,0,0,0,0,0,0,0,0,0,0,0,0,0,0,0,0,0,0,0,0,0,0,0,0,0,0,0,0,0,0,0,0,0,0,0,0,0,0,0,0,0,0,0,0,0,0,0,0,0,0,0,0,0,0,0,0,0,0,0,0,0,0,0,0,0,0,0,0,0,0,0,0,0,0,0,0,0,0,0,0,0,0,0,0,0,0,0,0,0,0,0,0,0,0,0,0,0,0,21,37,37,42,47,47,47,47,57,57,57,57,57,57,57,57,57,57,57,57,57,61,66,66,66,66,66,66,70,70,74,74,74,74,153,253
AF,阿富汗,其他,https://www.fluentpython.com/data/flags/af/af.gif,亚洲,AF,0,0,0,0,0,0,0,0,0,0,0,0,0,0,0,0,0,0,0,0,0,0,0,0,0,0,0,0,0,0,0,0,0,0,0,0,0,0,0,0,0,0,0,0,0,0,0,0,0,0,0,0,0,0,0,0,0,0,0,0,0,0,0,0,0,0,0,0,0,0,0,0,0,0,0,0,0,0,0,0,0,0,0,0,0,0,0,0,0,0,0,0,0,0,0,0,0,0,0,0,0,0,0,0,0,0,0,0,0,0,0,10,10,30,51,51,61,61,61,61,61,61,77,77,77,77,85,85,85,85,85,93,93,93,93,93,99,99,99,99,99,99,99,99,99,99,99,199,251
CN,中国,其他,https://www.fluentpython.com/data/flags/cn/cn.gif,亚洲,CN,0,0,0,0,0,0,0,0,0,0,0,0,0,0,0,0,0,0,0,0,0,0,0,0,0,0,0,0,0,0,0,0,0,0,0,0,0,0,0,0,0,0,0,0,0,0,0,0,0,0,0,0,0,0,0,0,0,0,0,0,0,0,0,0,0,0,0,0,0,0,0,0,0,0,0,0,2,4,4,4,4,4,5,5,5,5,5,5,5,5,5,5,5,5,5,5,5,5,5,5,5,5,5,6,6,7,7,8,8,9,9,9,10,25,32,36,39,42,44,46,47,48,49,49,49,49,49,50,50,50,51,51,52,52,52,52,52,56,56,56,57,57,58,59,60,62,64,148,248
LK,斯里兰卡,其他,https://www.fluentpython.com/data/flags/lk/lk.gif,亚洲,LK,0,0,0,0,0,0,0,0,0,0,0,0,0,0,0,0,0,0,0,0,0,0,0,0,0,0,0,0,0,0,0,0,0,0,0,0,0,0,0,0,0,0,0,0,0,0,0,0,0,0,0,0,0,0,0,0,0,0,0,0,0,0,0,0,0,0,0,0,0,0,0,0,0,0,0,0,0,0,0,0,0,0,0,0,0,0,0,0,0,0,0,0,0,0,0,0,2,2,2,2,4,4,4,4,6,6,6,6,8,10,12,12,12,29,33,35,35,35,39,41,43,43,47,49,49,49,51,51,51,55,55,55,55,55,57,57,57,57,57,57,61,61,61,61,63,63,74,146,246
SY,叙利亚,其他,https://www.fluentpython.com/data/flags/sy/sy.gif,亚洲,SY,0,0,0,0,0,0,0,0,0,0,0,0,0,0,0,0,0,0,0,0,0,0,0,0,0,0,0,0,0,0,0,0,0,0,0,0,0,0,0,0,0,0,0,0,0,0,0,0,0,0,0,0,0,0,0,0,0,0,0,0,0,0,0,0,0,0,0,0,0,0,0,0,0,0,0,0,0,0,0,0,0,0,0,0,0,0,0,0,0,4,4,4,4,4,4,4,4,4,4,4,4,4,4,4,4,4,4,4,4,4,4,4,7,34,37,44,44,44,51,51,51,51,51,51,54,54,54,54,54,54,57,63,63,63,63,63,63,66,66,66,66,66,66,66,66,69,69,146,246
MA,摩洛哥,其他,https://www.fluentpython.com/data/flags/ma/ma.gif,非洲,MA,0,0,0,0,0,0,0,0,0,0,0,0,0,0,0,0,0,0,0,0,0,0,0,0,0,0,0,0,0,0,0,0,0,0,0,2,4,4,4,4,4,4,5,5,5,5,5,5,5,5,5,5,5,5,5,5,5,5,5,5,6,6,6,6,6,6,6,6,6,6,6,6,6,6,6,6,7,7,8,8,8,8,8,8,8,8,8,8,8,8,8,8,8,9,9,9,9,9,9,9,9,9,9,9,9,9,9,9,10,10,10,10,10,27,31,31,35,36,39,41,42,42,46,46,47,47,47,47,47,48,48,48,48,50,51,51,51,53,55,57,58,59,61,61,62,65,66,145,245
TR,土耳其,其他,https://www.fluentpython.com/data/flags/tr/tr.gif,亚洲,TR,0,0,0,0,0,0,0,0,0,0,0,0,0,0,0,0,0,0,0,0,0,0,0,0,0,0,0,0,0,0,0,0,0,0,0,0,0,0,0,0,0,0,0,0,0,0,0,0,0,0,0,0,0,0,0,0,0,0,0,0,0,0,0,0,0,0,0,0,0,0,0,0,0,0,0,0,0,0,0,0,0,0,0,0,0,0,0,0,0,0,0,0,0,0,0,0,0,0,0,0,0,0,0,0,0,0,0,0,0,0,0,0,1,10,15,17,19,21,22,23,23,24,25,26,27,28,29,30,31,32,33,34,34,34,34,34,34,38,39,40,41,42,43,43,43,44,45,145,244
GH,加纳,其他,https://www.fluentpython.com/data/flags/gh/gh.gif,非洲,GH,0,0,0,0,0,0,0,0,0,0,0,0,0,0,0,0,0,0,0,0,0,0,0,0,0,0,0,0,0,0,0,0,0,0,0,0,0,0,0,0,0,0,0,0,0,0,0,0,0,0,0,0,0,0,0,0,0,0,0,0,0,0,0,0,0,0,0,0,0,0,0,0,0,0,0,0,0,0,0,0,0,0,0,0,0,0,0,0,0,0,0,0,0,0,0,0,0,0,0,3,3,3,3,3,3,3,3,3,3,3,3,3,5,12,19,19,19,19,21,21,21,21,25,29,31,31,31,34,36,39,39,39,41,46,49,51,54,56,59,62,69,69,74,76,78,80,80,141,241
MT,马尔他,其他,https://www.fluentpython.com/data/flags/mt/mt.gif,欧洲,MT,0,0,0,0,0,0,0,0,0,0,0,0,0,0,0,0,0,0,0,0,0,0,0,0,0,0,0,0,0,0,0,0,0,0,0,0,0,0,0,0,0,0,0,0,0,0,0,0,0,0,0,0,0,2,2,2,2,2,4,4,4,4,4,4,4,4,4,4,4,4,4,4,4,4,4,4,4,4,4,4,4,4,4,4,4,6,6,6,6,6,6,6,6,6,6,6,6,6,6,6,6,6,6,6,6,6,6,6,6,8,10,10,18,35,40,46,49,49,52,52,55,58,58,58,60,62,62,62,62,62,62,62,62,62,62,62,62,62,62,62,62,62,62,62,62,68,71,141,241
ET,埃塞俄比亚,其他,https://www.fluentpython.com/data/flags/et/et.gif,非洲,ET,0,0,0,0,0,0,0,0,0,0,0,0,0,0,0,0,0,0,0,0,0,0,0,0,0,0,0,0,0,0,0,0,0,0,0,0,0,0,0,0,0,0,0,0,0,0,0,0,0,0,0,0,0,0,0,0,0,0,0,0,0,0,0,0,0,0,0,0,0,0,0,0,0,0,0,0,0,0,0,0,0,0,0,0,0,0,0,0,0,0,0,0,0,0,0,0,0,0,0,0,0,0,0,0,0,0,0,0,0,0,0,0,0,18,18,44,44,44,58,58,58,65,72,72,72,72,72,72,72,72,72,72,72,72,72,72,72,72,72,79,79,79,79,79,79,79,79,140,240
PL,波兰,其他,https://www.fluentpython.com/data/flags/pl/pl.gif,欧洲,PL,0,0,0,0,0,0,0,0,0,0,0,0,0,0,0,0,0,0,0,0,0,0,0,0,0,0,0,0,0,0,0,0,0,0,0,0,0,0,0,0,0,0,0,0,0,0,0,0,0,0,0,0,0,0,0,0,0,0,0,0,0,0,0,0,0,0,0,0,0,0,0,0,0,0,0,0,0,0,0,0,0,0,0,0,0,0,0,0,0,0,0,0,0,0,0,0,0,0,0,0,0,0,0,0,0,0,0,0,1,2,4,5,8,27,35,39,43,46,49,51,52,55,57,58,59,60,61,62,63,64,65,66,67,68,69,70,71,72,73,73,74,75,76,77,78,80,82,140,240
BB,巴巴多斯,其他,https://www.fluentpython.com/data/flags/bb/bb.gif,北美,BB,0,0,0,0,0,0,0,0,0,0,0,0,0,0,0,0,0,0,0,0,0,0,0,0,0,0,0,0,0,0,0,0,0,0,0,0,0,0,0,0,38,38,38,38,38,38,38,38,38,38,38,38,38,38,38,38,38,38,38,38,38,38,38,38,38,38,38,38,38,38,38,38,38,38,38,38,38,38,38,38,38,38,38,38,38,38,38,38,38,38,38,38,38,38,38,38,38,38,38,38,38,38,38,38,38,38,38,38,38,38,38,38,38,64,64,64,64,64,64,64,64,64,64,64,64,64,64,64,64,64,64,84,84,84,84,84,84,84,84,84,84,84,84,84,84,84,84,184,238
CD,刚果民主,其他,https://www.fluentpython.com/data/flags/cd/cd.gif,非洲,CD,0,0,0,0,0,0,0,0,0,0,0,0,0,0,0,0,0,0,0,0,0,0,0,0,0,0,0,0,0,0,0,0,0,0,0,0,0,0,0,0,0,0,0,0,0,0,0,0,0,0,0,0,0,0,0,0,0,0,0,0,0,0,0,0,0,0,0,0,0,0,0,0,0,0,0,0,0,0,0,0,0,0,0,0,0,0,0,0,0,0,0,0,0,0,0,0,0,0,0,0,0,0,0,0,0,0,0,0,0,0,0,0,0,36,41,41,41,46,62,62,62,62,62,62,62,62,62,68,73,78,78,78,78,78,82,82,82,82,82,82,82,82,82,82,82,82,82,136,236
BH,巴林,其他,https://www.fluentpython.com/data/flags/bh/bh.gif,亚洲,BH,0,0,0,0,0,0,0,0,0,0,0,0,0,0,0,0,0,0,0,0,0,0,0,0,0,0,0,0,0,0,0,0,0,0,0,0,0,0,0,0,0,5,5,5,5,5,5,5,5,5,5,5,5,5,5,5,5,5,5,5,5,5,5,5,5,5,5,5,5,5,5,5,5,5,5,5,5,5,5,5,9,9,9,9,9,9,9,9,9,9,9,9,9,9,9,9,9,9,9,9,9,9,9,9,9,9,12,12,12,12,15,15,22,36,46,49,49,49,52,52,52,55,55,55,55,55,55,55,58,61,61,64,64,64,64,64,67,67,67,67,67,67,70,70,73,73,79,133,233
CG,刚果,其他,https://www.fluentpython.com/data/flags/cg/cg.gif,非洲,CG,0,0,0,0,0,0,0,0,0,0,0,0,0,0,0,0,0,0,0,0,0,0,0,0,0,0,0,0,0,0,0,0,0,0,0,0,0,0,0,0,0,0,0,0,0,0,0,0,0,0,0,0,0,0,0,0,0,0,0,0,0,0,0,0,0,0,0,0,0,0,0,0,0,0,0,0,0,0,0,0,0,0,0,0,0,0,0,0,0,0,0,0,0,0,0,0,0,0,0,0,0,0,0,0,0,0,0,0,0,0,0,0,0,16,30,43,43,43,43,43,43,58,71,71,71,71,71,71,71,71,71,71,71,71,71,71,71,71,71,71,71,71,71,71,71,71,71,132,232
HN,洪都拉斯,其他,https://www.fluentpython.com/data/flags/hn/hn.gif,北美,HN,0,0,0,0,0,0,0,0,0,0,0,0,0,0,0,0,0,0,0,0,0,0,0,0,0,0,0,0,0,0,0,0,0,0,0,0,0,0,0,0,0,0,0,0,0,0,0,0,0,0,0,0,0,0,0,0,0,0,0,0,0,0,0,0,0,0,0,0,0,0,0,0,0,0,0,0,0,0,0,0,0,0,0,0,0,0,0,0,0,0,0,0,0,0,0,0,0,0,0,0,0,0,0,0,0,0,0,0,0,0,0,0,0,0,0,6,6,6,12,12,12,12,12,12,16,21,21,21,25,25,25,25,25,25,25,25,25,25,25,25,25,34,34,34,34,39,39,139,232
IS,冰岛,其他,https://www.fluentpython.com/data/flags/is/is.gif,欧洲,IS,0,0,0,0,0,0,0,0,0,0,0,0,0,0,0,0,0,0,0,0,0,0,0,0,0,0,0,0,0,0,0,0,0,0,0,0,0,0,0,0,0,0,0,0,0,0,0,3,3,3,6,6,6,6,6,6,6,6,6,6,6,6,6,6,6,6,6,6,6,6,6,6,9,9,9,9,9,9,9,9,9,9,9,9,9,9,9,9,9,12,12,12,12,12,12,12,12,12,12,12,12,12,12,12,12,12,12,12,12,15,15,15,15,23,23,23,23,25,30,32,32,35,35,35,39,39,39,39,39,39,39,39,39,39,42,42,47,47,47,47,47,47,47,47,47,47,61,161,231
IQ,伊拉克,其他,https://www.fluentpython.com/data/flags/iq/iq.gif,亚洲,IQ,0,0,0,0,0,0,0,0,0,0,0,0,0,0,0,0,0,0,0,0,0,0,0,0,0,0,0,0,0,0,0,0,0,0,0,0,0,0,0,0,0,0,0,0,2,2,2,2,2,2,2,2,3,3,3,3,3,3,4,4,4,4,4,4,4,4,4,4,4,4,4,4,4,4,4,4,5,5,5,6,7,7,7,7,7,7,7,8,8,8,8,8,8,8,8,8,8,8,8,8,8,8,8,9,9,9,9,9,9,9,9,9,9,18,22,24,26,26,27,33,33,34,34,34,34,34,35,35,36,36,36,37,37,38,39,39,39,42,42,43,43,43,43,43,43,43,44,131,231
KW,科威特,其他,https://www.fluentpython.com/data/flags/kw/kw.gif,亚洲,KW,0,0,0,0,0,0,0,0,0,0,0,0,0,5,5,5,5,5,5,5,5,5,5,5,5,5,5,5,5,5,5,5,5,5,5,5,5,5,5,5,5,5,5,5,5,5,5,5,5,5,5,5,5,5,5,5,5,5,5,5,5,5,5,5,5,5,5,5,5,5,5,5,5,5,5,5,5,5,5,7,7,7,7,7,7,7,7,7,7,7,7,7,7,7,7,7,7,7,7,7,7,7,7,7,7,7,7,7,9,9,9,9,9,21,31,35,35,37,39,41,41,41,43,43,47,47,47,49,49,49,49,53,53,57,59,61,63,65,65,65,65,65,67,67,67,67,67,131,231
OM,阿曼,其他,https://www.fluentpython.com/data/flags/om/om.gif,亚洲,OM,0,0,0,0,0,0,0,0,0,0,0,0,0,0,0,0,0,0,0,0,0,0,0,0,0,0,0,0,0,0,0,0,0,0,0,0,0,0,0,0,0,0,0,0,0,0,0,0,0,0,0,5,5,5,5,5,5,10,10,10,10,10,10,10,10,10,10,10,10,10,10,10,10,10,10,10,10,10,10,10,10,10,10,10,10,10,13,13,19,19,19,19,19,19,19,19,19,19,19,23,23,23,23,23,23,23,23,23,23,23,23,23,23,36,39,39,39,39,42,42,42,42,56,59,59,59,59,59,62,62,62,62,64,64,69,69,69,69,69,71,71,71,71,71,71,71,71,131,231
BF,布基纳法索,其他,https://www.fluentpython.com/data/flags/bf/bf.gif,非洲,BF,0,0,0,0,0,0,0,0,0,0,0,0,0,0,0,0,0,0,0,0,0,0,0,0,0,0,0,0,0,0,0,0,0,0,0,0,0,0,0,0,0,0,0,0,0,0,0,0,0,0,0,0,0,0,0,0,0,0,0,0,0,0,0,0,0,0,0,0,0,0,0,0,0,0,0,0,0,0,0,0,0,0,0,0,0,0,0,0,0,0,0,0,0,0,0,0,0,0,0,0,0,0,0,0,0,0,18,18,18,18,18,18,18,36,36,36,36,55,55,55,55,55,55,55,55,55,55,55,55,55,55,55,55,55,68,68,68,68,68,68,81,81,81,81,81,81,81,181,230
BJ,贝宁,其他,https://www.fluentpython.com/data/flags/bj/bj.gif,非洲,BJ,0,0,0,0,0,0,0,0,0,0,0,0,0,0,0,0,0,0,0,0,0,0,0,0,0,0,0,0,0,0,0,0,0,0,0,0,0,0,0,0,0,0,0,0,0,0,0,0,0,0,0,0,0,0,0,0,0,0,0,0,0,0,0,0,0,0,0,0,0,0,0,0,0,0,0,0,0,0,0,0,0,0,0,0,0,0,0,0,0,0,0,0,0,0,0,0,0,0,0,0,0,0,0,0,0,0,0,0,0,0,0,0,0,0,17,17,17,17,17,32,32,32,32,32,32,32,32,32,44,44,44,44,44,44,55,66,76,86,86,86,86,86,86,86,86,86,86,126,226
CZ,捷克,其他,https://www.fluentpython.com/data/flags/cz/cz.gif,欧洲,CZ,0,0,0,0,0,0,0,0,0,0,0,0,0,0,0,0,0,0,0,0,0,0,0,0,0,0,0,0,1,1,1,1,1,1,1,1,1,1,1,1,1,1,1,1,1,1,1,1,1,1,1,1,1,1,1,1,1,1,1,1,1,1,1,1,1,1,1,1,1,1,1,1,1,1,1,1,1,1,1,1,1,1,1,1,1,1,1,1,1,1,1,1,1,1,1,1,1,1,1,1,1,1,1,1,1,1,1,1,1,2,4,6,9,25,32,35,40,43,46,48,49,52,54,55,56,56,57,58,59,60,60,61,61,62,63,64,64,65,66,67,68,69,70,71,72,73,75,126,226
MR,毛里塔尼亚,其他,https://www.fluentpython.com/data/flags/mr/mr.gif,非洲,MR,0,0,0,0,0,0,0,0,0,0,0,0,0,0,0,0,0,0,0,0,0,0,0,0,0,0,0,0,0,0,0,0,0,0,0,0,0,0,0,0,0,0,0,0,0,0,0,0,0,0,0,0,0,0,0,0,0,0,0,0,0,0,0,0,0,0,0,0,0,0,0,0,0,0,0,0,0,0,43,43,43,43,43,43,43,43,43,43,43,43,43,43,43,43,43,43,43,43,43,43,43,43,43,43,43,43,43,43,43,43,43,43,43,43,43,43,43,43,43,43,43,43,43,43,43,43,43,43,43,43,43,43,43,43,43,43,43,43,43,43,81,81,81,81,81,81,81,126,226
GA,加蓬,其他,https://www.fluentpython.com/data/flags/ga/ga.gif,非洲,GA,0,0,0,0,0,0,0,0,0,0,0,0,0,0,0,0,0,0,0,0,0,0,0,0,0,0,0,0,0,0,0,0,0,0,0,0,0,0,0,0,0,0,0,0,0,0,0,0,0,0,0,0,0,0,0,0,0,0,0,0,0,0,0,0,0,0,0,0,0,0,0,0,0,0,0,0,0,0,0,0,0,0,0,0,0,0,0,0,0,0,0,0,0,0,0,0,0,0,0,0,0,0,0,0,0,0,0,0,0,0,0,0,0,0,0,17,17,17,17,17,17,17,17,17,17,17,17,17,17,17,17,17,17,17,17,17,17,17,17,17,17,17,17,17,17,28,28,128,224
AR,阿根廷,其他,https://www.fluentpython.com/data/flags/ar/ar.gif,南美,AR,0,0,0,0,0,0,0,0,0,0,0,1,1,1,1,1,1,1,1,1,1,1,1,1,1,1,1,1,1,1,1,1,1,1,1,1,1,1,1,1,1,1,1,1,1,1,1,1,1,1,1,1,1,1,1,1,1,1,1,1,1,1,1,1,1,1,1,1,1,1,1,1,1,1,1,1,1,1,1,1,1,1,1,1,1,1,1,1,1,1,1,1,1,1,1,1,1,1,1,1,1,1,1,1,1,1,1,1,1,1,1,1,2,11,18,19,20,21,22,22,23,23,24,24,24,24,25,25,25,25,26,26,27,27,27,27,27,28,29,29,29,29,29,29,30,31,32,122,222
NE,尼日尔,其他,https://www.fluentpython.com/data/flags/ne/ne.gif,非洲,NE,0,0,0,0,0,0,0,0,0,0,0,0,0,0,0,0,0,0,0,0,0,0,0,0,0,0,0,0,0,0,0,0,0,0,0,0,0,0,0,0,0,0,0,0,0,0,0,0,0,0,0,0,0,0,0,0,0,0,0,0,0,0,0,0,0,0,0,0,0,0,0,0,0,0,0,0,0,0,0,0,0,0,0,0,0,0,0,0,0,0,0,0,0,0,0,0,0,0,0,0,0,0,0,0,0,0,0,0,0,0,0,0,0,0,50,50,50,50,50,50,50,50,50,50,50,50,50,50,50,50,50,50,50,50,50,50,50,50,50,50,50,50,50,63,63,63,63,122,222
TG,多哥,其他,https://www.fluentpython.com/data/flags/tg/tg.gif,非洲,TG,0,0,0,0,0,0,0,0,0,0,0,0,0,0,0,0,0,0,0,0,0,0,0,0,0,0,0,0,0,0,0,0,0,0,0,0,0,0,0,0,0,0,0,0,0,0,0,0,0,0,0,0,0,0,0,0,0,0,0,0,0,0,0,0,0,0,0,0,0,0,0,0,0,0,0,0,0,0,0,0,0,0,0,0,0,0,0,0,0,0,0,0,0,0,0,0,0,0,0,0,0,0,0,0,0,0,0,0,0,0,0,0,0,43,84,84,84,122,122,122,122,122,122,122,122,122,122,122,122,122,122,122,122,122,122,122,122,122,122,122,122,122,122,122,122,122,122,222,222
MM,缅甸,其他,https://www.fluentpython.com/data/flags/mm/mm.gif,亚洲,MM,0,0,0,0,0,0,0,0,0,0,0,0,0,0,0,0,0,0,0,0,0,0,0,0,0,0,0,0,0,0,0,0,0,0,0,0,0,0,0,0,0,0,0,0,0,0,0,0,0,0,0,0,0,0,0,0,0,0,0,0,0,0,0,0,0,0,0,0,0,0,0,0,0,0,0,0,0,0,0,0,0,0,0,0,0,0,0,0,0,0,0,0,0,0,0,0,0,0,0,0,0,0,0,0,0,0,0,0,0,0,0,0,0,0,0,0,0,0,12,12,12,12,12,12,17,17,17,17,17,17,17,22,22,22,22,22,22,22,22,22,22,22,22,22,22,22,27,121,221
JP,日本,其他,https://www.fluentpython.com/data/flags/jp/jp.gif,亚洲,JP,0,0,0,0,0,0,0,0,0,0,0,0,0,2,2,2,2,2,3,3,3,3,3,3,3,3,3,3,3,5,5,5,5,6,7,7,8,9,10,11,11,12,13,13,13,13,13,13,13,14,14,14,15,15,15,15,15,15,15,15,15,15,15,15,15,15,15,15,15,15,15,15,15,15,15,15,15,15,15,15,15,15,15,15,15,15,15,15,15,15,15,15,15,15,15,15,15,15,15,15,15,15,15,15,15,15,15,15,15,15,16,18,19,27,29,31,32,33,35,37,41,43,45,45,46,47,48,49,49,49,49,49,49,49,49,49,49,50,50,51,51,51,51,52,53,55,58,120,220
LB,黎巴嫩,其他,https://www.fluentpython.com/data/flags/lb/lb.gif,亚洲,LB,0,0,0,0,0,0,0,0,0,0,0,0,0,0,0,0,0,0,0,0,0,0,0,0,0,0,0,0,0,0,0,0,0,0,0,0,0,0,0,0,0,0,0,0,2,2,2,2,2,2,2,2,2,2,2,2,2,2,2,2,2,2,3,3,3,3,3,3,4,4,4,4,4,4,5,5,5,5,5,5,5,5,5,5,5,5,5,5,5,5,5,5,5,5,5,5,5,5,5,5,5,5,5,5,5,5,5,5,5,6,7,7,9,20,24,24,24,24,28,30,31,33,38,38,39,39,40,40,41,43,43,43,44,44,44,44,44,46,47,48,51,52,53,54,55,58,58,120,220
GY,圭亚那,其他,https://www.fluentpython.com/data/flags/gy/gy.gif,南美,GY,0,0,0,0,0,0,0,0,0,0,0,0,0,0,0,0,0,0,0,0,0,0,0,0,0,0,0,0,0,0,0,0,0,0,0,0,0,0,0,0,0,0,0,0,0,0,0,0,0,0,0,0,0,0,0,0,0,0,0,0,0,0,0,0,0,0,0,0,0,0,0,0,0,0,0,0,0,0,0,0,0,0,0,0,0,0,0,0,0,0,0,0,0,0,0,0,0,0,0,0,0,0,0,0,0,0,0,0,0,0,0,0,0,0,0,0,0,0,0,0,0,0,0,0,0,0,0,0,28,28,28,28,28,28,28,28,28,28,28,28,28,28,28,28,28,28,28,119,219
BG,保加利亚,其他,https://www.fluentpython.com/data/flags/bg/bg.gif,欧洲,BG,0,0,0,0,0,0,0,0,0,0,0,0,0,0,0,0,0,0,0,0,0,0,0,0,0,0,0,1,1,1,1,1,1,1,1,1,1,1,1,1,1,1,1,1,1,1,1,1,1,1,1,1,1,1,1,1,1,1,1,1,1,1,1,1,1,1,1,1,1,1,1,1,1,1,1,1,1,1,1,1,1,1,1,1,1,1,1,1,1,1,1,1,1,1,1,1,1,1,1,1,1,1,1,1,1,1,1,1,1,1,2,3,5,15,20,25,29,32,35,36,38,41,43,45,46,47,48,49,50,51,51,51,53,54,55,56,56,58,58,59,60,61,62,62,62,63,64,117,217
TN,突尼斯,其他,https://www.fluentpython.com/data/flags/tn/tn.gif,非洲,TN,0,0,0,0,0,0,0,0,0,0,0,0,0,0,0,0,0,0,0,0,0,0,0,0,0,0,0,0,0,0,0,0,0,0,0,0,0,0,0,0,0,0,0,0,0,0,2,2,2,2,2,2,2,2,2,2,2,2,2,4,4,4,4,6,6,6,7,7,7,7,7,7,8,8,8,9,9,9,9,9,9,10,10,10,10,10,10,10,10,10,10,12,13,13,13,13,13,13,13,13,13,13,13,13,13,13,14,14,15,15,15,17,17,33,45,45,45,46,52,55,55,55,55,55,55,55,55,55,55,55,55,55,55,55,55,57,60,60,60,60,61,62,62,64,66,66,68,116,216
PE,秘鲁,其他,https://www.fluentpython.com/data/flags/pe/pe.gif,南美,PE,0,0,0,0,0,0,0,0,0,0,0,0,0,0,0,0,0,0,0,0,0,0,0,0,0,0,0,0,0,0,0,0,0,0,0,0,0,0,0,0,0,0,0,0,0,0,0,0,0,0,0,0,0,0,0,0,0,0,1,1,1,1,1,1,1,1,1,1,1,1,1,1,1,1,1,2,2,2,2,2,2,2,2,2,2,2,2,2,2,2,2,2,2,2,2,2,2,2,2,2,2,2,2,2,2,2,2,2,2,3,3,3,5,15,17,18,21,22,23,23,24,25,29,29,29,29,29,29,34,34,34,34,34,34,35,35,35,35,35,35,35,35,36,36,37,37,38,115,215
EC,厄瓜多尔,其他,https://www.fluentpython.com/data/flags/ec/ec.gif,南美,EC,0,0,0,0,0,0,0,0,0,0,0,0,0,0,0,0,0,0,0,0,0,0,0,0,0,0,0,0,0,0,0,0,0,0,0,0,0,0,0,0,0,0,0,0,0,0,0,0,0,0,0,0,0,0,0,0,0,0,0,0,0,0,0,0,0,0,0,0,0,0,0,0,0,0,0,0,0,0,0,0,0,0,0,0,0,0,0,0,0,0,0,0,0,0,0,0,0,0,0,1,1,1,1,1,1,1,1,1,1,1,1,3,3,12,17,19,23,24,27,27,28,28,28,28,28,28,28,28,29,29,30,30,30,30,30,30,30,30,31,31,31,32,34,35,36,37,38,114,214
SK,斯洛伐克,其他,https://www.fluentpython.com/data/flags/sk/sk.gif,欧洲,SK,0,0,0,0,0,0,0,0,0,0,0,0,0,0,0,0,1,1,1,1,1,1,1,1,1,1,1,1,1,1,1,1,1,1,1,1,1,1,1,1,1,1,1,1,1,1,1,1,1,1,1,1,1,1,1,1,1,1,1,1,1,1,1,1,1,1,1,1,1,1,1,1,1,1,1,1,1,1,1,1,1,1,1,1,1,1,1,1,1,1,1,1,1,1,1,1,1,1,1,1,1,1,1,1,1,1,1,1,1,1,2,3,4,19,24,25,27,28,31,33,35,36,37,38,39,39,39,40,41,41,42,43,44,45,45,46,46,47,47,47,47,48,48,49,50,51,53,114,214
DZ,阿尔及利亚,其他,https://www.fluentpython.com/data/flags/dz/dz.gif,非洲,DZ,0,0,0,0,0,0,0,0,0,0,0,0,0,0,0,0,0,0,0,0,0,0,0,0,0,0,0,0,0,0,0,0,0,0,2,2,2,2,3,3,3,3,3,3,3,4,4,4,5,5,5,5,6,6,6,6,6,7,7,7,7,7,7,7,7,7,7,7,8,8,8,8,8,8,9,9,9,9,9,9,9,9,9,9,9,9,9,9,9,9,9,9,9,9,9,9,9,9,9,10,10,10,10,10,10,10,10,10,10,10,11,12,13,19,22,23,24,25,28,28,30,32,32,32,32,33,33,33,33,34,34,34,34,34,34,35,35,36,36,36,36,36,37,38,38,39,39,113,213
DE,德国,其他,https://www.fluentpython.com/data/flags/de/de.gif,欧洲,DE,0,0,0,0,0,0,0,0,0,0,0,0,0,0,0,0,0,0,0,0,0,0,0,0,0,0,0,0,0,0,0,0,0,0,0,0,0,0,0,0,0,0,0,0,0,0,0,0,0,0,0,0,0,0,0,0,0,0,0,0,0,0,0,0,0,0,0,0,0,0,0,0,0,0,0,0,0,0,0,0,0,0,0,0,0,0,0,0,0,0,0,0,0,0,0,0,0,0,0,0,0,0,0,0,0,0,0,0,0,1,2,3,6,19,24,27,30,32,34,36,37,39,40,41,42,43,44,45,46,47,47,48,49,50,51,52,52,53,53,54,55,56,57,58,59,60,62,113,213
ZM,赞比亚,其他,https://www.fluentpython.com/data/flags/zm/zm.gif,非洲,ZM,0,0,0,0,0,0,0,0,0,0,0,0,0,0,0,0,0,0,0,0,0,0,0,0,0,0,0,0,0,0,0,0,0,0,0,0,0,0,0,0,0,0,0,0,0,0,0,0,0,0,0,0,0,0,0,0,0,0,0,0,0,0,0,0,0,0,0,0,0,0,0,0,0,0,0,0,0,0,0,0,0,0,0,0,0,0,0,0,0,0,0,0,0,0,0,0,0,0,0,0,0,0,0,0,0,0,0,0,0,0,0,0,0,27,27,27,27,34,34,34,41,41,41,41,41,41,41,41,41,41,41,46,46,46,46,46,46,46,46,46,46,46,46,46,46,46,52,113,213
VE,委内瑞拉玻利瓦尔,其他,https://www.fluentpython.com/data/flags/ve/ve.gif,南美,VE,0,0,0,0,0,0,0,0,0,0,0,0,0,0,0,0,1,1,1,1,1,1,1,1,1,1,1,1,1,1,1,1,1,1,1,1,1,1,1,1,1,1,1,2,2,2,2,2,2,2,2,2,2,2,2,2,2,2,2,2,2,2,2,2,2,2,2,2,2,2,2,2,2,2,2,2,2,2,2,2,2,2,2,2,2,2,2,2,2,2,2,2,2,2,2,2,2,2,2,2,2,2,2,2,2,2,2,2,2,2,3,3,4,9,12,13,14,15,17,18,19,19,20,20,20,20,21,22,22,23,23,23,24,24,25,25,25,28,29,29,30,30,31,33,34,34,37,112,212
AL,阿尔巴尼亚,其他,https://www.fluentpython.com/data/flags/al/al.gif,欧洲,AL,0,0,0,0,0,0,0,0,0,0,0,0,0,0,0,0,0,0,0,0,0,0,0,0,0,0,0,0,0,0,0,0,0,0,0,0,0,0,0,0,0,0,0,0,0,0,0,0,0,0,0,0,0,0,0,0,0,0,0,0,0,0,0,0,0,0,0,0,0,0,0,0,0,0,0,0,0,0,0,0,0,0,0,0,0,0,0,0,0,0,0,0,0,0,0,0,0,0,0,0,0,0,0,0,0,0,0,0,0,0,0,0,0,1,1,2,4,4,5,7,7,7,7,7,7,8,8,9,9,9,10,10,10,10,10,10,10,12,12,12,12,12,13,13,15,15,17,110,210
BD,孟加拉,其他,https://www.fluentpython.com/data/flags/bd/bd.gif,亚洲,BD,0,0,0,0,0,0,0,0,0,0,0,0,0,0,0,0,0,0,0,0,0,0,0,0,0,0,0,0,0,0,0,0,0,0,0,0,0,0,0,0,0,0,0,0,0,0,0,3,3,3,3,3,3,3,3,3,3,3,3,3,3,3,3,3,3,3,3,3,3,3,3,3,3,3,3,3,3,3,3,3,3,3,3,3,3,3,3,3,3,3,3,3,3,3,3,3,3,3,3,3,3,3,3,3,3,3,3,3,3,4,4,5,5,12,17,18,19,22,26,27,27,28,31,33,34,34,35,37,39,39,40,40,41,42,42,43,44,45,46,47,47,48,48,49,49,50,52,110,210
DK,丹麦,其他,https://www.fluentpython.com/data/flags/dk/dk.gif,欧洲,DK,0,0,0,1,1,1,1,2,2,2,2,2,2,2,2,2,2,2,2,2,2,2,2,2,2,2,2,2,2,2,2,2,2,2,2,2,2,2,2,2,2,2,2,2,2,2,2,2,2,2,2,2,2,2,2,2,2,2,2,2,2,2,2,2,2,2,2,2,2,2,2,2,2,2,2,3,3,3,3,3,3,3,3,3,3,3,3,3,3,3,3,3,3,3,3,3,3,3,3,3,3,3,3,3,3,3,3,3,3,3,4,5,6,14,17,18,21,22,25,26,27,30,31,32,33,34,46,47,48,49,50,51,52,52,52,53,53,54,54,54,54,59,59,59,59,60,61,109,209
FJ,斐济,其他,https://www.fluentpython.com/data/flags/fj/fj.gif,澳洲,FJ,0,0,0,0,0,0,0,0,0,0,0,0,0,0,0,0,0,0,0,0,0,0,0,0,0,0,0,0,0,0,0,0,0,0,0,0,0,0,0,0,0,0,0,0,0,0,0,0,0,0,0,0,0,0,0,0,0,0,0,0,0,0,0,0,0,0,0,0,0,0,0,0,0,0,0,0,0,0,0,0,0,0,0,0,0,0,0,0,0,0,0,0,0,0,0,0,0,0,0,0,0,0,0,0,0,0,0,0,0,0,0,0,19,19,19,19,19,19,19,19,19,19,19,19,19,19,19,19,19,19,19,19,19,19,19,19,19,19,19,19,19,19,19,19,19,19,19,108,208
CM,喀麦隆,其他,https://www.fluentpython.com/data/flags/cm/cm.gif,非洲,CM,0,0,0,0,0,0,0,0,0,0,0,0,0,0,0,0,0,0,0,0,0,0,0,0,0,0,0,0,0,0,0,0,0,0,0,0,0,0,0,0,0,0,0,0,0,0,0,0,0,0,0,0,0,0,0,0,0,0,0,0,0,0,0,0,0,0,0,0,0,0,0,0,0,0,0,0,0,0,0,0,0,0,0,0,0,0,0,0,0,0,0,0,0,0,0,0,0,0,0,0,0,0,0,0,0,0,0,0,0,0,0,0,0,24,30,30,36,36,36,41,41,41,41,41,41,41,46,46,46,46,46,46,46,46,46,46,46,46,46,46,46,50,50,50,50,50,57,107,207
SV,萨尔瓦多,其他,https://www.fluentpython.com/data/flags/sv/sv.gif,北美,SV,0,0,0,0,0,0,0,0,0,0,0,0,0,0,0,0,0,0,0,0,0,0,0,0,0,0,0,0,0,0,0,0,0,0,0,0,0,0,0,0,0,0,0,0,0,0,0,0,0,0,0,0,0,0,0,0,0,0,0,0,0,0,0,0,0,0,0,0,0,0,0,0,0,0,0,0,0,0,0,0,0,0,0,0,0,0,0,0,0,0,0,0,0,0,0,0,0,0,0,0,0,0,0,0,0,0,0,0,0,0,0,0,6,6,6,6,6,6,6,6,6,6,6,6,6,6,6,6,6,6,6,6,6,6,6,6,6,6,6,6,10,10,10,10,10,10,10,110,206
AT,奥地利,其他,https://www.fluentpython.com/data/flags/at/at.gif,欧洲,AT,0,0,0,0,0,0,0,0,0,0,0,0,0,0,0,0,0,0,0,0,0,0,0,0,0,0,0,0,0,0,0,0,0,0,0,0,0,0,0,0,0,0,0,0,0,0,0,0,0,0,0,0,0,0,0,0,0,0,0,0,0,0,0,0,0,0,0,0,0,0,0,0,0,0,0,0,0,0,0,0,0,0,0,0,0,0,0,0,0,0,0,0,0,0,0,0,0,0,0,0,0,0,0,0,0,0,0,0,0,0,1,1,3,13,17,19,21,23,25,26,27,28,29,29,29,29,29,30,30,31,32,33,34,34,34,35,36,37,38,38,38,39,39,40,41,42,44,105,205
BE,比利时,其他,https://www.fluentpython.com/data/flags/be/be.gif,欧洲,BE,0,0,0,0,0,0,0,0,0,0,0,0,0,0,0,0,0,0,0,0,0,0,0,0,0,0,0,0,0,0,0,0,0,0,0,0,0,0,0,0,0,0,0,0,0,0,0,0,0,0,0,0,0,0,0,0,0,0,0,0,0,0,0,0,0,0,0,0,0,0,0,0,0,0,0,0,0,0,0,0,0,0,0,0,0,0,0,0,0,0,0,0,0,0,0,0,0,0,0,0,0,0,0,0,0,0,0,0,0,1,2,3,6,17,20,23,25,26,29,31,32,35,37,37,38,39,40,40,40,41,42,43,44,44,44,44,44,45,45,45,45,45,45,46,47,48,50,105,205
MY,马来西亚,其他,https://www.fluentpython.com/data/flags/my/my.gif,亚洲,MY,0,0,0,0,0,0,0,0,0,0,0,0,0,0,0,0,0,0,0,0,0,0,0,0,0,0,0,0,0,0,0,0,0,0,0,0,0,0,0,0,0,0,0,0,0,0,0,0,0,0,0,0,0,0,0,0,0,0,0,0,0,0,0,0,0,0,0,0,0,0,0,0,0,0,0,0,0,0,0,0,0,0,0,0,0,0,0,0,0,0,0,0,0,0,0,0,0,0,0,0,0,0,0,0,0,0,0,0,0,1,1,1,1,6,8,9,11,12,15,18,19,19,20,21,21,21,21,21,21,22,23,25,26,27,27,28,29,30,30,30,30,30,30,31,32,33,35,104,204
MX,墨西哥,其他,https://www.fluentpython.com/data/flags/mx/mx.gif,北美,MX,0,0,0,0,0,0,0,0,0,0,0,0,0,0,0,0,0,0,0,0,0,0,0,0,0,0,0,0,0,0,0,0,0,0,0,0,0,0,0,0,0,0,0,0,0,0,0,0,0,0,0,0,0,0,0,0,0,0,0,0,0,0,0,0,0,0,0,0,0,0,0,0,0,0,0,0,0,0,0,0,0,0,0,0,0,0,0,0,0,0,0,0,0,0,0,0,0,0,0,0,0,0,0,0,0,0,0,0,0,0,0,0,0,4,6,7,8,8,11,12,13,14,15,15,15,15,15,16,16,16,16,16,16,16,16,16,16,17,17,17,17,17,17,17,17,18,19,104,204
NP,尼泊尔,其他,https://www.fluentpython.com/data/flags/np/np.gif,亚洲,NP,0,0,0,0,0,0,0,0,0,0,0,0,0,0,0,0,0,0,0,0,0,0,0,0,0,0,0,0,0,0,0,0,0,0,0,0,0,0,0,0,0,0,0,0,0,0,0,0,0,0,0,0,0,0,0,0,0,0,0,0,0,0,0,0,0,0,0,0,0,0,0,0,0,0,0,0,0,0,0,0,0,0,0,0,0,0,0,0,0,0,0,0,0,0,0,0,0,0,0,0,0,0,0,0,0,0,0,0,0,0,0,4,11,21,21,21,24,24,24,24,24,24,27,27,30,30,35,35,37,37,39,41,41,43,43,43,43,43,43,43,43,45,47,47,49,49,49,104,204
MG,马达加斯加,其他,https://www.fluentpython.com/data/flags/mg/mg.gif,非洲,MG,0,0,0,0,0,0,0,0,0,0,0,0,0,0,0,0,0,0,0,0,0,0,0,0,0,0,0,0,0,0,0,0,0,0,0,0,0,0,0,0,0,0,0,0,0,0,0,0,0,0,0,0,0,0,0,0,0,0,0,0,0,0,0,0,0,0,0,0,0,0,0,0,0,0,0,0,0,0,0,0,0,0,0,0,0,0,0,0,0,0,0,0,0,0,0,0,0,0,0,0,0,0,0,0,0,0,0,0,0,0,0,0,0,0,0,15,15,15,15,15,15,15,15,15,15,15,15,15,15,15,15,15,15,15,15,15,15,15,15,15,15,15,15,15,15,15,15,103,203
ML,马里,其他,https://www.fluentpython.com/data/flags/ml/ml.gif,非洲,ML,0,0,0,0,0,0,0,0,0,0,0,0,0,0,0,0,0,0,0,0,0,0,0,0,0,0,0,0,0,0,0,0,0,0,0,0,0,0,0,0,0,0,0,0,0,0,0,0,0,0,0,0,0,0,0,0,0,0,0,0,0,0,0,0,0,0,0,0,0,0,0,0,0,0,0,0,0,0,0,0,0,0,0,0,0,0,0,0,0,0,0,0,0,0,0,0,0,0,0,0,0,0,0,0,0,0,0,0,0,0,0,0,0,0,0,0,0,0,0,10,10,10,10,10,10,10,10,10,10,10,10,10,10,10,10,10,10,10,10,10,10,17,24,24,24,30,30,103,203
PK,巴基斯坦,其他,https://www.fluentpython.com/data/flags/pk/pk.gif,亚洲,PK,0,0,0,0,0,0,0,0,0,0,0,0,0,0,0,0,0,0,0,0,0,0,0,0,0,0,0,0,0,0,0,0,0,0,0,0,0,0,0,0,0,0,0,0,0,1,1,1,1,1,1,1,1,1,1,1,1,1,1,1,1,1,1,1,1,1,2,2,2,2,2,2,2,2,2,2,3,3,3,3,3,3,4,4,4,4,4,4,4,4,4,4,4,4,4,4,4,4,4,4,5,5,5,5,5,5,5,5,5,5,5,7,7,14,16,17,19,21,22,23,25,27,27,27,27,28,29,29,30,32,32,33,34,34,35,35,36,36,38,38,39,41,42,42,43,44,47,103,203
PY,巴拉圭,其他,https://www.fluentpython.com/data/flags/py/py.gif,南美,PY,0,0,0,0,0,0,0,0,0,0,0,0,0,0,0,0,0,0,0,0,0,0,0,0,0,0,0,0,0,0,0,0,0,0,0,0,0,0,0,0,0,0,0,0,0,0,0,0,0,0,0,0,0,0,0,0,0,0,0,0,0,0,0,0,0,0,0,0,0,0,0,0,0,0,0,0,0,0,0,0,0,0,0,0,0,0,0,0,0,0,0,0,0,0,0,0,0,0,0,0,0,0,0,0,0,0,0,0,0,0,0,0,0,2,2,4,8,8,8,8,8,10,10,12,12,12,12,12,12,13,13,13,13,13,13,13,13,13,13,14,14,14,14,14,14,14,17,103,203
BN,文莱,其他,https://www.fluentpython.com/data/flags/bn/bn.gif,亚洲,BN,0,0,0,0,0,0,0,0,0,0,0,0,0,0,0,0,0,0,0,0,0,0,0,0,0,0,0,0,0,0,0,0,0,0,0,0,0,0,0,0,0,0,0,0,0,0,0,0,0,0,0,0,0,0,0,0,0,0,0,0,0,0,0,0,0,0,0,0,0,0,0,0,0,0,0,0,0,0,0,0,0,0,0,0,0,0,0,0,0,0,0,0,0,0,0,0,0,0,0,0,0,0,0,0,0,0,0,0,0,0,0,13,13,37,37,37,37,37,37,37,37,37,37,37,37,37,37,37,37,37,37,37,37,37,37,37,37,37,37,37,37,37,37,37,37,37,49,102,202
UY,乌拉圭,其他,https://www.fluentpython.com/data/flags/uy/uy.gif,南美,UY,0,0,0,0,0,0,0,0,0,0,0,0,0,0,0,0,0,0,0,0,0,0,0,0,0,0,0,0,0,0,0,0,0,0,0,0,0,0,0,0,0,0,0,0,0,0,0,0,0,0,0,0,0,0,0,0,0,0,0,0,0,0,0,0,0,0,0,0,0,0,0,0,0,0,0,0,0,0,0,0,0,0,0,0,0,0,0,0,0,0,0,0,0,0,0,0,0,0,0,0,0,0,0,0,0,0,0,0,0,1,1,1,1,5,7,8,8,9,9,9,9,10,10,11,11,11,11,11,11,11,11,11,11,11,12,12,12,12,13,13,13,13,13,13,13,14,14,100,200
GM,冈比亚,其他,https://www.fluentpython.com/data/flags/gm/gm.gif,非洲,GM,0,0,0,0,0,0,0,0,0,0,0,0,0,0,0,0,0,0,0,0,0,0,0,0,0,0,0,0,0,0,0,0,0,0,0,0,0,0,0,0,0,0,0,0,0,0,0,0,0,0,0,0,0,0,0,0,0,0,0,0,0,0,0,0,0,0,0,0,0,0,0,0,0,0,0,0,0,0,0,0,0,0,0,0,0,0,0,0,0,0,0,0,0,0,0,0,0,0,0,0,0,0,0,0,0,0,0,0,0,0,0,0,0,0,0,0,0,0,0,0,27,27,27,27,27,27,27,27,27,27,27,27,27,27,27,27,27,27,27,27,27,27,27,27,27,27,27,99,199
LA,老挝人民民主,其他,https://www.fluentpython.com/data/flags/la/la.gif,亚洲,LA,0,0,0,0,0,0,0,0,0,0,0,0,0,0,0,0,0,0,0,0,0,0,0,0,0,0,0,0,0,0,0,0,0,0,0,0,0,0,0,0,0,0,0,0,0,0,0,0,0,0,0,0,0,0,0,0,0,0,0,0,0,0,0,0,0,0,0,0,0,0,0,0,0,0,0,0,0,0,0,0,0,0,0,0,0,0,0,0,0,0,0,0,0,0,0,0,0,0,0,0,0,0,0,14,14,14,14,14,14,14,14,14,14,41,41,41,41,41,54,54,67,67,67,76,76,76,76,76,76,76,76,76,76,76,76,76,76,87,87,87,87,87,87,87,87,87,87,99,199
PH,菲律宾,其他,https://www.fluentpython.com/data/flags/ph/ph.gif,亚洲,PH,0,0,0,0,0,0,0,0,0,0,0,0,0,0,0,0,1,1,1,1,1,1,1,1,1,1,1,1,1,1,1,1,1,1,1,1,1,1,1,1,1,1,1,1,1,1,1,1,1,1,1,1,1,1,1,1,1,1,1,1,1,1,1,1,1,1,1,1,1,1,1,1,1,1,1,1,1,1,1,1,1,1,1,1,1,1,1,1,1,1,1,1,1,1,1,1,1,1,1,1,1,1,1,1,1,1,1,1,1,1,1,1,2,5,6,7,8,9,10,11,12,13,14,14,15,15,15,15,16,16,16,16,16,16,16,16,16,16,16,17,17,18,18,18,18,18,19,99,199
IR,伊朗,其他,https://www.fluentpython.com/data/flags/ir/ir.gif,亚洲,IR,0,0,0,0,0,0,5,5,5,5,5,5,5,5,5,5,5,5,5,5,5,5,5,5,5,5,5,5,5,5,5,5,5,5,5,5,5,5,5,5,5,5,5,5,5,5,5,5,5,5,5,5,5,5,5,5,5,5,5,5,5,5,5,5,5,5,5,5,5,5,5,5,5,5,5,5,5,5,5,5,5,5,5,5,5,5,5,5,5,5,5,5,5,5,5,5,5,5,5,5,5,5,5,5,5,5,5,5,5,5,5,5,6,9,10,12,13,14,16,18,20,20,23,23,24,24,24,24,24,24,24,24,24,24,24,24,24,25,25,26,26,26,26,26,26,26,27,97,197
LU,卢森堡,其他,https://www.fluentpython.com/data/flags/lu/lu.gif,欧洲,LU,0,0,0,0,0,0,0,0,0,0,0,3,3,3,3,3,3,3,3,3,3,3,3,3,3,3,3,3,3,3,3,3,3,3,3,3,3,3,3,3,4,4,4,4,4,4,4,4,4,4,5,5,5,5,5,5,5,5,5,5,5,5,6,6,6,6,6,6,6,6,6,6,6,6,6,6,7,7,7,7,7,7,7,7,7,7,7,7,7,7,7,7,7,7,7,7,7,7,7,7,7,8,8,8,9,9,9,9,9,9,9,11,12,20,21,21,21,22,23,24,24,24,24,24,26,27,27,28,28,28,29,29,29,29,30,30,30,30,30,30,30,30,30,30,31,35,35,97,197
NL,荷兰,其他,https://www.fluentpython.com/data/flags/nl/nl.gif,欧洲,NL,0,0,0,0,0,0,0,0,0,0,0,0,0,0,0,0,0,0,0,0,0,0,0,0,0,0,0,0,0,0,0,0,0,0,0,0,0,0,0,0,0,0,0,0,0,0,0,0,0,0,0,0,0,0,0,0,0,0,0,0,0,0,0,0,0,0,0,0,0,0,0,0,0,0,0,0,0,0,0,0,0,0,0,0,0,0,0,0,0,0,0,1,1,1,1,2,3,4,4,4,4,4,4,4,4,4,4,4,4,5,7,9,10,19,23,25,28,29,31,32,33,34,35,35,35,35,35,35,36,36,36,36,36,36,36,36,36,37,37,37,37,37,37,37,38,39,40,97,197
MK,北马其顿,其他,https://www.fluentpython.com/data/flags/mk/mk.gif,欧洲,MK,0,0,0,0,0,0,0,0,0,0,0,0,0,0,0,0,0,0,0,0,0,0,0,0,0,0,0,0,0,0,0,0,0,0,0,0,0,0,0,0,0,0,0,0,0,0,0,0,0,0,0,0,0,0,0,0,0,0,0,0,0,0,0,0,0,0,0,0,0,0,0,0,0,0,0,0,0,0,0,0,0,0,0,0,0,0,0,0,0,0,0,0,0,0,0,0,0,0,0,0,0,0,0,0,0,0,0,0,0,0,0,0,0,10,11,15,15,15,17,17,17,20,26,26,27,28,28,28,29,30,30,31,32,33,33,33,34,35,37,37,37,37,37,37,38,38,38,94,194
RW,卢旺达,其他,https://www.fluentpython.com/data/flags/rw/rw.gif,非洲,RW,0,0,0,0,0,0,0,0,0,0,0,0,0,0,0,0,0,0,0,0,0,0,0,0,0,0,0,0,0,0,0,0,0,0,0,0,0,0,0,20,20,20,20,20,20,20,20,20,20,20,20,20,20,20,20,20,20,20,20,20,20,20,20,20,20,20,20,20,20,20,20,20,20,20,20,20,20,20,20,20,20,20,20,20,20,20,20,20,20,20,20,20,20,20,20,20,20,20,20,20,20,20,20,20,20,20,20,20,20,20,20,20,20,36,36,36,44,44,52,59,59,59,59,59,59,59,59,59,59,59,59,59,59,59,59,59,59,59,59,59,59,59,59,59,59,59,59,94,194
RS,塞尔维亚,其他,https://www.fluentpython.com/data/flags/rs/rs.gif,欧洲,RS,0,0,0,0,0,0,0,0,0,0,0,0,0,0,0,0,0,0,0,0,0,0,0,0,0,0,0,0,0,0,0,1,1,1,1,1,1,1,1,1,1,1,1,1,1,1,1,1,1,1,1,1,1,1,1,1,1,1,1,1,1,1,1,1,1,1,1,1,1,1,1,1,1,1,1,1,1,1,1,1,1,1,1,1,1,1,1,1,1,1,1,1,1,1,1,1,1,1,1,1,1,1,1,1,1,1,1,1,1,1,1,2,4,11,13,13,15,16,18,20,21,22,24,25,25,26,26,26,27,28,28,28,28,28,28,28,29,30,30,31,31,31,32,33,34,35,36,94,194
CO,哥伦比亚,其他,https://www.fluentpython.com/data/flags/co/co.gif,南美,CO,0,0,0,0,0,0,0,0,0,0,0,0,0,0,0,0,0,0,0,0,0,0,0,0,0,0,0,0,0,0,0,0,0,0,0,0,0,0,0,0,0,0,0,0,0,0,0,0,0,0,0,0,0,0,0,0,0,0,0,0,0,0,0,0,0,0,0,0,0,0,0,0,0,0,0,0,0,0,0,0,0,0,0,0,0,0,0,0,0,0,0,0,0,0,0,0,0,0,0,0,0,0,0,0,0,0,0,0,0,0,0,0,1,6,7,8,9,9,10,11,12,13,14,14,14,14,14,15,15,16,16,16,16,16,16,16,16,17,17,17,17,17,18,19,19,20,21,93,193
PA,巴拿马,其他,https://www.fluentpython.com/data/flags/pa/pa.gif,北美,PA,0,0,0,0,0,0,0,0,0,0,0,0,0,0,0,0,0,0,0,0,0,0,0,0,0,0,0,0,0,0,0,0,0,0,0,0,0,3,3,3,3,3,3,3,3,3,3,3,3,3,3,3,3,3,3,3,3,3,3,3,3,3,3,3,3,3,3,3,3,3,3,3,3,3,3,3,3,3,3,3,3,3,3,3,3,3,3,3,3,3,3,3,3,3,3,3,3,3,3,3,5,5,5,5,5,5,5,5,5,5,5,5,5,17,19,21,23,23,23,23,23,23,25,25,25,25,25,25,25,25,25,25,25,26,26,26,26,27,27,27,27,27,27,27,28,28,30,93,193
HR,克罗地亚,其他,https://www.fluentpython.com/data/flags/hr/hr.gif,欧洲,HR,0,0,0,0,0,0,0,0,0,0,0,0,0,0,0,0,0,0,0,0,0,0,0,0,0,0,0,0,0,0,0,0,0,0,0,0,1,1,1,1,1,1,1,1,1,1,1,1,1,1,1,1,1,1,1,1,1,1,1,1,1,1,1,1,1,1,1,1,1,1,1,1,1,1,1,1,1,1,1,1,1,1,1,1,1,1,1,1,1,1,1,1,1,1,1,1,1,1,1,1,1,1,1,1,1,1,1,1,1,1,1,2,3,8,10,11,14,15,17,17,17,18,18,18,18,18,18,18,19,21,21,21,21,21,21,21,21,21,21,21,21,22,23,23,24,25,26,90,190
FI,芬兰,其他,https://www.fluentpython.com/data/flags/fi/fi.gif,欧洲,FI,0,0,0,0,0,0,0,0,0,0,0,0,0,0,0,0,0,0,0,0,0,0,0,0,0,0,0,0,0,0,0,0,0,0,0,0,0,0,0,0,0,0,0,0,0,0,0,0,0,0,0,0,0,0,0,0,0,0,0,0,0,0,0,0,0,0,0,0,0,0,0,0,0,0,0,0,0,0,0,0,0,0,0,0,0,0,0,0,0,0,0,0,0,0,0,0,0,0,0,0,0,0,0,0,0,0,0,0,0,0,1,2,3,12,15,16,17,19,21,22,23,25,26,26,27,27,27,28,28,29,29,29,29,29,29,29,29,30,30,30,30,31,31,31,31,32,33,90,190
KH,柬埔塞,其他,https://www.fluentpython.com/data/flags/kh/kh.gif,亚洲,KH,0,0,0,0,0,0,0,0,0,0,0,0,0,0,0,0,0,0,0,0,0,0,0,0,0,0,0,0,0,0,0,0,0,0,0,0,0,0,0,0,0,0,0,0,0,0,0,0,0,0,0,0,0,0,0,0,0,0,0,0,0,0,0,0,0,0,0,0,0,0,0,0,0,0,0,0,0,0,0,0,0,0,0,0,0,0,0,0,0,0,0,0,0,0,0,0,0,0,0,0,0,0,0,0,0,0,0,0,0,0,2,2,6,13,15,17,17,17,19,19,19,19,19,19,19,19,19,19,21,21,21,21,25,25,25,27,32,32,32,32,32,32,32,32,32,34,36,89,189
PT,葡萄牙,其他,https://www.fluentpython.com/data/flags/pt/pt.gif,欧洲,PT,0,0,0,0,0,0,0,0,0,0,0,0,0,0,0,0,0,0,0,0,0,0,0,0,0,0,0,0,0,0,0,0,0,0,0,0,0,0,0,0,0,0,0,0,0,0,0,0,0,0,0,0,0,0,0,0,0,0,0,0,0,0,0,0,0,0,0,0,0,0,0,0,0,0,0,0,0,0,0,0,0,0,0,1,1,1,1,1,1,1,1,1,1,1,1,1,1,1,1,1,1,1,1,1,1,1,1,1,1,1,2,2,3,11,14,15,17,19,21,21,22,23,24,25,26,27,27,28,28,28,28,28,28,28,28,28,28,29,29,29,29,29,29,29,30,30,31,89,189
AO,安哥拉,其他,https://www.fluentpython.com/data/flags/ao/ao.gif,非洲,AO,0,0,0,0,0,0,0,0,0,0,0,0,0,0,0,0,0,0,0,0,0,0,0,0,0,0,0,0,0,0,0,0,0,0,0,0,0,0,0,0,0,0,0,0,0,0,0,0,0,0,0,0,0,0,0,0,0,0,0,0,0,0,0,0,0,0,0,0,0,0,0,0,0,0,0,0,0,0,0,0,0,0,0,0,0,0,0,0,0,0,0,0,0,0,0,0,0,0,0,0,0,0,0,0,0,0,0,0,0,0,0,0,0,12,16,23,26,29,29,29,29,29,29,29,29,29,29,29,32,38,38,38,38,38,41,41,41,44,44,44,44,44,44,44,44,44,44,88,188
CL,智利,其他,https://www.fluentpython.com/data/flags/cl/cl.gif,南美,CL,0,0,0,0,0,0,0,0,0,0,0,0,0,0,0,0,0,0,0,0,0,0,0,0,0,0,0,0,0,0,0,0,0,0,0,0,0,0,0,0,0,0,0,0,0,0,0,0,0,0,0,0,0,0,0,0,0,0,0,0,0,0,0,0,0,0,0,0,0,0,0,0,0,0,0,0,0,0,0,0,0,0,0,0,0,0,0,0,0,0,0,0,0,0,0,0,0,0,0,0,0,0,0,0,0,0,0,0,0,0,0,0,0,6,6,6,6,6,7,7,7,7,7,7,7,7,7,7,7,7,7,7,7,7,7,7,7,7,7,7,7,7,7,7,7,8,9,88,188
BA,波斯尼亚和黑塞哥维那,其他,https://www.fluentpython.com/data/flags/ba/ba.gif,欧洲,BA,0,0,0,0,0,0,0,0,0,0,0,0,0,0,0,0,0,0,0,0,0,0,0,0,0,0,0,0,0,0,0,0,0,0,0,0,0,0,0,0,0,0,0,0,0,0,0,0,0,0,0,0,0,0,0,0,0,0,0,0,0,0,0,0,0,0,0,0,0,0,0,0,0,0,0,0,0,0,0,0,0,1,1,1,1,1,1,1,1,1,1,1,1,1,1,1,1,1,1,1,1,1,1,1,1,1,1,1,1,1,1,2,4,7,8,9,9,10,12,12,12,13,13,13,13,13,13,13,13,13,14,14,14,14,14,14,14,14,14,15,15,15,15,15,15,17,18,86,186
MU,毛里求斯,其他,https://www.fluentpython.com/data/flags/mu/mu.gif,非洲,MU,0,0,0,0,0,0,0,0,0,0,0,0,0,0,0,0,0,0,0,0,0,0,0,0,0,0,0,0,0,0,0,0,0,0,0,0,0,0,0,0,0,0,0,0,0,0,0,5,5,5,5,5,5,5,5,5,5,5,5,5,5,5,5,5,5,5,5,5,5,5,5,5,5,5,5,5,5,5,5,5,5,5,5,5,5,5,5,5,5,5,5,5,5,5,5,5,5,5,5,5,5,5,5,5,5,5,5,5,5,5,11,14,14,30,30,30,30,30,30,33,33,33,36,36,36,36,36,36,36,39,39,39,39,39,39,39,39,39,39,42,42,42,42,42,42,42,42,86,186
CR,哥斯达黎加,其他,https://www.fluentpython.com/data/flags/cr/cr.gif,北美,CR,0,0,0,0,0,0,0,0,0,0,0,0,0,0,0,0,0,0,0,0,0,0,0,0,0,0,0,0,0,0,0,0,0,0,0,0,0,0,0,0,0,0,0,0,0,1,1,1,1,1,1,1,1,1,1,1,1,1,1,1,1,1,1,1,1,1,1,1,1,1,1,1,1,1,1,1,1,1,1,1,1,1,1,1,1,1,1,1,1,1,1,1,1,1,1,1,1,1,1,1,1,1,1,1,1,1,1,1,1,1,2,2,2,5,6,8,9,9,13,16,16,16,16,16,16,16,16,16,16,16,16,17,17,18,19,19,20,20,20,22,22,22,22,22,22,23,23,85,185
NG,尼日利亚,其他,https://www.fluentpython.com/data/flags/ng/ng.gif,非洲,NG,0,0,0,0,0,0,0,0,0,0,0,0,0,0,0,0,0,0,0,0,0,0,0,0,0,0,0,0,0,0,0,0,0,0,0,0,0,0,0,0,0,0,0,0,0,0,0,0,0,0,0,0,0,0,0,0,0,0,0,0,0,0,0,0,0,0,0,0,0,0,0,0,0,0,0,0,0,0,0,0,0,0,0,0,0,0,0,0,0,0,0,0,0,0,0,0,0,0,0,0,0,0,0,0,0,0,1,1,1,1,1,1,1,13,17,22,22,23,25,26,29,30,32,32,33,33,34,34,35,35,36,36,38,38,39,40,40,41,42,43,44,46,46,46,48,48,48,85,185
SO,索马里,其他,https://www.fluentpython.com/data/flags/so/so.gif,非洲,SO,0,0,0,0,0,0,0,0,0,0,0,0,0,0,0,0,0,0,0,0,0,0,0,0,0,0,0,0,0,0,0,0,0,0,0,0,0,0,0,0,0,0,0,0,0,0,0,0,0,0,0,0,0,0,0,0,0,0,0,0,0,0,0,0,0,0,0,0,0,0,0,0,0,0,0,0,0,0,0,0,0,0,0,0,0,0,0,0,0,0,0,0,0,0,0,0,0,0,0,0,0,0,0,0,0,0,0,0,0,0,0,0,0,0,0,0,0,0,0,0,0,0,0,0,0,12,12,12,24,24,33,33,33,33,33,33,33,33,33,33,33,33,33,33,33,33,33,84,184
BT,不丹,其他,https://www.fluentpython.com/data/flags/bt/bt.gif,亚洲,BT,0,0,0,0,0,0,0,0,0,0,0,0,0,0,0,0,0,0,0,0,0,0,0,0,0,0,0,0,0,0,0,0,0,0,0,0,0,0,0,0,0,0,0,0,0,0,0,0,0,0,0,0,0,0,0,0,0,0,0,0,0,0,0,0,0,0,0,0,0,0,0,0,0,0,0,0,0,0,0,0,0,0,0,0,0,0,0,0,0,0,0,0,0,0,0,0,0,0,0,0,0,0,0,0,0,0,0,0,0,0,0,0,0,0,0,0,0,0,0,0,0,0,0,0,0,0,0,0,0,0,0,0,0,0,0,0,0,0,0,0,0,0,0,0,0,0,0,100,183
ID,印度尼西亚,其他,https://www.fluentpython.com/data/flags/id/id.gif,亚洲,ID,0,0,0,0,0,0,0,0,0,0,0,0,0,0,0,0,0,0,0,0,0,0,0,0,0,0,0,0,0,0,0,0,0,0,0,0,0,0,0,0,0,0,0,0,0,0,0,0,0,0,0,0,0,0,0,0,0,0,0,0,0,0,0,0,0,0,0,0,0,0,0,0,0,0,0,0,0,0,0,0,0,0,0,0,0,0,0,0,0,0,0,0,0,0,0,0,0,0,0,0,0,0,0,0,0,0,0,0,0,0,0,0,1,8,10,12,13,14,15,16,17,18,19,20,21,22,23,24,24,25,25,25,25,25,26,27,27,28,28,29,30,31,31,32,32,32,33,82,182
CV,Cabo Verde,其他,https://www.fluentpython.com/data/flags/cv/cv.gif,非洲,CV,0,0,0,0,0,0,0,0,0,0,0,0,0,0,0,0,0,0,0,0,0,0,0,0,0,0,0,0,0,0,0,0,0,0,0,0,0,0,0,0,0,0,0,0,0,0,0,0,0,0,0,0,0,0,0,0,0,0,0,0,0,0,15,15,15,15,15,15,15,15,15,15,15,15,15,15,15,15,15,15,15,15,15,15,15,15,15,15,15,15,15,15,15,15,15,15,15,15,15,15,15,15,15,15,15,15,15,15,15,15,15,15,15,29,29,29,29,29,44,44,44,44,44,44,44,44,44,44,44,44,44,44,44,44,44,44,44,44,44,44,44,44,44,44,55,55,55,81,181
BO,玻利维亚,其他,https://www.fluentpython.com/data/flags/bo/bo.gif,南美,BO,0,0,0,0,0,0,0,0,0,0,0,0,0,0,0,0,0,0,0,0,0,0,0,0,0,0,0,0,0,0,0,0,0,0,0,0,0,0,0,0,0,0,0,0,0,0,0,0,0,0,0,0,0,0,0,0,0,0,0,0,0,0,0,1,1,1,1,1,1,1,1,1,1,1,1,1,1,1,1,1,1,1,1,1,1,1,1,1,1,1,1,1,1,1,1,1,1,1,1,1,1,1,1,1,1,1,1,1,1,1,1,1,1,5,5,5,5,5,9,11,11,11,11,11,11,11,11,11,11,11,11,11,11,11,11,11,11,12,12,12,13,13,13,13,16,16,16,80,180
SL,塞拉利昂,其他,https://www.fluentpython.com/data/flags/sl/sl.gif,非洲,SL,0,0,0,0,0,0,0,0,0,0,0,0,0,0,0,0,0,0,0,0,0,0,0,0,0,0,0,0,0,0,0,0,0,0,0,0,0,0,0,0,0,0,0,0,0,0,0,0,0,0,0,0,0,0,0,0,0,0,0,0,0,0,0,0,0,0,0,0,0,0,0,0,0,0,0,0,0,0,0,0,0,0,0,0,0,0,0,0,0,0,0,0,0,0,0,0,0,0,0,0,0,0,0,0,0,0,0,0,0,0,0,0,23,23,23,23,23,23,23,23,23,23,23,23,23,23,23,23,23,23,23,23,23,23,23,23,23,23,23,23,23,23,23,23,23,23,23,80,180
NO,挪威,其他,https://www.fluentpython.com/data/flags/no/no.gif,欧洲,NO,0,0,0,0,0,0,0,0,0,0,0,0,0,0,0,0,0,0,0,0,0,0,0,0,0,0,0,0,0,0,0,0,0,0,0,0,0,0,1,1,1,1,1,1,1,1,1,1,1,1,1,1,1,1,1,1,1,1,1,1,1,1,1,1,1,1,1,1,1,1,1,1,1,1,1,1,1,1,1,1,1,1,1,1,1,1,1,1,1,1,1,1,1,1,1,1,1,1,1,1,1,1,1,1,1,1,1,1,1,1,2,3,5,12,14,15,16,17,19,21,22,23,24,24,24,24,25,26,26,26,26,27,27,27,27,27,27,28,28,28,28,28,29,30,30,30,31,79,179
SE,瑞典,其他,https://www.fluentpython.com/data/flags/se/se.gif,欧洲,SE,0,0,0,0,0,0,0,0,0,0,0,0,0,0,0,0,0,0,0,0,0,0,0,0,0,0,0,0,0,0,0,0,0,0,0,0,0,0,0,0,0,0,0,0,0,0,0,0,0,0,0,0,0,0,0,0,0,0,0,0,0,0,0,0,0,0,0,0,0,0,0,0,0,0,0,0,0,0,0,0,0,0,0,0,0,0,0,0,0,0,0,0,0,0,0,0,0,0,0,0,0,0,0,0,0,0,0,0,0,0,1,1,2,8,10,11,12,12,14,15,16,17,18,19,20,20,20,20,21,21,21,21,21,21,22,22,22,23,23,23,23,23,23,23,23,24,26,79,179
RO,罗马尼亚,其他,https://www.fluentpython.com/data/flags/ro/ro.gif,欧洲,RO,0,0,0,0,0,0,0,0,0,0,0,0,0,0,0,0,0,0,0,0,0,0,0,0,0,0,0,0,0,0,0,0,0,0,0,0,0,0,0,0,0,0,0,0,0,0,0,0,0,0,0,0,0,0,0,0,0,0,0,0,0,0,0,0,0,0,0,0,0,0,0,0,0,0,0,0,0,0,0,0,0,0,0,0,0,0,0,0,0,0,0,0,0,0,0,0,0,0,0,0,0,0,0,0,0,0,0,0,0,0,0,0,1,4,5,5,5,5,6,7,7,7,7,7,7,7,7,7,7,7,7,7,7,7,7,7,7,8,8,8,8,8,8,8,8,9,10,78,178
AU,澳大利亚,其他,https://www.fluentpython.com/data/flags/au/au.gif,澳洲,AU,0,0,0,0,0,0,0,0,0,0,0,0,0,0,0,0,0,0,0,0,0,0,0,0,0,0,0,0,0,0,0,0,0,0,0,0,0,0,0,0,0,0,0,0,0,0,0,0,0,0,0,0,0,0,0,0,0,0,0,0,0,0,0,0,0,0,0,0,0,0,0,0,0,0,0,0,0,0,0,0,0,0,0,0,0,0,0,0,0,0,0,0,0,0,0,0,0,0,0,0,0,0,0,0,0,0,0,0,0,0,0,0,1,8,10,11,12,13,15,16,17,18,19,19,19,19,19,19,20,21,21,21,21,21,21,21,21,21,21,21,21,21,21,21,21,22,23,77,177
CI,科特迪瓦,其他,https://www.fluentpython.com/data/flags/ci/ci.gif,非洲,CI,0,0,0,0,0,0,0,0,0,0,0,0,0,0,0,0,0,0,0,0,0,0,0,0,0,0,0,0,0,0,0,0,0,0,0,0,0,0,0,0,0,0,0,0,0,0,0,0,0,0,0,0,0,0,0,0,0,0,0,0,0,0,0,0,0,0,0,0,0,0,0,0,0,0,0,0,0,0,0,0,0,0,0,0,0,0,0,0,0,0,0,0,0,0,0,0,0,0,0,0,0,0,0,0,0,0,0,0,0,0,0,0,6,15,18,18,18,18,18,21,21,21,21,21,21,21,21,21,21,21,21,21,21,21,21,23,23,23,25,25,25,25,25,25,25,25,25,77,177
CH,瑞士,其他,https://www.fluentpython.com/data/flags/ch/ch.gif,欧洲,CH,0,0,0,0,0,0,0,0,0,0,0,0,0,0,0,0,0,0,0,0,0,0,0,0,0,0,0,0,0,0,0,0,0,0,0,0,0,0,0,0,0,0,0,0,0,0,0,0,0,0,0,0,0,0,0,0,0,0,0,0,0,0,0,0,0,0,0,0,0,0,0,0,0,0,0,0,0,0,0,0,0,0,0,0,0,0,0,0,0,0,0,0,0,0,0,0,0,0,0,0,0,0,0,0,0,0,0,0,0,0,1,1,3,12,15,16,19,21,23,24,25,26,27,27,27,27,27,27,28,28,28,28,28,29,29,29,29,30,30,30,30,31,31,31,31,32,33,77,177
MZ,莫桑比克,其他,https://www.fluentpython.com/data/flags/mz/mz.gif,非洲,MZ,0,0,0,0,0,0,0,0,0,0,0,0,0,0,0,0,0,0,0,0,0,0,0,0,0,0,0,0,0,0,0,0,0,0,0,0,0,0,0,0,0,0,0,0,0,0,0,0,0,0,0,0,0,0,0,0,0,0,0,0,0,0,0,0,0,0,0,0,0,0,0,0,0,0,0,0,0,0,0,0,0,0,0,0,0,0,0,0,0,0,0,0,0,0,0,0,0,0,0,0,0,0,0,0,0,0,0,0,0,0,0,0,0,7,21,21,21,21,21,21,29,37,37,37,44,44,44,44,44,44,44,44,44,44,44,44,44,44,44,44,51,51,51,51,51,51,51,75,175
GT,瓜地马拉,其他,https://www.fluentpython.com/data/flags/gt/gt.gif,北美,GT,0,0,0,0,0,0,0,0,0,0,0,0,0,0,0,0,0,0,0,0,0,0,0,0,0,0,0,0,0,0,0,0,0,0,0,0,0,0,0,0,0,0,0,0,0,0,0,0,0,0,0,0,0,0,0,0,0,0,0,0,0,0,0,0,0,0,0,0,0,0,0,0,0,0,0,0,0,0,0,0,0,0,0,0,0,0,0,0,0,0,0,0,0,0,0,0,0,0,0,0,0,0,0,0,0,0,0,0,0,0,0,0,0,3,3,6,6,6,8,8,8,11,11,13,13,13,13,13,13,13,15,15,15,15,17,17,17,17,17,17,19,19,19,19,21,24,24,73,173
MW,马拉维,其他,https://www.fluentpython.com/data/flags/mw/mw.gif,非洲,MW,0,0,0,0,0,0,0,0,0,0,0,0,0,0,0,0,0,0,0,0,0,0,0,0,0,0,0,0,0,0,0,0,0,0,0,0,0,0,0,0,0,0,0,0,0,0,0,0,0,0,0,0,0,0,0,0,0,0,0,0,0,0,0,0,0,0,0,0,0,0,0,0,0,0,0,0,0,0,0,0,0,0,0,0,0,0,0,0,0,0,0,0,0,0,0,0,0,0,0,0,0,0,0,0,0,0,0,0,0,0,0,0,0,0,0,0,0,0,0,0,0,0,0,0,0,0,0,0,0,0,0,0,0,0,0,0,0,0,0,0,0,0,0,0,0,0,0,72,172
SS,南苏丹,其他,https://www.fluentpython.com/data/flags/ss/ss.gif,非洲,SS,0,0,0,0,0,0,0,0,0,0,0,0,0,0,0,0,0,0,0,0,0,0,0,0,0,0,0,0,0,0,0,0,0,0,0,0,0,0,0,0,0,0,0,0,0,0,0,0,0,0,0,0,0,0,0,0,0,0,0,0,0,0,0,0,0,0,0,0,0,0,0,0,0,0,0,0,0,0,0,0,0,0,0,0,0,0,0,0,0,0,0,0,0,0,0,0,0,0,0,0,0,72,72,72,72,72,72,72,72,72,72,72,72,72,72,72,72,72,72,72,72,72,72,72,72,72,72,72,72,72,72,72,72,72,72,72,72,72,72,72,72,72,72,72,72,72,72,72,172
ES,西班牙,其他,https://www.fluentpython.com/data/flags/es/es.gif,欧洲,ES,0,0,0,0,0,0,0,0,0,0,0,0,0,0,0,0,0,0,0,0,0,0,0,0,0,0,0,0,0,0,0,0,0,0,0,0,0,0,0,0,0,0,0,0,0,0,0,0,0,0,0,0,0,0,0,0,0,0,0,0,0,0,0,0,0,0,0,0,0,0,0,0,0,0,0,0,0,0,0,0,0,0,0,0,0,0,0,0,0,0,0,0,0,0,0,0,0,0,0,0,0,0,0,0,0,0,0,0,0,0,1,2,3,12,15,16,18,19,21,22,23,24,25,25,25,25,25,25,25,25,25,25,25,25,25,25,25,25,25,25,25,25,26,26,26,26,27,72,172
HU,匈牙利,其他,https://www.fluentpython.com/data/flags/hu/hu.gif,欧洲,HU,0,0,0,0,0,0,0,0,0,0,0,0,0,0,0,0,0,0,0,0,0,0,0,0,0,0,0,0,0,0,0,0,0,0,0,0,0,0,0,0,0,0,0,0,0,0,0,0,0,0,0,0,0,0,0,0,0,0,0,0,0,0,0,0,0,0,0,0,0,0,0,0,0,0,0,0,0,0,0,0,0,0,0,0,0,0,0,0,0,0,0,0,0,0,0,0,0,0,0,0,0,0,0,0,0,0,0,0,0,0,1,1,2,10,13,14,15,16,17,18,19,20,21,21,22,22,23,23,23,23,23,24,24,24,24,24,24,25,25,25,25,25,25,25,25,26,27,71,171
BR,巴西,其他,https://www.fluentpython.com/data/flags/br/br.gif,南美,BR,0,0,0,0,0,0,0,0,0,0,0,0,0,0,0,0,0,0,0,0,0,0,0,0,0,0,0,0,0,0,0,0,0,0,0,0,0,0,0,0,0,0,0,0,0,0,0,0,0,0,0,0,0,0,0,0,0,0,0,0,0,0,0,0,0,0,0,0,0,0,0,0,0,0,0,0,0,0,0,0,0,0,0,0,0,0,0,0,0,0,0,0,0,0,0,0,0,0,0,0,0,0,0,0,0,0,0,0,0,0,0,0,1,5,6,6,7,7,8,8,8,8,9,9,9,9,9,9,9,9,9,9,9,9,9,9,9,10,10,10,10,10,10,10,10,10,11,70,170
HT,海地,其他,https://www.fluentpython.com/data/flags/ht/ht.gif,北美,HT,0,0,0,0,0,0,0,0,0,0,0,0,0,0,0,0,0,0,0,0,0,0,0,0,0,0,0,0,0,0,0,0,0,0,0,0,0,0,0,0,0,0,0,0,0,0,0,0,0,0,0,0,0,0,0,0,0,0,0,0,0,0,0,0,0,0,0,0,0,0,0,0,0,0,0,0,0,0,0,0,0,0,0,0,0,0,0,0,0,0,0,0,0,0,0,0,0,0,0,0,0,0,0,0,0,0,0,0,0,0,0,0,0,11,11,11,11,11,11,11,11,11,11,11,11,11,11,11,11,11,11,11,11,11,11,11,11,17,17,17,17,17,17,17,17,17,17,70,170
FR,法国,其他,https://www.fluentpython.com/data/flags/fr/fr.gif,欧洲,FR,0,0,0,0,0,0,0,0,0,0,0,0,0,0,0,0,0,0,0,0,0,0,0,0,0,0,0,0,0,0,0,0,0,0,0,0,0,0,0,0,0,0,0,0,0,0,0,0,0,0,0,0,0,0,0,0,0,0,0,0,0,0,0,0,0,0,0,0,0,0,0,0,0,0,0,0,0,0,0,0,0,0,0,0,0,0,0,0,0,0,0,0,0,0,0,0,0,0,0,0,0,0,0,0,0,0,0,0,0,0,0,0,1,8,10,11,12,13,14,15,16,17,18,18,18,18,18,18,18,18,18,18,18,18,18,18,18,19,19,19,19,19,19,19,19,20,21,69,169
SN,塞内加尔,其他,https://www.fluentpython.com/data/flags/sn/sn.gif,非洲,SN,0,0,0,0,0,0,0,0,0,0,0,0,0,0,0,0,0,0,0,0,0,0,0,0,0,0,0,0,0,0,0,0,0,11,11,11,11,11,11,11,11,11,11,11,11,11,11,11,11,11,11,11,11,11,11,11,11,11,11,11,11,11,11,11,11,11,11,11,11,11,11,11,11,11,11,11,11,11,11,11,11,11,11,11,11,11,11,11,11,11,15,15,15,15,15,15,15,15,15,15,15,15,15,15,15,15,15,15,15,15,15,15,15,28,36,36,44,44,44,44,44,44,47,47,47,47,47,47,47,47,47,47,47,47,47,47,47,47,47,47,47,47,47,47,47,47,47,147,169
US,美国,其他,https://www.fluentpython.com/data/flags/us/us.gif,北美,US,0,0,0,0,0,0,0,0,0,0,0,0,0,0,0,0,0,0,0,0,0,0,0,0,0,0,0,0,0,0,0,0,0,0,0,0,0,0,0,0,0,0,0,0,0,0,0,0,0,0,0,0,0,0,0,0,0,0,0,0,0,0,0,0,0,0,0,0,0,0,0,0,0,0,0,0,0,0,0,0,0,0,0,0,0,0,0,0,0,0,0,0,0,0,0,0,0,0,0,0,0,0,0,0,0,0,0,0,0,0,0,0,1,5,7,8,9,9,12,14,17,19,20,21,21,21,21,21,21,21,21,21,21,21,21,21,21,21,21,21,21,21,21,21,21,21,22,69,169
NC,新喀里多尼亚,其他,,澳洲,NC,0,0,0,0,0,0,0,0,0,0,0,0,0,0,0,0,0,0,0,0,0,0,0,0,0,0,0,0,0,0,0,0,0,0,0,0,0,0,0,0,0,0,0,0,0,0,0,0,0,0,0,0,0,0,0,0,0,0,0,0,0,0,0,0,0,0,0,0,0,0,0,0,0,0,0,0,0,0,0,0,0,0,0,0,0,0,0,0,0,0,0,0,0,0,0,0,0,0,0,0,0,0,0,0,0,0,0,0,0,0,0,0,0,0,0,0,0,0,0,0,0,0,0,0,0,0,0,0,0,0,0,0,0,0,0,0,0,0,0,0,0,0,0,0,0,22,22,68,168
PG,巴布亚,其他,https://www.fluentpython.com/data/flags/pg/pg.gif,澳洲,PG,0,0,0,0,0,0,0,0,0,0,0,0,0,0,0,0,0,0,0,0,0,0,0,0,0,0,0,0,0,0,0,0,0,0,0,0,0,0,0,0,0,0,0,0,0,0,0,0,0,0,0,0,0,0,0,0,0,0,0,0,0,0,0,0,0,0,0,0,0,0,0,0,0,0,0,0,0,0,0,0,0,0,0,0,0,0,0,0,0,0,0,0,0,0,0,0,0,0,0,0,0,0,0,0,0,0,0,0,0,0,0,0,27,27,27,27,27,27,27,27,27,27,27,27,27,27,27,27,27,27,27,27,27,27,27,27,27,27,27,27,27,27,27,45,45,45,45,66,166
LC,圣路西亚,其他,https://www.fluentpython.com/data/flags/lc/lc.gif,北美,LC,0,0,0,0,0,0,0,0,0,0,0,0,0,0,0,0,0,0,0,0,0,0,0,0,0,0,0,0,0,0,0,0,0,0,0,0,0,0,0,0,0,0,0,0,0,0,0,0,0,0,0,0,0,0,0,0,0,0,0,0,0,0,0,0,0,0,0,0,0,0,0,0,0,0,0,0,0,0,0,0,0,0,0,0,0,0,0,0,0,0,0,0,0,0,0,0,0,0,0,0,0,0,0,0,0,0,0,0,0,0,0,0,0,0,0,0,0,0,0,0,0,0,0,0,0,0,0,0,0,0,0,0,0,0,0,0,0,0,0,0,0,0,0,0,0,0,0,100,166
SR,苏里南,其他,https://www.fluentpython.com/data/flags/sr/sr.gif,南美,SR,0,0,0,0,0,0,0,0,0,0,0,0,0,0,0,0,0,0,0,0,0,0,0,0,0,0,0,0,0,0,0,0,0,0,0,0,0,0,0,0,0,0,0,0,0,0,0,0,0,0,0,0,0,0,0,0,0,0,0,0,0,0,0,0,0,0,0,0,0,0,0,0,0,0,0,0,0,0,0,0,0,0,0,0,0,0,0,0,0,0,0,0,0,0,0,0,0,0,0,0,0,0,0,0,0,0,0,0,0,0,0,0,0,0,0,0,0,10,10,10,18,18,18,18,18,18,18,18,18,18,18,18,18,18,18,18,18,18,18,18,18,18,18,18,18,18,27,66,166
NZ,新西兰,其他,https://www.fluentpython.com/data/flags/nz/nz.gif,澳洲,NZ,0,0,0,0,0,0,0,0,0,0,0,0,0,0,0,0,0,0,0,0,0,0,0,0,0,0,0,0,0,1,1,1,1,1,1,1,2,2,2,2,2,2,2,2,2,2,2,2,2,2,2,2,2,2,2,2,2,2,2,2,2,2,2,2,2,2,2,2,2,2,2,2,2,2,2,2,2,2,2,2,2,2,2,2,2,2,2,2,2,2,2,2,2,2,2,2,2,2,2,2,2,2,2,2,2,2,2,2,2,2,2,2,2,6,8,8,9,9,11,13,14,15,16,17,18,18,18,19,19,20,20,20,20,20,21,21,21,22,22,22,22,22,23,24,24,24,25,65,165
ZW,津巴布韦,其他,https://www.fluentpython.com/data/flags/zw/zw.gif,非洲,ZW,0,0,0,0,0,0,0,0,0,0,0,0,0,0,0,0,0,0,0,0,0,0,0,0,0,0,0,0,0,0,0,0,0,0,0,0,0,0,0,0,0,0,0,0,0,0,0,0,0,0,0,0,0,0,0,0,0,0,0,0,0,0,0,0,0,0,0,0,0,0,0,0,0,0,0,0,0,0,0,0,0,0,0,0,0,0,0,0,0,0,0,0,0,0,0,0,0,0,0,0,0,0,0,0,0,0,0,0,0,0,0,0,0,0,0,0,0,0,0,0,0,0,5,15,15,15,15,15,15,15,15,15,15,15,15,15,15,15,15,15,15,15,15,15,15,15,15,65,165
IN,印度,其他,https://www.fluentpython.com/data/flags/in/in.gif,亚洲,IN,0,0,0,0,0,0,0,0,0,0,0,0,0,0,0,0,0,0,0,0,0,0,0,0,0,0,0,0,0,0,0,0,0,0,0,0,0,0,0,0,0,0,0,0,0,0,0,0,0,0,0,0,0,0,0,0,0,0,0,0,0,0,0,0,0,0,0,0,0,0,0,0,0,0,0,0,0,0,0,0,0,0,0,0,0,0,0,0,0,0,0,0,0,0,0,0,0,0,0,0,0,0,0,0,0,0,0,0,0,0,0,0,0,2,3,3,3,3,4,5,5,6,6,6,6,6,6,6,6,6,6,6,6,6,6,6,6,6,6,6,6,6,6,6,6,6,6,64,164
CA,加拿大,其他,https://www.fluentpython.com/data/flags/ca/ca.gif,北美,CA,0,0,0,0,0,0,0,0,0,0,0,0,0,0,0,0,0,0,0,0,0,0,0,0,0,0,0,0,0,0,0,0,0,0,0,0,0,0,0,0,0,0,0,0,0,0,0,0,0,0,0,0,0,0,0,0,0,0,0,0,0,0,0,0,0,0,0,0,0,0,0,0,0,0,0,0,0,0,0,0,0,0,0,0,0,0,0,0,0,0,0,0,0,0,0,0,0,0,0,0,0,0,0,0,0,0,0,0,0,0,0,0,1,8,10,11,13,14,16,17,18,19,20,21,21,21,21,21,21,21,21,22,22,22,22,22,22,22,22,22,22,22,22,22,22,22,23,63,163
JM,牙买加,其他,https://www.fluentpython.com/data/flags/jm/jm.gif,北美,JM,0,0,0,0,0,0,0,0,0,0,0,0,0,0,0,0,0,0,0,0,0,0,0,0,0,0,0,0,0,0,0,0,0,0,0,0,0,0,0,0,0,0,0,0,0,0,0,0,0,0,0,0,0,0,0,0,0,0,0,0,0,0,0,0,0,0,0,0,0,0,0,0,0,0,0,0,0,0,0,0,0,0,0,0,0,0,0,0,0,0,0,0,0,0,0,0,0,0,0,0,0,0,0,0,0,0,0,0,0,0,0,0,0,6,6,6,6,6,12,12,17,17,17,17,22,22,22,22,22,22,22,22,22,22,22,22,26,26,26,26,26,26,26,26,26,26,26,61,161
GW,几内亚比绍,其他,https://www.fluentpython.com/data/flags/gw/gw.gif,非洲,GW,0,0,0,0,0,0,0,0,0,0,0,0,0,0,0,0,0,0,0,0,0,0,0,0,0,0,0,0,0,0,0,0,0,0,0,0,0,0,0,0,0,0,0,0,0,0,0,0,0,0,0,0,0,0,0,0,0,0,0,0,0,0,0,0,0,0,0,0,0,0,0,0,0,0,0,0,0,0,0,0,0,0,0,0,0,0,0,0,0,0,0,0,0,0,0,0,0,0,0,0,0,0,0,0,0,0,0,0,0,0,0,0,0,0,0,0,0,0,0,0,0,0,0,0,0,0,0,0,0,0,0,0,0,0,0,0,0,0,0,0,0,0,0,0,0,0,0,58,158
TT,特里尼达和多巴哥,其他,https://www.fluentpython.com/data/flags/tt/tt.gif,北美,TT,0,0,0,0,0,0,0,0,0,0,0,0,0,0,0,0,0,0,0,0,0,0,0,0,0,0,0,0,0,0,0,0,0,0,0,0,0,0,0,0,0,0,0,0,0,0,0,0,0,0,0,0,0,0,0,0,0,0,0,0,0,0,0,0,0,0,0,0,0,0,0,0,0,0,0,0,0,0,0,0,5,5,5,5,5,5,5,5,5,5,5,5,5,5,5,5,5,5,5,5,5,5,5,5,5,5,5,5,5,5,5,5,5,5,5,5,5,5,9,9,9,9,13,13,13,13,13,16,16,19,19,19,19,19,19,19,19,19,19,19,19,19,19,19,19,19,19,58,158
CF,中非,其他,https://www.fluentpython.com/data/flags/cf/cf.gif,非洲,CF,0,0,0,0,0,0,0,0,0,0,0,0,0,0,0,0,0,0,0,0,0,0,0,0,0,0,0,0,0,0,0,0,0,0,0,0,0,0,0,0,0,0,0,0,0,0,0,0,0,0,0,0,0,0,0,0,0,0,0,0,0,0,0,0,0,0,0,0,0,0,0,0,0,0,0,0,0,0,0,0,0,0,0,0,0,0,0,0,0,0,0,0,0,0,0,0,0,0,0,0,0,0,0,0,0,0,0,0,0,0,0,0,0,0,0,0,0,0,0,0,0,0,0,0,0,0,0,0,0,0,0,0,0,0,0,0,0,0,0,0,0,0,0,0,0,0,0,100,156
GN,几内亚,其他,https://www.fluentpython.com/data/flags/gn/gn.gif,非洲,GN,0,0,0,0,0,0,0,0,0,0,0,0,0,0,0,0,0,0,0,0,0,0,0,0,0,0,0,0,0,0,0,0,0,0,0,0,0,0,0,0,0,0,0,0,0,0,0,0,0,0,0,0,0,0,0,0,0,0,0,0,0,0,0,0,0,0,0,0,0,0,0,0,0,0,0,0,0,0,0,0,0,0,0,0,0,0,0,0,0,0,0,0,0,0,0,0,0,0,0,0,0,0,0,0,0,0,0,0,0,0,0,0,0,13,13,13,13,13,25,25,25,25,25,25,25,25,25,25,25,25,25,25,25,25,25,25,25,25,25,25,25,35,35,35,35,44,44,56,156
IT,意大利,其他,https://www.fluentpython.com/data/flags/it/it.gif,欧洲,IT,0,0,0,0,0,0,0,0,0,0,0,0,0,0,0,0,0,0,0,0,0,0,0,0,0,0,0,0,0,0,0,0,0,0,0,0,0,0,0,0,0,0,0,0,0,0,0,0,0,0,0,0,0,0,0,0,0,0,0,0,0,0,0,0,0,0,0,0,0,0,0,0,0,0,0,0,0,0,0,0,0,0,0,0,0,0,0,0,0,0,0,0,0,0,0,0,0,0,0,0,0,0,0,0,0,0,0,0,0,0,0,0,1,6,8,9,10,11,12,13,13,14,15,15,15,15,15,15,15,15,15,15,15,15,15,15,15,15,15,15,15,15,15,15,15,15,16,56,156
GB,英国,其他,https://www.fluentpython.com/data/flags/gb/gb.gif,欧洲,GB,0,0,0,0,0,0,0,0,0,0,0,0,0,0,0,0,0,0,0,0,0,0,0,0,0,0,0,0,0,0,0,0,0,0,0,0,0,0,0,0,0,0,0,0,0,0,0,0,0,0,0,0,0,0,0,0,0,0,0,0,0,0,0,0,0,0,0,0,0,0,0,0,0,0,0,0,0,0,0,0,0,0,0,0,0,0,0,0,0,0,0,0,0,0,0,0,0,0,0,0,0,0,0,0,0,0,0,0,0,0,0,0,1,6,8,9,10,10,11,12,13,14,15,15,15,15,15,15,15,15,15,15,15,15,15,15,15,15,15,15,15,15,15,15,15,15,16,55,155
TD,乍得,其他,https://www.fluentpython.com/data/flags/td/td.gif,非洲,TD,0,0,0,0,0,0,0,0,0,0,0,0,0,0,0,0,0,0,0,0,0,0,0,0,0,0,0,0,0,0,0,0,0,0,0,0,0,0,0,0,0,0,0,0,0,0,0,0,0,0,0,0,0,0,0,0,0,0,0,0,0,0,0,0,0,0,0,0,0,0,0,0,0,0,0,0,0,0,0,0,0,0,0,0,0,0,0,0,0,0,0,0,0,0,0,0,0,0,0,0,0,0,0,0,0,0,0,0,0,0,0,0,0,0,0,0,0,0,0,0,0,0,0,0,0,0,0,0,0,0,0,0,0,0,0,29,29,29,29,29,29,29,29,29,29,29,29,129,154
TW,中国台湾省,其他,https://www.fluentpython.com/data/flags/tw/tw.gif,亚洲,TW,0,0,0,0,0,0,0,0,0,0,0,0,0,0,0,0,0,0,0,0,0,0,0,0,0,0,0,0,0,0,0,0,0,0,0,0,0,0,0,0,0,0,0,0,0,0,0,0,0,0,0,0,0,0,0,0,0,0,0,0,0,0,0,0,0,0,0,0,0,0,0,0,0,0,0,0,0,0,0,0,0,0,0,0,0,0,0,0,0,0,0,0,0,0,0,0,0,0,0,0,0,0,0,0,0,0,0,0,0,0,0,0,0,3,4,5,5,5,6,6,6,6,7,7,7,7,7,7,7,7,7,7,7,7,7,7,7,8,8,8,8,8,8,8,8,9,10,54,154
BI,布隆迪,其他,https://www.fluentpython.com/data/flags/bi/bi.gif,非洲,BI,0,0,0,0,0,0,0,0,0,0,0,0,0,0,0,0,0,0,0,0,0,0,0,0,0,0,0,0,0,0,0,0,0,0,0,0,0,0,0,0,0,0,0,0,0,0,0,0,0,0,0,0,0,0,0,0,0,0,0,0,0,0,0,0,0,0,0,0,0,0,0,0,0,0,0,0,0,0,0,0,0,0,0,0,0,0,0,0,0,0,0,0,0,0,0,0,0,0,0,0,0,0,0,0,0,0,0,0,0,0,0,0,0,0,0,0,0,0,0,0,0,0,0,0,0,0,0,0,0,0,0,0,0,0,0,0,0,0,0,0,0,0,0,0,0,0,0,100,153
ZA,南非,其他,https://www.fluentpython.com/data/flags/za/za.gif,非洲,ZA,0,0,0,0,0,0,0,0,0,0,0,0,0,0,0,0,0,0,0,0,0,0,0,0,0,0,0,0,0,0,0,0,0,0,1,1,1,1,1,1,1,1,1,1,2,2,2,2,2,2,2,2,2,2,2,2,2,2,2,2,2,2,2,2,2,2,2,2,2,2,2,2,2,2,2,2,2,2,2,2,2,2,2,2,2,2,2,2,2,2,2,2,2,2,2,2,2,2,2,2,2,2,2,2,2,2,2,2,2,2,2,2,2,8,9,10,11,11,13,13,14,15,15,15,15,15,15,15,15,15,15,15,15,15,15,15,15,15,15,15,15,15,15,15,16,16,17,53,153
NI,尼加拉瓜,其他,https://www.fluentpython.com/data/flags/ni/ni.gif,北美,NI,0,0,0,0,0,0,0,0,0,0,0,0,0,0,0,0,0,0,0,0,0,0,0,0,0,0,0,0,0,0,0,0,0,0,0,0,0,0,0,0,0,0,0,0,0,0,0,0,0,0,0,0,0,0,0,0,0,0,0,0,0,0,0,0,0,0,0,0,0,0,0,0,0,0,0,0,0,0,0,0,0,0,0,0,0,0,0,0,0,0,0,0,0,0,0,0,0,0,0,0,0,0,0,0,0,0,0,0,0,0,0,0,0,0,0,0,4,4,4,4,4,8,8,8,8,8,8,8,8,8,8,8,8,8,8,8,8,8,8,8,8,8,8,8,8,8,11,52,152
BW,博兹瓦那,其他,https://www.fluentpython.com/data/flags/bw/bw.gif,非洲,BW,0,0,0,0,0,0,0,0,0,0,0,0,0,0,0,0,0,0,0,0,0,0,0,0,0,0,0,0,0,0,0,0,0,0,0,0,0,0,0,0,0,0,0,0,0,0,0,0,0,0,0,0,0,0,0,0,0,0,0,0,0,0,0,0,0,0,0,0,0,0,0,0,0,0,0,0,0,0,0,0,0,0,0,0,0,0,0,0,0,0,0,0,0,0,0,0,0,0,0,0,0,0,0,0,0,0,0,0,0,0,0,0,0,24,24,24,24,24,24,24,24,24,24,24,24,24,24,24,24,24,24,24,24,24,24,24,24,24,24,24,24,24,24,24,24,24,24,50,150
UG,乌干达,其他,https://www.fluentpython.com/data/flags/ug/ug.gif,非洲,UG,0,0,0,0,0,0,0,0,0,0,0,0,0,0,0,0,0,0,0,0,0,0,0,0,0,0,0,0,0,0,0,0,0,0,0,0,0,0,0,0,0,0,0,0,0,0,0,0,0,0,0,0,0,0,0,0,0,0,0,0,0,0,0,0,0,0,0,0,0,0,0,0,0,0,0,0,0,0,0,0,0,0,0,0,0,0,0,0,0,0,0,0,0,0,0,0,0,0,0,0,0,0,0,0,0,0,0,0,0,0,3,3,3,6,9,9,9,11,13,13,13,15,19,19,21,25,25,27,27,27,27,27,27,27,27,27,28,30,30,32,32,33,33,33,33,33,33,44,144
NA,纳米比亚,其他,https://www.fluentpython.com/data/flags/na/na.gif,非洲,NA,0,0,0,0,0,0,0,0,0,0,0,0,0,0,0,0,0,0,0,0,0,0,0,0,0,0,0,0,0,0,0,0,0,0,0,0,0,0,0,0,0,0,0,0,0,0,0,0,0,0,0,0,0,0,0,0,0,0,0,0,0,0,0,0,0,0,0,0,0,0,0,0,0,0,0,0,0,0,0,0,0,0,0,0,0,0,0,0,0,0,0,0,0,0,0,0,0,0,0,0,0,0,0,0,0,0,0,0,0,0,0,0,0,9,9,18,18,18,18,18,18,18,18,18,18,18,18,18,18,18,18,24,24,24,24,24,24,24,24,24,24,24,24,24,24,24,24,40,140
LR,利比里亚,其他,https://www.fluentpython.com/data/flags/lr/lr.gif,非洲,LR,0,0,0,0,0,0,0,0,0,0,0,0,0,0,0,0,0,0,0,0,0,0,0,0,0,0,0,0,0,0,0,0,0,0,0,0,0,0,0,0,0,0,0,0,0,0,0,0,0,0,0,0,0,0,0,0,0,0,0,0,0,0,0,0,0,0,0,0,0,0,0,0,0,0,0,0,0,0,0,0,0,0,0,0,0,0,0,0,0,0,0,0,0,0,0,0,0,0,0,0,0,0,0,0,0,0,0,0,0,0,0,0,0,0,0,0,0,0,0,0,0,0,0,0,0,0,0,0,21,21,21,21,21,21,21,21,21,21,21,21,21,21,21,21,21,21,21,37,137
BZ,伯利兹,其他,https://www.fluentpython.com/data/flags/bz/bz.gif,北美,BZ,0,0,0,0,0,0,0,0,0,0,0,0,0,0,0,0,0,0,0,0,0,0,0,0,0,0,0,0,0,0,0,0,0,0,0,0,0,0,0,0,0,0,0,0,0,0,0,0,0,0,0,0,0,0,0,0,0,0,0,0,0,0,0,0,0,0,0,0,0,0,0,0,0,0,0,0,0,0,0,0,0,0,0,0,0,0,0,0,0,0,0,0,0,0,0,0,0,0,0,0,0,0,0,0,0,0,0,0,0,0,0,0,0,0,0,0,0,0,15,15,15,15,15,15,15,15,15,15,15,15,15,15,15,15,15,15,15,15,15,15,15,15,15,15,15,15,15,26,126
LS,莱索托,其他,https://www.fluentpython.com/data/flags/ls/ls.gif,非洲,LS,0,0,0,0,0,0,0,0,0,0,0,0,0,0,0,0,0,0,0,0,0,0,0,0,0,0,0,0,0,0,0,0,0,0,0,0,0,0,0,0,0,0,0,0,0,0,0,0,0,0,0,0,0,0,0,0,0,0,0,0,0,0,0,0,0,0,0,0,0,0,0,0,0,0,0,0,0,0,0,0,0,0,0,0,0,0,0,0,0,0,0,0,0,0,0,0,0,0,0,0,0,0,0,0,0,0,0,0,0,0,0,0,0,0,0,0,0,0,0,0,0,0,0,0,0,0,0,0,0,0,0,0,0,0,0,0,0,0,0,0,0,0,0,0,0,0,0,25,125
SZ,斯威士兰,其他,https://www.fluentpython.com/data/flags/sz/sz.gif,非洲,SZ,0,0,0,0,0,0,0,0,0,0,0,0,0,0,0,0,0,0,0,0,0,0,0,0,0,0,0,0,0,0,0,0,0,0,0,0,0,0,0,0,0,0,0,0,0,0,0,0,0,0,0,0,0,0,0,0,0,0,0,0,0,0,0,0,0,0,0,0,0,0,0,0,0,0,0,0,0,0,0,0,0,0,0,0,0,0,0,0,0,0,0,0,0,0,0,0,0,0,0,0,0,0,0,0,0,0,0,0,0,0,0,0,0,0,0,0,0,0,0,0,0,0,0,0,0,0,0,0,0,0,0,0,0,0,0,0,0,0,0,0,0,0,0,0,0,0,0,0,100
GD,格林纳达,其他,https://www.fluentpython.com/data/flags/gd/gd.gif,北美,GD,0,0,0,0,0,0,0,0,0,0,0,0,0,0,0,0,0,0,0,0,0,0,0,0,0,0,0,0,0,0,0,0,0,0,0,0,0,0,0,0,0,0,0,0,0,0,0,0,0,0,0,0,0,0,0,0,0,0,0,0,0,0,0,0,0,0,0,0,0,0,0,0,0,0,0,0,0,0,0,0,0,0,0,0,0,0,0,0,0,0,0,0,0,0,0,0,0,0,0,0,0,0,0,0,0,0,0,0,0,0,0,0,0,0,0,0,0,0,0,0,0,0,0,0,0,0,0,0,0,0,0,0,0,0,0,0,0,0,0,0,0,0,0,0,0,0,0,100,100
SB,所罗门群岛,其他,https://www.fluentpython.com/data/flags/sb/sb.gif,澳洲,SB,0,0,0,0,0,0,0,0,0,0,0,0,0,0,0,0,0,0,0,0,0,0,0,0,0,0,0,0,0,0,0,0,0,0,0,0,0,0,0,0,0,0,0,0,0,0,0,0,0,0,0,0,0,0,0,0,0,0,0,0,0,0,0,0,0,0,0,0,0,0,0,0,0,0,0,0,0,0,0,0,0,0,0,0,0,0,0,0,0,0,0,0,0,0,0,0,0,0,0,0,0,0,0,0,0,0,0,0,0,0,0,0,0,0,0,0,0,0,0,0,0,0,0,0,0,0,0,0,0,0,0,0,0,0,0,0,0,0,0,0,0,0,0,0,0,0,0,100,100
VC,圣文森特和格林纳丁斯,其他,https://www.fluentpython.com/data/flags/vc/vc.gif,北美,VC,0,0,0,0,0,0,0,0,0,0,0,0,0,0,0,0,0,0,0,0,0,0,0,0,0,0,0,0,0,0,0,0,0,0,0,0,0,0,0,0,0,0,0,0,0,0,0,0,0,0,0,0,0,0,0,0,0,0,0,0,0,0,0,0,0,0,0,0,0,0,0,0,0,0,0,0,0,0,0,0,0,0,0,0,0,0,0,0,0,0,0,0,0,0,0,0,0,0,0,0,0,0,0,0,0,0,0,0,0,0,0,0,0,0,0,0,0,0,0,0,0,0,0,0,0,0,0,0,0,0,0,0,0,0,0,0,0,0,0,0,0,0,0,0,0,0,0,100,100
TO,汤加,其他,https://www.fluentpython.com/data/flags/to/to.gif,澳洲,TO,0,0,0,0,0,0,0,0,0,0,0,0,0,0,0,0,0,0,0,0,0,0,0,0,0,0,0,0,0,0,0,0,0,0,0,0,0,0,0,0,0,0,0,0,0,0,0,0,0,0,0,0,0,0,0,0,0,0,0,0,0,0,0,0,0,0,0,0,0,0,0,0,0,0,0,0,0,0,0,0,0,0,0,0,0,0,0,0,0,0,0,0,0,0,0,0,0,0,0,0,0,0,0,0,0,0,0,0,0,0,0,0,0,0,0,0,0,0,0,0,0,0,0,0,0,0,0,0,0,0,0,0,0,0,0,0,0,0,0,0,0,0,0,0,0,0,0,100,100
