label,,大洲：,别名,label,artist_names,params,img,周播放冠军次数：,上榜周数,,2019-02-07,2019-02-14,2019-02-21,2019-02-28,2019-03-07,2019-03-14,2019-03-28,2019-04-04,2019-04-11,2019-04-18,2019-04-25,2019-05-02,2019-05-09,2019-05-16,2019-05-23,2019-05-30,2019-06-06,2019-06-13,2019-06-20,2019-06-27,2019-07-04,2019-07-11,2019-07-18,2019-07-25,2019-08-01,2019-08-08,2019-08-15,2019-08-22,2019-08-29,2019-09-05,2019-09-12,2019-09-19,2019-09-26,2019-10-03,2019-10-10,2019-10-17,2019-10-24,2019-10-31,2019-11-07,2019-11-14,2019-11-21,2019-11-28,2019-12-05,2019-12-12,2019-12-19,2019-12-26,2020-01-02,2020-01-09,2020-01-16,2020-01-23,2020-01-30,2020-02-06,2020-02-13,2020-02-20,2020-02-27,2020-03-05,2020-03-12,2020-03-19,2020-03-26,2020-04-02,2020-04-09,2020-04-16,2020-04-23,2020-04-30,2020-05-07,2020-05-14,2020-05-21,2020-05-28,2020-06-04,2020-06-11,2020-06-18,2020-06-25,2020-07-02,2020-07-09,2020-07-16,2020-07-23,2020-07-30,2020-08-06,2020-08-13,2020-08-20,2020-08-27,2020-09-03,2020-09-10,2020-09-17,2020-09-24,2020-10-01,2020-10-08,2020-10-15,2020-10-22,2020-10-29,2020-11-05,2020-11-12,2020-11-19,2020-11-26,2020-12-03,2020-12-10,2020-12-17,2020-12-24,2020-12-31,2021-01-07,2021-01-14,2021-01-21,2021-01-28,2021-02-04,2021-02-11,2021-02-18,2021-02-25,2021-03-04,2021-03-11,2021-03-18,2021-03-25,2021-04-01,2021-04-08,2021-04-15,2021-04-22,2021-04-29,2021-05-06,2021-05-13,2021-05-20,2021-05-27,2021-06-03,2021-06-10,2021-06-17,2021-06-24,2021-07-01,2021-07-08,2021-07-15,2021-07-22,2021-07-29,2021-08-05,2021-08-12,2021-08-19,2021-08-26,2021-09-02,2021-09-09,2021-09-16,2021-09-23,2021-09-30,2021-10-07,2021-10-14,2021-10-21,2021-10-28,2021-11-04,2021-11-11,2021-11-18,2021-11-25,2021-12-02,2021-12-09,2021-12-16,2021-12-23,2021-12-30,2022-01-06,2022-01-13,2022-01-20,2022-01-27,2022-02-03,2022-02-10,2022-02-17,2022-02-24,2022-03-03,2022-03-10,2022-03-17
Stephane Legar(pop),pop,未知,Stephane Legar,/g/11gdzbggh4,Stephane Legar,chart_params_type=WEEK&perspective=CHART&flags=viral_video_chart&selected_chart=TRACKS&chart_params_id=weekly:20190201:20190207:il,https://i.ytimg.com/vi/9MqHffbgpD4/default.jpg,0,162,160+,2796561,5172531,7593018,9842984,11765156,13313534,14841626,16519602,18353894,20154623,21737869,22700314,23665431,24520655,25445804,26283323,27071357,27916683,29359898,30505112,31469371,32332188,33188244,34119099,34901033,35620902,36405245,37216993,38000417,38570234,39110989,40045831,40692580,41910572,42927635,44205586,45240324,46096766,46912055,47696789,48425487,49114239,50036287,51194176,52279400,53518523,54815511,56043995,57245949,58350882,59363524,60429965,61498016,62634909,63724095,64759026,65833052,67033925,68366474,69635874,70743885,71769305,72806696,73775786,74685895,75538016,76301312,77068259,77689265,78328571,78980711,79984736,81510123,82230028,82916885,83560828,84127312,84747953,85433739,86148542,86808603,87365035,87863828,88416279,89104879,89724386,90442726,91092747,91661247,92172306,92621578,93046731,93470816,93887450,94286877,94693926,95134172,95527725,95942980,96409179,96930374,97466766,97982756,98530764,99050442,99560321,100011276,100450123,100892997,101326172,101809890,102268207,102643152,102983111,103478005,104036037,104564911,105037119,105471252,105863464,106264750,106652084,107024668,107389632,107776251,108741710,109520141,110256192,110981001,111756922,112483111,113210035,113953341,114601403,115167184,115609973,116154724,116627633,117018912,117421379,117792087,118134635,118476579,118813373,119178474,119493277,119825753,120154615,120453964,120756237,121045093,121376718,121828428,122243695,122625355,122978299,123311940,123624249,123922812,124197012,124468462,124778439
A妹(pop),pop,北美,A妹,/m/09gkdy4,Ariana Grande,chart_params_type=WEEK&perspective=CHART&flags=viral_video_chart&selected_chart=TRACKS&chart_params_id=weekly:20190201:20190207:il,https://i.ytimg.com/vi/B6_iQvaIjXw/default.jpg,0,162,160+,1343467,2345337,3922871,5528204,7080955,8425315,9733881,10991219,12275180,13513765,14586957,15405402,16197889,16934663,17646139,18297954,18956457,19583522,20187422,20746939,21299658,21843674,22400515,22900563,23402636,24183808,24817022,25411558,26013136,26539292,27093654,28064652,28763913,29367405,29876878,30439350,30971040,31484346,32043117,32598073,33109434,33597477,34084916,34559839,35032740,35582496,36071768,36525147,36974470,37407955,37833409,38289285,38727970,39155293,39564356,39956077,40345978,40755858,41172866,41603476,42022672,42431102,42859088,43261353,43701188,44375483,44889399,45681363,46272344,46855952,47397052,47931112,48456317,48955485,49453992,49942679,50424663,50945478,51467054,51978128,52455316,52928405,53396746,53870853,54337632,54747788,55203651,55669284,56160006,57012819,58005849,58792021,59740380,60688304,61547690,62393562,63237895,64079556,64965924,65821763,66644184,67486345,68276151,69070775,69881208,70759470,71585315,72365245,73106629,73817441,74543216,75145627,75737708,76318027,76872222,77796153,78632642,79277110,79754463,80247510,80748405,81215643,81655813,82109567,82543381,82975696,83408020,83875849,84333077,84751024,85206369,85638293,86047758,86427054,86783867,87114377,87499111,87867018,88215163,88579849,88954812,89306240,89665000,90020606,90366107,90683921,91022093,91370616,91710957,92046205,92411213,92748214,93085289,93415295,93738585,94061340,94394713,94720427,95043070,95354140,95668816,95983254
铁桶(edm),edm,北美,铁桶,/g/11cp7gjh1b,Marshmello,chart_params_type=WEEK&perspective=CHART&flags=viral_video_chart&selected_chart=TRACKS&chart_params_id=weekly:20190201:20190207:il,https://i.ytimg.com/vi/m7Bc3pLyij0/default.jpg,0,115,110+,1252915,2320108,3216007,3981584,4663855,5354977,6081029,6769759,7478887,8146240,8748728,9241265,9757006,10178823,10612731,11037526,11434680,11831205,12269316,12705257,13170735,13632350,14061944,14480128,14928351,15397719,15820578,16335323,16834900,17216778,17550890,17903093,18246586,18624581,18950625,19374750,19771002,20097829,20418630,20760145,21083688,21388992,21691462,21992105,22274901,22578424,22848565,23125542,23409456,23705298,23992192,24267111,24549755,24840301,25121135,25416634,25755050,26147441,26538545,26963430,27395965,27748418,28078371,28402876,28777363,29169590,29521992,29880721,30175708,30503333,30842111,31205982,31630567,32075150,32590722,33060380,33439352,33855218,34266198,34649822,34979842,35287001,35581432,35913327,36256331,36585795,36960745,37337464,37696315,38062295,38386636,38706363,39023412,39330888,39619870,39619870,39619870,39619870,39619870,39619870,39947283,40268722,40580941,40908032,41224958,41525139,41815331,42113626,42402915,42402915,42402915,42680287,42680287,42680287,42680287,42680287,42680287,42680287,42680287,42680287,42972399,43253127,43532621,43532621,43532621,43532621,43763658,44018742,44275759,44525969,44791738,45073257,45337686,45337686,45337686,45337686,45337686,45337686,45337686,45337686,45337686,45337686,45337686,45337686,45337686,45337686,45337686,45337686,45337686,45337686,45337686,45337686,45337686,45337686,45337686,45337686,45337686,45337686,45337686,45337686,45337686,45337686
הפרויקט של עידן רייכל(pop),pop,未知,הפרויקט של עידן רייכל,/m/0_y70vr,הפרויקט של עידן רייכל,chart_params_type=WEEK&perspective=CHART&flags=viral_video_chart&selected_chart=TRACKS&chart_params_id=weekly:20190201:20190207:il,https://encrypted-tbn0.gstatic.com/images?q=tbn:ANd9GcRpSAIvw3bBynfijsVgItIoOLbHVPkDdXCVcQ&usqp=CAU,0,67,60+,1008197,2008412,2933772,3799734,4707373,5455079,6069729,6725267,7381291,8112053,8790592,9455087,10123232,10796164,11460365,12155466,12712611,13216376,13798003,14496714,15114171,15745793,16385492,16962756,17508601,18030637,18623517,19276883,19908089,20578814,21268085,21871988,22556076,23129949,23639177,24189648,24726616,25323393,25894189,26441906,27009208,27540265,28019968,28495589,28995573,29493859,29955825,30420316,30906106,31421657,32379730,33221160,34089189,35055349,35875836,36596897,37477017,38405609,39448964,40695367,41886059,42791949,43613901,44607049,45550211,46490500,47404010,47404010,47404010,47404010,47404010,47404010,47404010,47404010,47404010,47404010,47404010,47404010,47404010,47404010,47404010,47404010,47404010,47404010,47404010,47404010,47404010,47404010,47404010,47404010,47404010,47404010,47404010,47404010,47404010,47404010,47404010,47404010,47404010,47404010,47404010,47404010,47404010,47404010,47404010,47404010,47404010,47404010,47404010,47404010,47404010,47404010,47404010,47404010,47404010,47404010,47404010,47404010,47404010,47404010,47404010,47404010,47404010,47404010,47404010,47404010,47404010,47404010,47404010,47404010,47404010,47404010,47404010,47404010,47404010,47404010,47404010,47404010,47404010,47404010,47404010,47404010,47404010,47404010,47404010,47404010,47404010,47404010,47404010,47404010,47404010,47404010,47404010,47404010,47404010,47404010,47404010,47404010,47404010,47404010,47404010,47404010
Idan Amedi(pop),pop,未知,Idan Amedi,/m/0vsy7t0,Idan Amedi,chart_params_type=WEEK&perspective=CHART&flags=viral_video_chart&selected_chart=TRACKS&chart_params_id=weekly:20190201:20190207:il,https://i.ytimg.com/vi/_HFQEZt77KU/default.jpg,0,162,160+,764489,1486971,2057704,2646708,3406660,3984748,4538187,5079030,5612103,6208500,6648844,7069609,7627876,8046847,8460925,8927804,9398907,9808544,10590929,11546595,12315300,13018206,13633624,14182249,14721367,15207876,15826867,16467552,17125077,17782484,18414293,18980746,19538107,20082717,20592869,21121680,21609680,22126372,22631099,23092241,23581129,24049521,24460034,25014326,25710420,26354270,26953827,27518183,28089294,28658704,29207295,29762416,30451401,31370036,32190893,32971460,33699386,34409739,35194609,35982472,36781300,37430075,38063917,38952286,39608030,40195395,40953151,41763474,42407696,43064089,43689345,44320820,44939680,45546905,46106712,46663519,47198883,47902866,48669204,49365572,50047390,50675710,51327621,52152601,53123418,53893614,54652848,55363136,56101268,56814906,57481303,58148001,58864453,59592510,60343085,61074871,61771241,62463582,63167693,63847593,64480248,65086479,65674429,66580719,67479306,68236467,68956533,69659205,70446320,71218728,72108508,72816313,73482445,74344268,75013808,75703906,76364321,76930977,77486392,78267641,79011178,79758314,80444323,81105105,81709305,82262783,82775426,83320170,83876359,84562594,85323385,86032676,86768333,87606669,88466391,89271468,90098870,90761362,91483021,92261281,92946073,93657741,94403648,95081813,95751053,96404839,97084198,97709781,98353890,98939303,99500245,100056051,100655413,101215796,101758746,102327471,102934280,103537763,104099836,104622647,105148750,105653912
Static & Ben El Tavori(pop),pop,未知,Static & Ben El Tavori,/g/11bx1z85dk,Static & Ben El Tavori,chart_params_type=WEEK&perspective=CHART&flags=viral_video_chart&selected_chart=TRACKS&chart_params_id=weekly:20190201:20190207:il,https://encrypted-tbn0.gstatic.com/images?q=tbn:ANd9GcRpSAIvw3bBynfijsVgItIoOLbHVPkDdXCVcQ&usqp=CAU,0,29,20+,746749,1491272,2015343,2380942,2969056,3267199,3545267,3824060,4137655,4483229,4833534,5046654,5046654,5046654,5046654,5046654,5046654,5046654,5046654,5046654,5046654,5046654,5046654,5276122,5534715,5753375,6136583,6535637,6905853,7179106,7427370,7683549,7683549,7967393,8966364,9759509,10354941,10354941,10354941,10354941,10354941,10354941,10354941,10354941,10354941,10354941,10354941,10354941,10354941,10354941,10354941,10354941,10354941,10690987,10690987,10690987,12268925,13910014,15653139,15653139,15653139,15653139,15653139,15653139,15653139,15653139,15653139,15653139,15653139,15653139,15653139,15653139,15653139,15653139,15653139,15653139,15653139,15653139,15653139,15653139,15653139,15653139,15653139,15653139,15653139,15653139,15653139,15653139,15653139,15653139,15653139,15653139,15653139,15653139,15653139,15653139,15653139,15653139,15653139,15653139,15653139,15653139,15653139,15653139,15653139,15653139,15653139,15653139,15653139,15653139,15653139,15653139,15653139,15653139,15653139,15653139,15653139,15653139,15653139,15653139,15653139,15653139,15653139,15653139,15653139,15653139,15653139,15653139,15653139,15653139,15653139,15653139,15653139,15653139,15653139,15653139,15653139,15653139,15653139,15653139,15653139,15653139,15653139,15653139,15653139,15653139,15653139,15653139,15653139,15653139,15653139,15653139,15653139,15653139,15653139,15653139,15653139,15653139,15653139,15653139,15653139,15653139
Nathan Goshen(pop),pop,未知,Nathan Goshen,/m/0vsy8fl,Nathan Goshen,chart_params_type=WEEK&perspective=CHART&flags=viral_video_chart&selected_chart=TRACKS&chart_params_id=weekly:20190201:20190207:il,https://i.ytimg.com/vi/C-_aF54KFs0/default.jpg,0,162,160+,719888,1414888,2087325,2761126,3436980,4122875,5091179,6728737,8222693,9727889,10825607,11611800,12336044,13144691,13981268,14853025,15745708,16587397,17512080,18408693,19317581,20121333,20884362,21915065,22673616,23355283,24174026,25029099,25912954,26768996,27689074,28529498,29421940,30183891,30875023,31546978,32255488,33014678,33764281,34412568,35087558,36927114,38749985,40522463,42163907,43785579,45218828,46600966,48087387,49598288,50828138,51967825,53072956,54729133,56231207,57542417,58695333,59819997,61013138,62212588,63895281,65115496,66345713,67408591,68353949,69480888,70802664,72068125,73091095,74182480,75172938,76099920,76970000,77744787,78444720,79100852,79753769,80603113,81343194,82064620,82744941,83380031,84078679,84754353,85350454,85914684,86547470,87106280,87718803,88352056,88946886,90578584,92594577,94416226,96144800,97724857,99152429,100470761,101739189,102948045,104030072,105069897,106066308,107037151,107994983,108904016,109761447,110648775,111567525,112965501,114477797,115531250,116492038,117425769,118313228,119215316,120107437,120895151,121543042,122356710,123214800,124115680,125039182,125920025,126752608,127592338,128415381,129271881,130180431,131091061,131980809,132928410,133840706,134726384,135527177,136249548,137071633,137855115,138683051,139503021,140336787,141230934,142158360,143073109,143945334,144754341,145565108,146323207,147111045,147857359,148624711,149327578,150045508,150739121,151428595,152114679,152836390,153548566,154240309,154893250,155590311,156280716
Idan Raichel(pop),pop,未知,Idan Raichel,/m/057hgk,Idan Raichel,chart_params_type=WEEK&perspective=CHART&flags=viral_video_chart&selected_chart=TRACKS&chart_params_id=weekly:20190201:20190207:il,https://i.ytimg.com/vi/uo8aSSWmGT8/default.jpg,0,150,150+,701450,1329934,1894141,2425966,2959842,3434261,3826372,4204728,4577664,4997092,5351185,5631814,5925637,6389223,6924447,7364474,7922180,8420785,8947457,9479258,9949463,10361489,10754382,11120517,11447837,11723407,12037534,12356431,12665383,12952724,13230849,13487389,13750743,13996090,14209331,14463433,14683374,14975748,15284929,15565650,15825662,16080203,16339126,16592494,16845465,17079103,17382817,17660873,17915925,18155493,18517342,18849601,19144967,19408267,19644521,19644521,19644521,19644521,19644521,19644521,19644521,19644521,19644521,19644521,19644521,19644521,19644521,20595031,21418300,22294450,23185868,24157844,25054472,25930891,26798002,27632597,28353143,29191766,30000747,30809990,31602174,32343778,33150333,33932336,34635717,35317566,36074984,36773838,37365589,38011485,39463276,40550545,41480249,42333326,43143628,43925734,44710330,45468586,46231462,46977325,47679554,48374353,49327027,50298460,51118354,51849805,52621890,53398383,54158196,54916413,55738105,56422804,57096325,57888190,58648906,59390790,60079556,60722757,61403846,62249953,63113034,63980041,64779733,65546097,66267057,66948478,67626289,68515952,69471863,70327982,71090824,71808630,72535736,73224830,73833673,74441703,75112744,75731967,76390541,77072726,77742531,78424518,79098073,79752971,80389096,81007379,81726433,82432960,83095550,83738625,84429765,85074421,85708448,86308527,86916479,87550730,88178298,88793772,89458515,90283402,91064488,91720229
魔力红乐队(pop),pop,北美,魔力红乐队,/m/02k5sc,Maroon 5,chart_params_type=WEEK&perspective=CHART&flags=viral_video_chart&selected_chart=TRACKS&chart_params_id=weekly:20190201:20190207:il,https://i.ytimg.com/vi/SlPhMPnQ58k/default.jpg,0,157,150+,680526,1352198,1969317,2544147,3090466,3634036,4150864,4644744,5162169,5699859,6147782,6518933,6889876,7227311,7581941,7928270,8276730,8609987,8945621,9291020,9625570,9956642,10280653,10581216,10884560,11189559,11493599,11820196,12146098,12444008,12779567,13091412,13450111,13758450,14061794,14505500,14886858,15272838,15643189,16064210,16521861,17087466,17827151,18726881,19414138,19927092,20418256,20919195,21422529,21890308,22316246,22715958,23112781,23529801,23943201,24325319,24685454,25053888,25436458,25836111,26230401,26602041,26965666,27299919,27656465,28017580,28349861,28689627,28997426,29320484,29644510,29984654,30333976,30698481,31043401,31389186,31738634,32124810,32509355,32904220,33298616,33676474,34034021,34384595,34717890,35029718,35405039,35779107,36158925,36510214,36859650,37218480,37567022,37898236,38215870,38544435,38881233,39197794,39535603,39881175,40240200,40601811,40969322,40969322,40969322,40969322,41322305,41694022,41694022,41694022,42149598,42533615,42913570,43313221,43688082,44064438,44432144,44739302,45034900,45381629,45741451,46077195,46448361,46788452,47114712,47450620,47778761,48112638,48464689,48809223,49156760,49512505,49862346,50195289,50514773,50805493,51138763,51441264,51769725,52077814,52389212,52705195,53039594,53347207,53661891,53939494,54244810,54535085,54792791,55066848,55400751,55729909,56025412,56326749,56619236,56927362,57275865,57620279,58021786,58489585,58915517,59313758
黄老板(pop),pop,欧洲,黄老板,/m/0g9sr1k,Ed Sheeran,chart_params_type=WEEK&perspective=CHART&flags=viral_video_chart&selected_chart=TRACKS&chart_params_id=weekly:20190201:20190207:il,https://i.ytimg.com/vi/JGwWNGJdvx8/default.jpg,0,160,160+,611247,1228281,1838428,2424194,2973281,3505685,4016319,4548044,5063620,5570235,6011489,6390181,6754114,7545601,8409355,9227187,9967322,10643447,11367626,12186693,13022315,13853825,14971384,15812408,16598131,17367087,18187632,18990125,19832449,20608741,21414605,22171741,22910410,23562414,24187721,24787484,25382114,25984569,26611719,27260180,27898378,28588834,29333119,30145904,30814743,31487351,32157701,32819526,33513867,34241600,34940293,35631666,36294759,36910251,37498215,38064833,38632953,39221449,39857508,40518911,41136167,41713354,42274249,42774027,43308780,43888697,44458799,45010843,45499277,46057848,46586096,47072749,47560372,48044008,48541961,49021493,49401682,49821757,50226762,50619934,50990695,51361184,51736044,52134306,52509856,52882743,53325375,53790152,54254577,54689404,55107753,55535416,55970044,56399849,56719216,57029653,57029653,57353539,57702437,58060572,58418288,58764360,59101388,59444917,59794720,60125310,60443827,60760454,61079215,61399415,61751756,62054115,62355650,62642098,62937363,63237570,63524432,63753959,63974332,64238357,64502786,64765923,64765923,65015793,65375093,65757727,66126734,66500086,66888938,67262827,67637118,68028632,68501478,68923429,69319893,69780902,70266144,70738801,71288322,71798675,72279319,72786074,73549533,74267551,74840927,75393193,75885616,76412403,76908046,77401944,77987551,78583025,79102868,79588489,80059407,80516339,80971701,81484667,81996421,82490687,82967856,83410967
土鳖(pop),pop,北美,土鳖,/m/0478__m,Lady Gaga,chart_params_type=WEEK&perspective=CHART&flags=viral_video_chart&selected_chart=TRACKS&chart_params_id=weekly:20190201:20190207:il,https://i.ytimg.com/vi/AoAm4om0wTs/default.jpg,0,86,80+,561651,1146757,1819650,2633729,3535707,4241367,4912219,5566601,6184858,6790330,7248102,7639534,8009079,8364556,8698286,9011458,9316965,9606226,9899688,10201844,10481072,10778283,11051560,11311116,11567051,11814909,12094536,12431424,12746262,13042958,13347081,13636797,13920567,14185243,14423483,14679647,14915050,15171791,15421505,15662723,15911148,16181195,16480364,16777465,17054351,17310240,17574980,17837212,18098293,18353771,18607742,18859762,19107195,19355932,19601724,19921282,20167885,20398784,20398784,20660078,20660078,20660078,20660078,20660078,20660078,20660078,20660078,21212277,21796412,22235216,22621173,22974701,23306794,23620583,23911968,24189667,24485350,24801577,25117633,25411617,25683919,25974672,26259546,26259546,26577879,26845537,27146706,27146706,27439163,27733437,28019915,28306103,28601589,28601589,28601589,28601589,28601589,28601589,28874133,29158218,29158218,29158218,29158218,29158218,29158218,29158218,29158218,29440610,29440610,29440610,29440610,29440610,29440610,29440610,29440610,29440610,29440610,29440610,29440610,29440610,29440610,29440610,29440610,29440610,29440610,29440610,29440610,29440610,29440610,29440610,29440610,29440610,29440610,29440610,29440610,29440610,29440610,29440610,29440610,29440610,29440610,29440610,29440610,29440610,29440610,29440610,29440610,29440610,29440610,29440610,29440610,29440610,29440610,29440610,29440610,29440610,29440610,29440610,29440610,29440610,29440610,29440610
皮埃尔·詹姆斯·库塔(edm),edm,欧洲,皮埃尔·詹姆斯·库塔,/m/0840vq,David Guetta,chart_params_type=WEEK&perspective=CHART&flags=viral_video_chart&selected_chart=TRACKS&chart_params_id=weekly:20190201:20190207:il,https://i.ytimg.com/vi/ft4jcPSLJfY/default.jpg,0,100,100+,543748,1106288,1645640,2179572,2702871,3202437,3694996,4165303,4645902,5115488,5527185,5895430,6255969,6622407,6991551,7380825,7727392,8060264,8413011,8755541,9088894,9463774,9817825,10148786,10488554,10822540,11161793,11500484,11824796,12144503,12451637,12746466,13041161,13320290,13575073,13855150,14138163,14422552,14708840,14996097,15265762,15542739,15841969,16130696,16412543,16706480,16979457,17261792,17555329,17861593,18145870,18425409,18699596,18980728,19255811,19531586,19810827,20069743,20364675,20689864,20987324,21266737,21558313,21832284,22113391,22434054,22751098,23056704,23345493,23652444,23947893,24239918,24539153,24836568,25144359,25444154,25444154,25444154,25444154,25444154,25444154,25444154,25444154,25444154,25444154,25444154,25444154,25444154,25444154,25444154,25444154,25444154,25444154,25444154,25444154,25444154,25444154,25444154,25444154,25724146,25724146,25724146,25724146,25724146,25724146,26028703,26328249,26632980,26942615,26942615,27254038,27532826,27816304,28092563,28365088,28648472,28932285,29163964,29382863,29671130,29954723,30235627,30235627,30493354,30493354,30493354,30725309,30725309,30725309,30977136,30977136,30977136,30977136,30977136,31201640,31201640,31201640,31201640,31201640,31201640,31201640,31201640,31201640,31201640,31201640,31201640,31201640,31201640,31201640,31201640,31201640,31201640,31201640,31201640,31440182,31440182,31689309,31689309,31961441,31961441,31961441,31961441
Amir Dadon(pop),pop,未知,Amir Dadon,/m/0nhqw4z,Amir Dadon,chart_params_type=WEEK&perspective=CHART&flags=viral_video_chart&selected_chart=TRACKS&chart_params_id=weekly:20190201:20190207:il,https://i.ytimg.com/vi/wwoCnwVG4Ko/default.jpg,0,162,160+,435325,889403,1323534,1772810,2732426,3153017,3630628,4126384,4598916,5142657,5521147,5830497,6093911,6360483,6650389,6997369,7437160,7858485,8350266,9014694,9538357,9995672,10445599,10862880,11268332,11637616,12105721,12692110,14051643,15248799,16456068,17577926,19128333,20642836,22051085,23471369,24573609,25652822,26755386,27823956,28862933,30007999,31046476,32007953,32964757,33944794,34815303,35655156,36508368,37456933,38385576,39395216,40329954,41234237,42090978,42872437,43590475,44334833,45343661,46405341,47455068,48260055,48962939,49682726,50379416,51084998,51828644,52606492,53265845,53978190,54696315,55404710,56079066,56676341,57183342,57643939,58027601,58564088,59205858,59882308,60513228,61082839,61643043,62252487,62811546,63390337,64028192,64576061,65121078,65652678,66185773,66704405,67208859,67707445,68205347,68717940,69222186,69684456,70149027,70619834,71060829,71491982,71921124,72359187,72815636,73240390,73638551,74028175,74447649,74877086,75340784,75730882,76098984,76482403,76823423,77168940,77542344,77878308,78169599,78546556,79045323,79642590,80215242,80882678,81451876,81969432,82438119,83000953,83605288,84188990,84705733,85165393,85630685,86063381,86486949,86926430,87416182,87866223,88342215,88786095,89213189,89606340,89992251,90418230,90839737,91268762,91697432,92219185,92722811,93211003,93682990,94139735,94567999,95013924,95425048,95841521,96243730,96631822,97026561,97420626,97838000,98231739
阿姆(rap),rap,北美,阿姆,/m/01vsgrn,Eminem,chart_params_type=WEEK&perspective=CHART&flags=viral_video_chart&selected_chart=TRACKS&chart_params_id=weekly:20190201:20190207:il,https://i.ytimg.com/vi/EosMazKaPbU/default.jpg,0,162,160+,426394,857967,1284815,1704814,2115832,2515185,2890910,3273952,3649320,4010059,4346337,4658397,4979883,5302588,5634794,5970296,6301308,6619238,6960690,7286534,7614189,7948175,8277442,8602837,8927724,9250409,9587872,9945895,10307291,10649883,11022814,11392495,11769257,12135929,12474311,12825103,13175533,13542627,13917366,14287838,14654412,15003549,15354664,15705615,16054817,16390798,16707873,17030426,17374898,18151598,18789390,19413073,20029636,20640072,21238033,21809187,22437804,23099095,23651277,24187232,24679029,25141960,25608968,26054746,26519659,26987157,27434060,27884269,28327002,28781949,29228028,29676949,30106603,30522748,30966577,31372217,31773659,32191059,32590369,32981322,33363753,33749908,34134444,34511187,34856373,35180553,35536727,35908568,36306602,36710980,37118971,37536583,37961191,38374067,38783589,39194024,39603866,40237308,40785111,41308942,41809567,42283568,42794911,43294424,43793299,44280540,44774845,45267352,45764928,46261682,46764845,47228061,47697934,48168696,48644731,49135515,49637801,50048879,50446600,50887844,51353448,51811154,52249221,52679728,53101585,53519702,53930751,54327422,54737412,55130303,55543872,55956440,56378556,56783373,57182329,57538457,57944863,58345860,58763636,59197521,59639012,60085969,60540916,60968328,61407792,61811637,62215084,62613043,63007099,63389448,63791337,64199562,64614857,65043213,65483532,65919237,66371885,66842630,67386795,67902686,68403992,68878795
Hanan Ben Ari(pop),pop,未知,Hanan Ben Ari,/g/11clwn6kf1,Hanan Ben Ari,chart_params_type=WEEK&perspective=CHART&flags=viral_video_chart&selected_chart=TRACKS&chart_params_id=weekly:20190201:20190207:il,https://i.ytimg.com/vi/RCgZiOVwQYk/default.jpg,0,162,160+,266141,530702,1194962,1923661,2715970,3325911,3833455,4341450,4903838,5512849,6023200,6375547,6872730,7466871,7905487,8376993,8858453,9313413,9804136,10254966,10905776,11381240,11868950,12471610,13049693,13567869,14192033,15009670,15817734,16931814,18107500,19172784,20360648,21564693,22792053,24041757,25035863,26032957,27072685,28107944,29207414,30429078,31542589,32868505,34202901,35640363,37181054,38566133,39946423,41195425,42097015,43044283,43981142,44922257,46030290,47537857,48978158,50524301,52242024,54414095,56307954,57705371,58835672,60161179,61362140,62624337,63895014,65226404,66299039,67467152,68610736,69821306,70975394,72033728,72991712,73874500,74582890,75534179,76506345,77563106,79204586,80595193,81894648,83164296,84480611,85747073,87149565,88376373,89607193,90904830,92141826,93339109,94501129,95751698,97793953,99756660,101725479,103514010,105284469,106969996,108615400,110179779,111719139,113346746,115020024,116526368,117908813,119230700,120562974,121891066,123383413,124561236,125554634,126819964,127861623,128882667,129956375,131274128,132506301,133883799,135289530,136675711,138047441,139422636,140803224,142053699,143119559,144262613,145527209,146855531,148073889,149307478,150900794,152806638,154557684,156099733,157842307,159341469,160772059,162195294,163539442,164865205,166338650,167851042,169245554,170468406,171711303,173212814,174721929,176073039,177442682,178884281,180287772,181578972,182880468,184126433,185371325,186599596,187790089,188962970,190088692,191149057
Mergui(pop),pop,未知,Mergui,/g/11gmzllxnx,Mergui,chart_params_type=WEEK&perspective=CHART&flags=viral_video_chart&selected_chart=TRACKS&chart_params_id=weekly:20190201:20190207:il,https://i.ytimg.com/vi/j_1Gnn_scMw/default.jpg,1,157,150+,843762,1659926,2739412,3918365,4919054,5728909,6552083,7235229,7950504,8726021,9508218,9994495,10489119,10931162,11395944,11782023,12122959,12528465,13345721,14410644,15204914,15906911,16540431,17102743,17633294,18131467,18614016,19084365,19551464,19935837,20625841,21499526,22458060,23394706,24162468,25055953,25794169,26481528,27179120,27874351,28509759,29095665,29633433,30723790,31715471,32831600,34013477,35185598,36339966,37359425,38347138,39343444,40339924,41303378,42259729,43146949,44030889,44915328,45714726,46436938,47083747,47606255,48081998,48783018,49338123,50187326,50968298,51784483,52475226,53295796,54147521,54941686,55693323,56370901,56967999,57542732,58089496,58637904,59183699,59711922,60197205,61221420,62965094,64285845,65318671,66045369,66785329,67414957,67970283,68507878,68929461,69299587,69659042,69999397,70331699,70651912,70997793,71286324,71601516,71948524,72348363,72763141,73165249,73568580,73983899,74453655,74969406,75449895,75907813,76326030,76765153,77138805,77451097,77748632,78002524,78255109,78255109,78473567,78473567,78473567,78473567,78473567,78920504,79378497,79861307,81110320,82107517,83117638,84078992,85049809,85898457,86704891,87474406,88115232,88698324,89246419,89881629,90495037,91043799,91571820,92156521,92732827,93294081,93838182,94331660,94758266,95222570,95673253,96106246,96528290,96957254,97370836,97799083,98233883,98644888,99041989,99423216,99925445,100334347,100686278,101035106,101413966
Noa Kirel(pop),pop,未知,Noa Kirel,/g/11bx563ps_,Noa Kirel,chart_params_type=WEEK&perspective=CHART&flags=viral_video_chart&selected_chart=TRACKS&chart_params_id=weekly:20190201:20190207:il,https://lh3.googleusercontent.com/a-/AOh14GgQPeD0Ko8NOW8uDOD1IX5QMa-ElKusQpu9M3_reA,2,162,160+,532563,2173312,4663940,6520580,8049610,9326506,10373110,11198044,12064107,13240855,14195199,16592006,18614495,20227316,21413317,22371104,23275022,24203836,25041246,25848201,26674964,27501614,28304757,30153502,32341955,34168933,35804742,37465922,39021050,40219332,41430467,42631621,44206703,45723277,47332573,49286163,50877039,52290841,53718398,55134719,56544963,57906206,59152991,60342139,61433735,62760045,64004617,65095774,66268176,67433786,69042823,70636464,72156412,73621642,74974612,76265548,77627258,79110205,80540910,81898393,83151964,84228428,85282626,86378844,87486517,88589933,89544495,90468836,91270204,93051850,96129735,98974248,101181700,103328443,105332740,107147727,108740806,110382897,112047001,113991187,115733183,117767838,120430087,122654894,124643086,126243659,127938028,129418639,131015024,132763874,134555785,136337365,137962836,139445609,140877204,142357567,143899964,145213511,146508132,147739940,148958608,150101650,151161985,152197333,153208816,154205967,155255249,156289062,158394753,160517710,162593581,164392173,165950713,167356573,168583563,169805410,170947510,171938606,172810804,174251137,175500826,176467323,177384857,179010280,181280172,184036170,187294262,190695569,193424083,196089923,198402081,200653983,202758779,204507206,206152553,207459779,209132906,210452009,211541140,212656304,214509040,215823801,217008458,218045881,219002475,219873906,220812985,221796408,223133793,224568405,225798123,227124947,228491355,230467677,232118560,233587480,234952812,236330085,237597339,238764779,239930029,241198960
Ishay Ribo(pop),pop,未知,Ishay Ribo,/m/010sb4p6,Ishay Ribo,chart_params_type=WEEK&perspective=CHART&flags=viral_video_chart&selected_chart=TRACKS&chart_params_id=weekly:20190201:20190207:il,https://i.ytimg.com/vi/K2k3JEpg6K4/default.jpg,3,162,160+,2024530,3916209,5839997,7776091,9781539,11627849,13453492,15479416,17543177,19765087,21193869,22215035,23324479,24396352,25551504,26910696,28377639,29687732,31148857,32535846,33858489,34895593,35704673,36715815,37609009,38374860,39813742,42063689,44277363,46603292,49054469,51477122,54450778,57508503,60821268,63667886,66034482,68351119,70521576,72482979,74684455,78502368,82154895,85748482,89169996,92532017,95547453,98445294,101406246,104292510,106949575,109499642,111930409,114351108,116795764,119016576,121052085,123200289,125612755,128493289,131649310,134039675,136044894,137945210,139670788,141465857,143413489,145449636,147088511,148952173,150528197,152337927,154021856,155566443,156892588,158108441,159132693,160638818,162099512,163563837,165064106,166626452,168169502,169840503,171428600,173215252,175222324,176806617,178364919,179874361,181293203,182686227,184080375,185461632,186802382,188112295,189429110,190624249,191808423,192998424,194160898,195300126,196418368,197554864,198624669,199619772,200818830,202552036,204401767,206296135,208422559,209892637,211198205,212534274,213738211,214905613,216310968,217645920,218901325,220458906,221975177,223554095,225067799,226568417,227896332,229071487,230122732,231375168,232752282,234120538,235387492,236652922,237918501,239143453,240492923,242042128,243470099,244606179,245781934,246955361,248069134,249150113,250257941,251431823,252528322,253609431,254724839,255778209,256826813,257911732,259018060,260070940,261085402,262044432,262922854,263817463,264744606,265636030,266540318,267450634,268435857,269477589
Eden Ben Zaken(pop),pop,未知,Eden Ben Zaken,/g/11bw3h_xw2,Eden Ben Zaken,chart_params_type=WEEK&perspective=CHART&flags=viral_video_chart&selected_chart=TRACKS&chart_params_id=weekly:20190201:20190207:il,https://lh3.googleusercontent.com/a-/AOh14GinCM8XawZF5bbFdwRQ3AlmMj9UoD73XHhnvnwq1g,15,162,160+,3273474,6037052,8500285,10914827,13811653,16578448,18867029,20907363,23377662,28059490,31330992,33670214,35722081,37636543,39577141,41349734,43050052,44770686,46450115,47893342,49260059,51520982,53277478,54917268,56485432,57932307,59857265,61945322,63738950,65230647,66694105,68173906,69508266,70792666,71862116,73109685,74276081,75410650,76574070,77666514,78718036,80757656,82568057,84380792,86135044,87840091,89512836,91116420,92762574,94321560,95789150,97223676,98576947,99940020,101219332,102448038,103707961,105343667,107007104,108559309,110097749,111654510,112969753,114304567,115589133,116882123,118041065,119216745,120222332,121260821,122271778,123288396,124315469,127236218,130307959,133106314,135224779,137401550,139478333,141964460,144131965,145839895,147544991,150181993,152606660,154529627,156603249,158357466,159945674,161472451,162782876,165013868,167522539,169762495,171885267,174258638,176834583,178813016,180593454,182228834,183765844,185273509,187016437,188723694,190316389,191792505,193206805,194636019,196055550,197710891,199706478,201450955,202951736,204535962,205956217,210105618,214660121,219451406,223360656,227947448,232563231,236853935,241053326,245000088,248725003,252041268,254987835,257870074,261008789,263923540,266604974,270192157,273381204,276378798,279223996,281617471,284473472,287187515,289645280,291995004,294092257,296097003,298202664,300209825,302193162,303954486,305715465,308144451,310455860,312687625,315194355,318434940,321310283,323740816,326467207,329352847,332175802,334964636,337617425,340294738,343003308,345503753
Static And Ben El(pop),pop,未知,Static And Ben El,/g/11d_vrwwhs,Static And Ben El,chart_params_type=WEEK&perspective=CHART&flags=viral_video_chart&selected_chart=TRACKS&chart_params_id=weekly:20190201:20190207:il,https://lh3.googleusercontent.com/O2e71mvoGh6OytwLiAT6TUBhKmoNZMaJtxVvQrwz-GhJrpYzVJVS-MlTOXdyW_kOg8Vx6qsv9TYOcA,22,159,150+,2308461,4139377,6328550,8065944,9554846,10769095,12008211,13022164,14083248,15177943,16289264,16982192,17683935,18343127,19044677,19695347,20325332,21015407,21633783,22214660,25113993,27900530,30331598,32493321,34402914,36141794,37751265,39373936,40850890,41899622,42840709,43750368,44558642,45463509,46127109,46946886,47623680,48486837,49315092,50102556,50844457,51589351,52298328,53014267,53688910,54380843,55062957,55675175,57455455,58791805,59908622,60952804,61925659,62833848,63828163,64770920,64770920,64770920,64770920,66470637,68107852,69504371,70809820,72131386,73387110,74564896,75605368,76625942,77485183,78369070,79278631,81058163,83913507,86691814,89285489,91619893,93467000,95870315,99602482,105081159,110740201,115338067,118908600,122155036,125053740,127445217,130166996,132523648,134496280,136383199,138287217,140064405,141768107,143450800,145069633,146748857,148497882,150045297,151620314,153042769,154554147,156085638,157566521,159037356,160490006,161792922,163006950,164200551,165414572,166614644,168686376,170897261,172713942,174338477,175827413,177442586,178929425,180208793,181485568,182633207,183775009,184894369,186018675,187166454,188877341,192197657,194796493,197322022,199905956,203181493,206707055,210392591,213966774,217285856,220478142,223026687,225953137,228606724,230717399,232761313,234628657,236433782,238247445,239858211,241349342,242712189,244827864,246906844,248609943,250255595,251726953,253276693,254912064,256558268,258110998,259620625,261117958,262553427,264021607,265350558,267597252,269887159
Queen(rock),rock,未知,Queens Of The Stone Age,/m/0bk1p,Queen,chart_params_type=WEEK&perspective=CHART&flags=viral_video_chart&selected_chart=TRACKS&chart_params_id=weekly:20190201:20190207:il,https://i.ytimg.com/vi/fJ9rUzIMcZQ/default.jpg,0,56,50+,656774,1323579,2016570,2731502,3468161,4196254,4851583,5455243,5998568,6523899,6989380,7349531,7680438,7997742,8306480,8603363,8891160,9164829,9444708,9718339,9979133,10247067,10507439,10771910,11021296,11258758,11513642,11764191,12018052,12261293,12512715,12814026,13101286,13371382,13608154,13869502,14126808,14380933,14652472,14911787,15175286,15440323,15710530,15988878,16253786,16512873,16756832,16992049,17227924,17473953,17712817,17939349,18168781,18395718,18395718,18395718,18395718,18395718,18395718,18686766,18963352,18963352,18963352,18963352,18963352,18963352,18963352,18963352,18963352,18963352,18963352,18963352,18963352,18963352,18963352,18963352,18963352,18963352,18963352,18963352,18963352,18963352,18963352,18963352,18963352,18963352,18963352,18963352,18963352,18963352,18963352,18963352,18963352,18963352,18963352,18963352,18963352,18963352,18963352,18963352,18963352,18963352,18963352,18963352,18963352,18963352,18963352,18963352,18963352,18963352,18963352,18963352,18963352,18963352,18963352,18963352,18963352,18963352,18963352,18963352,18963352,18963352,18963352,18963352,18963352,18963352,18963352,18963352,18963352,18963352,18963352,18963352,18963352,18963352,18963352,18963352,18963352,18963352,18963352,18963352,18963352,18963352,18963352,18963352,18963352,18963352,18963352,18963352,18963352,18963352,18963352,18963352,18963352,18963352,18963352,18963352,18963352,18963352,18963352,18963352,18963352,18963352
Shlomo Artzi(rock),rock,未知,Shlomo Artzi,/m/04nyrv,Shlomo Artzi,chart_params_type=WEEK&perspective=CHART&flags=viral_video_chart&selected_chart=TRACKS&chart_params_id=weekly:20190201:20190207:il,https://i.ytimg.com/vi/hoOdehw9nm0/default.jpg,0,162,160+,464183,909692,1374820,1850514,2877501,3376481,3821766,4314996,4811978,5448298,6013670,6525279,6957871,7360912,7789551,8243781,8763602,9255943,9769538,10295531,10747892,11194311,11634190,12046035,12468539,12880290,13419107,14047166,14614164,15195392,15884903,16530642,17184066,17817133,18364535,19003271,19619929,20273535,20893636,21431689,21997621,22606814,23234546,23855905,24399042,24921475,25393739,25927407,26535974,27114341,27634567,28137910,28648548,29190775,29698269,30168812,30607727,31036724,31577436,32139298,32759332,33375414,33932304,34466576,34912625,35362280,35810854,36310005,36775870,37266015,37754821,38259633,38759734,39239484,39719435,40185886,40592230,41072548,41550573,42028192,42509164,42965884,43449611,43930378,44369891,44788440,45261817,45706510,46174356,46657643,47113765,47559401,48033619,48513460,49021264,49497570,49949627,50397285,50837570,51283313,51732446,52164448,52624561,53239891,53788325,54303289,54782172,55272037,55789609,56294389,56806793,57251525,57698562,58146709,58544924,58957212,59386955,59753717,60076751,60485268,60921102,61371874,61821497,62271499,62699148,63115334,63522995,63964969,64469576,64970921,65439366,65908355,66407817,66899813,67443266,67929039,68495594,69033287,69584808,70157739,70692285,71206492,71746968,72300739,72834848,73336940,73851490,74360344,74876088,75387277,75931295,76458643,76979229,77480740,77968997,78463276,78965617,79461653,79966458,80439986,80963759,81461701
杰·巴拉文(latin),latin,南美,杰·巴拉文,/m/0b__5gp,J Balvin,chart_params_type=WEEK&perspective=CHART&flags=viral_video_chart&selected_chart=TRACKS&chart_params_id=weekly:20190201:20190207:il,https://i.ytimg.com/vi/-gCe4WrmOIk/default.jpg,0,160,160+,634574,1274106,1934928,2569906,3266433,3979419,4788976,5697501,6547844,7358107,8181340,8908531,9597228,10266569,10974816,11666675,12366942,13059425,13874368,14639274,15387012,16104040,16834614,17657465,18555307,19405177,20299736,21269784,22258487,23184558,24096626,24955704,25800561,26759915,27563372,28354428,29342868,30278885,31120573,31974933,32755592,33547153,34316087,35005673,35676915,36317138,36910482,37454916,38062955,38660573,39251728,39848872,40439776,40996349,41586435,42213656,42825639,43367937,43995433,44626308,45277930,45877943,46501677,47079941,47738158,48449678,49141553,49848989,50481243,51128634,51765217,52411437,53043097,53646400,54245137,54826011,55361613,55959350,56544753,57109601,57624402,58094657,58574892,59036247,59431110,59793920,60230005,60660911,61092963,61516250,61925379,62347472,62767399,63168101,63565970,63952663,64336589,64718365,65112769,65517368,65911563,66296550,66700927,67113671,67538217,67951842,68373071,68823419,69271763,69711400,70170733,70578074,70982836,71396493,71814921,72236070,72651520,72995534,73307028,73677339,74078527,74462995,74838812,75200468,75563560,75932219,76293724,76645953,77000209,77339801,77674673,78031007,78396176,78702258,78989951,79295771,79634266,79948202,80259280,80563840,80864429,81156332,81443047,81714555,81976252,82222303,82472967,82712406,82966217,83195898,83437933,83437933,83437933,83683557,83940847,84224392,84531553,84843774,85171176,85482837,85791971,86101903
Juan Carlos Ozuna Rosado(latin),latin,北美,Juan Carlos Ozuna Rosado,/m/0yc1jt1,Ozuna,chart_params_type=WEEK&perspective=CHART&flags=viral_video_chart&selected_chart=TRACKS&chart_params_id=weekly:20190201:20190207:il,https://i.ytimg.com/vi/32F2d-wj4Xw/default.jpg,0,91,90+,444214,894201,1394525,1781059,2231461,2622971,3023156,3396856,3815701,4236967,4580380,4894535,5214420,5592279,6005388,6494911,6955469,7371129,7797073,8147803,8499749,8844469,9169747,9661502,10197860,10619581,11021758,11453133,11888373,12297219,12697437,13129892,13592291,14034427,14403988,14806835,15184605,15547767,15889603,16211999,16553439,16867605,17203365,17481041,17786211,18074832,18336837,18571364,18837543,19100544,19365777,19638720,19896412,20184862,20477323,20790903,21114310,21383785,21656465,21950024,22263171,22566040,22902016,23237152,23668498,24166859,24678420,25201325,25686762,26194876,26736135,27312324,27860301,28349608,28830513,29288238,29689030,30123725,30524693,30914319,31279995,31555445,31903369,31903369,31903369,31903369,31903369,31903369,32195950,32195950,32195950,32195950,32195950,32195950,32195950,32195950,32195950,32195950,32469870,32469870,32469870,32469870,32771278,32771278,32771278,32771278,32771278,32771278,32771278,32771278,32771278,32771278,32771278,32771278,33033258,33289734,33542273,33542273,33542273,33793585,33793585,33793585,33793585,33793585,33793585,33793585,33793585,33793585,33793585,33793585,33793585,33793585,33793585,33793585,33793585,33793585,33793585,33793585,33793585,33793585,33793585,34063156,34063156,34063156,34063156,34063156,34063156,34063156,34063156,34063156,34063156,34063156,34063156,34063156,34063156,34063156,34063156,34063156,34063156,34063156,34063156,34063156
Omer Adam(mizrahi),mizrahi,未知,Omer Adam,/m/0gmf12r,Omer Adam,chart_params_type=WEEK&perspective=CHART&flags=viral_video_chart&selected_chart=TRACKS&chart_params_id=weekly:20190201:20190207:il,https://lh3.googleusercontent.com/a-/AOh14Gj2qTuu_u_f4e10l94x_g1wjOoa5jvZh1P8-_xNBw,0,162,160+,3534431,7769709,11612528,14705143,20143608,22517534,24587060,26491399,29636220,34463738,38760142,42067655,44735927,47418915,50064181,52692726,55277424,60869453,66237070,71051888,75478804,79976498,84188916,88003020,91492412,94421840,97999186,101747402,105915848,109951241,113423495,116773858,119865140,124436808,128052955,132040050,135559455,138604049,141570339,144296987,148619076,151835087,154886735,157354852,159697063,162029649,165821904,171335434,176332876,180759926,184837962,188797897,192574347,196321695,200467981,204811335,209107665,213261873,217707242,221746819,226181352,229788796,233016283,237238077,241414418,245518821,249441149,253340840,256501364,259710620,262734164,265594513,268762254,273263623,277241377,281042653,284033705,287408438,290774408,294567677,298698080,302136541,305209433,308280688,310924375,313229409,316237867,319889474,323998340,327508295,330397519,333099775,336251443,340067530,343480598,346561993,349454031,352077226,354727993,357644021,360303516,362719109,365174829,367621681,370181135,374843495,382194877,388623641,394790016,400577763,406601757,411486878,415739007,419893762,424074167,429269653,434434742,438425686,442060089,446788098,451210803,455293851,459208162,462961879,466338496,469420076,472314262,475097650,478342771,482304651,487429041,492700200,498479180,503867423,509013907,513152722,518578297,523923129,528874493,533922551,538478158,542785746,548467676,553921465,559014900,563984181,569020296,573728958,578084011,581994326,586031239,591623198,596500298,600523785,604176093,607636359,611460860,615761107,619944724,624281276,629556013,634285294
Eyal Golan(mizrahi),mizrahi,未知,Eyal Golan,/m/0l026y,Eyal Golan,chart_params_type=WEEK&perspective=CHART&flags=viral_video_chart&selected_chart=TRACKS&chart_params_id=weekly:20190201:20190207:il,https://lh3.googleusercontent.com/a-/AOh14GhoHKwWp4Rkt6eN9av_cn1clVEIpBfoWyPUkgEHzw,0,162,160+,3298183,6309121,9635542,13543214,18762296,22337624,25635220,28909428,32642242,43093275,51236134,57490986,63028220,68345335,73841348,79509138,84815180,89653281,94571387,99201119,103223391,106781116,111029596,114412763,117192319,120266721,123917081,128135369,131914781,135598544,139225480,142739733,146862812,150834773,154142407,157896201,161523984,165116430,168678069,171948908,175261111,178730003,182693100,186393360,189840815,193068720,196006776,198749650,201602798,204334109,208151244,211611006,214853626,218294794,221585549,224796629,227881037,232527167,236962461,241425597,246670513,254512987,259203971,264576035,270812310,277661767,284913064,292056929,298163333,304591300,310814968,318000032,324279510,329989363,335123355,339910130,344036535,348937267,354087204,359979643,365769828,370807520,375490898,380349949,384641824,388485059,393135363,397457286,402040426,406674290,411706224,416202881,420474371,424457404,428371009,432218687,436003824,439615743,443138890,446636965,450026815,453404964,456921885,460470666,464539570,469290008,473651628,477846698,482277652,487206714,495330217,502116221,507968765,515028127,521839634,528333271,534180979,538875268,542963891,548106333,553199569,558408217,563547475,568411324,572906346,577317986,581487322,585816725,591052091,595718489,600149763,604397086,608588162,612819540,618020826,622110052,626965879,631552318,636117214,640910435,645611685,650338445,655148916,660061032,664927589,669339432,673867512,678182427,682449824,686692419,691585099,696277025,700893110,705604951,710855481,715776556,720514795,725284829,730111824,734793126,739805437,744887954
Moshe Peretz(mizrahi),mizrahi,未知,Moshe Peretz,/m/080bftd,Moshe Peretz,chart_params_type=WEEK&perspective=CHART&flags=viral_video_chart&selected_chart=TRACKS&chart_params_id=weekly:20190201:20190207:il,https://i.ytimg.com/vi/mO06g1x0zVM/default.jpg,0,162,160+,690782,1320421,1944550,2550588,3100394,3601394,4048415,4434154,4843293,5366382,6278370,7130687,7648444,8184122,8682835,9222107,9763430,10303152,11201241,11913387,12562226,13587325,14904679,15977915,16761374,17521608,18488326,19503116,20461771,21432778,22493184,23512288,24585209,25552321,26384163,27373491,28302905,29239685,30172311,31043998,32311425,33507277,34600953,35617956,36580745,37480626,38340075,39171984,40079922,40952832,41852143,42808872,43758208,44735529,45723084,46701075,47677743,48661376,50301834,51776003,53396003,54690167,55791322,56987761,58061241,59328022,60754581,62208709,63451825,64702423,65862758,67005131,68108118,69228099,70636565,71972789,73067272,74428515,75864360,77297406,78647767,80098285,81447686,82742296,83995433,85039998,86211106,87270599,88311848,89276995,90164075,91024218,91879091,92685112,93536397,94373139,95182911,95962417,97036255,98119557,99113552,100013049,100908194,101853897,103172580,104363179,105493832,106543955,107631020,108921836,110549723,111832663,112986397,114153386,115224945,116304033,117327476,118227693,119032631,120033612,121196034,122341113,123365269,124335770,125216827,126038988,126812430,127585694,128404675,129234711,130050767,130936915,131782220,132524708,133231802,133844401,134843270,135796773,136721192,137644120,138470295,139267981,140097891,140866422,141669035,142433259,143177031,143858832,144531876,145153455,145815088,146458090,147094349,147708160,148336310,149057342,150024387,150861393,151625204,152351306,153098224,153801886
Sarit Hadad(mizrahi),mizrahi,未知,Sarit Hadad,/m/01l_8s1,Sarit Hadad,chart_params_type=WEEK&perspective=CHART&flags=viral_video_chart&selected_chart=TRACKS&chart_params_id=weekly:20190201:20190207:il,https://i.ytimg.com/vi/F1eJ6yM1tOw/default.jpg,0,162,160+,625196,1212590,1831521,2381539,3542053,4156396,4934781,5690810,6392641,7214485,7859356,8431278,8902919,9306388,9733714,10160359,10617200,11042039,11485896,11932263,12339183,12670692,12990325,13283915,13579746,13898295,14487258,15106295,15794655,16419252,17037005,17643331,18241451,19077835,19737309,20412059,21019615,21657833,22313844,22949133,23747131,24704028,25485840,26194198,26887867,27529204,28095388,28933370,29867958,30679778,31427005,32209601,32973503,33760708,34545697,35303451,36032252,36680342,37444999,38380875,39417131,40417866,41369161,42592800,43774371,44890344,45922701,47020920,47975751,48955087,49882723,50775877,51641142,52440387,53214090,53936763,54563503,55304855,56035571,56753341,57467528,58158321,58909203,59615122,60326192,60893685,61566467,62169805,62809041,63488186,64373017,65228456,65981775,66661929,67394131,68097399,68756520,69466384,70173793,70883845,71620205,72578450,73503777,74405869,75336003,76175433,76930952,77676473,78454420,79250010,80231099,81200632,82181010,83207557,84238513,85351318,87013644,88730982,90109750,91855188,93536141,95049711,96438973,97705193,98901785,100020944,101113882,102239700,103399834,104520722,105594311,106634801,107692798,108684499,109593415,110411361,112314050,113712613,115062897,116293283,117471972,118688971,119936966,121177635,122348782,123490646,125030878,126543419,127995149,129512091,131162063,132647520,134065539,135371944,136692855,138033667,139212371,140382133,141545793,142735560,143906631,144987102
Offer Nissim(circuit),circuit,未知,Offer Nissim,/m/01rs1r7,Offer Nissim,chart_params_type=WEEK&perspective=CHART&flags=viral_video_chart&selected_chart=TRACKS&chart_params_id=weekly:20190201:20190207:il,https://i.ytimg.com/vi/3VH7QNWV0Ik/default.jpg,0,23,20+,498268,961467,1419068,1864162,2266689,2664186,3335646,3940653,4509107,5071555,5506816,5839801,6129604,6411080,6709773,6978698,7242860,7497708,7758649,7993415,7993415,7993415,7993415,7993415,7993415,7993415,7993415,7993415,7993415,7993415,7993415,7993415,7993415,7993415,7993415,7993415,7993415,7993415,7993415,7993415,7993415,7993415,7993415,7993415,7993415,7993415,7993415,7993415,7993415,7993415,7993415,7993415,7993415,7993415,7993415,7993415,7993415,7993415,7993415,7993415,7993415,7993415,7993415,7993415,7993415,7993415,7993415,7993415,7993415,7993415,7993415,7993415,7993415,7993415,7993415,7993415,7993415,7993415,7993415,7993415,7993415,7993415,7993415,7993415,7993415,7993415,7993415,7993415,7993415,7993415,7993415,7993415,7993415,7993415,7993415,7993415,7993415,7993415,7993415,7993415,7993415,7993415,7993415,7993415,7993415,7993415,7993415,7993415,7993415,7993415,7993415,7993415,7993415,7993415,7993415,7993415,7993415,7993415,7993415,7993415,7993415,7993415,7993415,7993415,8252803,8579519,8840140,8840140,8840140,8840140,8840140,8840140,8840140,8840140,8840140,8840140,8840140,8840140,8840140,8840140,8840140,8840140,8840140,8840140,8840140,8840140,8840140,8840140,8840140,8840140,8840140,8840140,8840140,8840140,8840140,8840140,8840140,8840140,8840140,8840140,8840140,8840140
Moti Taka(mizrahi),mizrahi,未知,Moti Taka,/g/11g0lj8_yf,Moti Taka,chart_params_type=WEEK&perspective=CHART&flags=viral_video_chart&selected_chart=TRACKS&chart_params_id=weekly:20190201:20190207:il,https://i.ytimg.com/vi/25gexHyyB9w/default.jpg,0,60,60+,331419,763858,1207333,1659495,2291194,2655245,3050370,3383229,3671080,4035071,4435980,4736818,4950607,4950607,4950607,4950607,4950607,4950607,4950607,4950607,5341796,5624131,5866521,6079785,6079785,6580604,7051017,7431594,7925195,8287915,8579522,8823672,9057844,9315496,9529974,9529974,9529974,9529974,9897310,10248594,10523938,10760709,10760709,10760709,10760709,10760709,10760709,10760709,10760709,10760709,10760709,10760709,10760709,10760709,10760709,10760709,10760709,10760709,10760709,11053283,11053283,11053283,11053283,11053283,11053283,11053283,11053283,11053283,11053283,11053283,11053283,11053283,11053283,11053283,11053283,11053283,11053283,11053283,11053283,11053283,11053283,11053283,11053283,11053283,11053283,11053283,11053283,11053283,11053283,11053283,11053283,11053283,11053283,11053283,11053283,11053283,11053283,11053283,11053283,11053283,11053283,11053283,11053283,11053283,11053283,11053283,11053283,11053283,11053283,11053283,11053283,11426065,11782281,12076051,12350265,12626079,12882003,13101292,13101292,13101292,13101292,13101292,13101292,13101292,13101292,13101292,13101292,13101292,13101292,13358479,13628400,14003808,14421556,14856876,15250300,15657890,16149160,16655174,17131884,17605438,18078239,18498944,18939995,19347892,19708038,20014376,20315932,20572055,20572055,20572055,20572055,20572055,20572055,20572055,20572055,20572055,20572055,20572055,20572055,20833707,21095891,21095891
Dudu Aharon(mizrahi),mizrahi,未知,Dudu Aharon,/m/0glq1sv,Dudu Aharon,chart_params_type=WEEK&perspective=CHART&flags=viral_video_chart&selected_chart=TRACKS&chart_params_id=weekly:20190201:20190207:il,https://i.ytimg.com/vi/ZZFKyCJmWZI/default.jpg,0,162,160+,287211,559635,841735,1110216,1429231,1725594,1981532,2467550,2919900,3451685,3897599,4274959,4677091,5035651,5401677,6204076,6821983,7319190,7785647,8220854,8603722,8963153,9292086,9765127,10213146,10623776,11176622,11728384,12290111,12792258,13305770,13818684,14307113,14731091,15096134,15502239,15895702,16318525,16735016,17131803,17505955,17879460,18348746,18726647,19091479,19450672,19795236,20385174,20846612,21262211,21660191,22045760,22435549,22836567,23231339,23633383,24033574,24425398,24860825,25317557,25825461,26310262,26824200,27344844,27899980,28582388,29226878,29899457,30488331,31110594,32121715,33376770,34711080,36160625,37924596,39700370,41312067,43222063,45107823,47018413,48893107,50769636,52805531,55291337,57419878,59290656,61300755,63086551,64867752,66608439,68245408,69966136,71837952,73531973,75240209,76901856,78462757,79880075,81287380,82667570,84028571,85288806,86499640,88016235,89949485,91687829,93358990,95043031,96796763,98712734,100833784,102338884,103652957,104957660,106145645,107336992,108502741,109648763,110666497,111920428,113206514,114460448,115759266,117007528,118124580,119145326,120104830,121129340,122193271,123308088,124373021,125467469,126493230,127533054,128529192,129394186,130442342,131364312,132315083,133351193,134476432,135612217,136819115,138029896,139169433,140233422,141281163,142298716,143379870,144350281,145289514,146170332,147112311,148002504,148858835,149738661,150623353,151589242,152523060,153385358,154236146,155029367
איתי לוי(mizrahi),mizrahi,未知,איתי לוי,/g/11b7_tn7m4,איתי לוי,chart_params_type=WEEK&perspective=CHART&flags=viral_video_chart&selected_chart=TRACKS&chart_params_id=weekly:20190201:20190207:il,https://encrypted-tbn0.gstatic.com/images?q=tbn:ANd9GcRpSAIvw3bBynfijsVgItIoOLbHVPkDdXCVcQ&usqp=CAU,2,141,140+,2415576,4944668,7127019,9325537,11405101,14064630,16422202,18774791,20855931,23493239,25686443,27521752,28721998,29878514,31085567,32254961,33571920,34723128,35877299,37011216,38098192,39225966,40339274,41564170,42747539,43924223,45234008,46603767,48008791,49447478,50921903,52239521,53867607,55271506,56330296,57569231,58713563,59777558,60879931,62099439,63314259,64568175,65712178,66708462,67892599,69959192,71690146,72999521,74292783,75630580,76864881,78230334,79618115,81193939,82628168,83912360,85414668,86983197,88657478,90086315,91383940,92352475,93160556,94018255,94863674,95907413,97082242,98436670,101481553,103251186,106234472,109556412,112319500,116343948,119896795,123145584,125814803,128781791,132123576,135510178,138485303,141759819,144964077,147996891,150651970,153142807,156409491,159734603,162689218,165452338,167832079,170087071,172894158,175551960,177976564,180138247,182240860,184156468,185966763,187687647,189189834,190663468,192130381,193701233,195273779,196792772,198212265,199604190,201116042,202576912,205115149,206903282,208176332,209276464,210300945,211399970,212507712,213887785,215161136,217236260,219549321,221799550,223970164,223970164,223970164,223970164,223970164,223970164,226434280,228701943,230856235,233306112,235743364,237665040,239336075,240825277,242666262,244214857,245825271,247597478,249430399,251133508,252815181,254455864,255956516,257385283,257385283,257385283,257385283,257385283,257385283,257385283,257385283,257385283,257385283,257385283,257385283,257385283,257385283,257385283,257385283,257385283
פסטיגל(festigal),festigal,未知,פסטיגל,/m/0g5pq8m,פסטיגל,chart_params_type=WEEK&perspective=CHART&flags=viral_video_chart&selected_chart=TRACKS&chart_params_id=weekly:20190201:20190207:il,https://i.ytimg.com/vi/qYptnSvvJJ0/default.jpg,0,16,10+,582931,1104694,1614576,2101622,2560081,2924319,3280175,3603262,3919916,4242694,4560478,4560478,4773840,4773840,4773840,4983773,5183457,5401593,5401593,5401593,5401593,5623578,5623578,5623578,5623578,5623578,5623578,5623578,5623578,5623578,5623578,5623578,5623578,5623578,5623578,5623578,5623578,5623578,5623578,5623578,5623578,5623578,5623578,5623578,5623578,5623578,5623578,5623578,5623578,5623578,5623578,5623578,5623578,5623578,5623578,5623578,5623578,5623578,5623578,5623578,5623578,5623578,5623578,5623578,5623578,5623578,5623578,5623578,5623578,5623578,5623578,5623578,5623578,5623578,5623578,5623578,5623578,5623578,5623578,5623578,5623578,5623578,5623578,5623578,5623578,5623578,5623578,5623578,5623578,5623578,5623578,5623578,5623578,5623578,5623578,5623578,5623578,5623578,5623578,5623578,5623578,5623578,5623578,5623578,5623578,5623578,5623578,5623578,5623578,5623578,5623578,5623578,5623578,5623578,5623578,5623578,5623578,5623578,5623578,5623578,5623578,5623578,5623578,5623578,5623578,5623578,5623578,5623578,5623578,5623578,5623578,5623578,5623578,5623578,5623578,5623578,5623578,5623578,5623578,5623578,5623578,5623578,5623578,5623578,5623578,5623578,5623578,5623578,5623578,5623578,5623578,5623578,5623578,5623578,5623578,5623578,5623578,5623578,5623578,5623578,5623578,5623578
布莱德利·库珀(hollywood),hollywood,北美,布莱德利·库珀,/m/01_xtx,Bradley Cooper,chart_params_type=WEEK&perspective=CHART&flags=viral_video_chart&selected_chart=TRACKS&chart_params_id=weekly:20190201:20190207:il,https://encrypted-tbn0.gstatic.com/images?q=tbn:ANd9GcRpSAIvw3bBynfijsVgItIoOLbHVPkDdXCVcQ&usqp=CAU,0,14,10+,317486,657488,1065477,1566811,2134450,2583086,3019598,3493925,3942108,4371583,4675130,4924831,5158621,5381140,5381140,5381140,5381140,5381140,5381140,5381140,5381140,5381140,5381140,5381140,5381140,5381140,5381140,5381140,5381140,5381140,5381140,5381140,5381140,5381140,5381140,5381140,5381140,5381140,5381140,5381140,5381140,5381140,5381140,5381140,5381140,5381140,5381140,5381140,5381140,5381140,5381140,5381140,5381140,5381140,5381140,5381140,5381140,5381140,5381140,5381140,5381140,5381140,5381140,5381140,5381140,5381140,5381140,5381140,5381140,5381140,5381140,5381140,5381140,5381140,5381140,5381140,5381140,5381140,5381140,5381140,5381140,5381140,5381140,5381140,5381140,5381140,5381140,5381140,5381140,5381140,5381140,5381140,5381140,5381140,5381140,5381140,5381140,5381140,5381140,5381140,5381140,5381140,5381140,5381140,5381140,5381140,5381140,5381140,5381140,5381140,5381140,5381140,5381140,5381140,5381140,5381140,5381140,5381140,5381140,5381140,5381140,5381140,5381140,5381140,5381140,5381140,5381140,5381140,5381140,5381140,5381140,5381140,5381140,5381140,5381140,5381140,5381140,5381140,5381140,5381140,5381140,5381140,5381140,5381140,5381140,5381140,5381140,5381140,5381140,5381140,5381140,5381140,5381140,5381140,5381140,5381140,5381140,5381140,5381140,5381140,5381140,5381140
אושר כהן(mediterranean),mediterranean,未知,אושר כהן,/g/11bt_3d9r2,אושר כהן,chart_params_type=WEEK&perspective=CHART&flags=viral_video_chart&selected_chart=TRACKS&chart_params_id=weekly:20190201:20190207:il,https://i.ytimg.com/vi/ffZ9TVmS6cI/default.jpg,0,65,60+,1207849,2236169,3080141,3843649,4595673,5360351,5956429,6559034,7135991,7656955,8060973,8406454,9201885,9753934,10303815,10994299,11643346,12140186,12625932,13091226,13782908,14418194,14987428,15493602,15979049,16417050,16864202,17773254,18415244,19012230,19593180,20111282,20637827,21071798,21493205,22042599,22551619,23098593,23689694,24772452,25661173,26259854,26940966,27533672,28027843,28523798,28965560,29371835,29751510,30060691,30350462,30713654,31845129,32457208,33047389,33600612,34078151,34634202,35129874,35606615,36034404,36368451,36689099,37011607,37413173,37413173,37413173,37413173,37413173,37413173,37413173,37413173,37413173,37413173,37413173,37413173,37413173,37413173,37413173,37413173,37413173,37413173,37413173,37413173,37413173,37413173,37413173,37413173,37413173,37413173,37413173,37413173,37413173,37413173,37413173,37413173,37413173,37413173,37413173,37413173,37413173,37413173,37413173,37413173,37413173,37413173,37413173,37413173,37413173,37413173,37413173,37413173,37413173,37413173,37413173,37413173,37413173,37413173,37413173,37413173,37413173,37413173,37413173,37413173,37413173,37413173,37413173,37413173,37413173,37413173,37413173,37413173,37413173,37413173,37413173,37413173,37413173,37413173,37413173,37413173,37413173,37413173,37413173,37413173,37413173,37413173,37413173,37413173,37413173,37413173,37413173,37413173,37413173,37413173,37413173,37413173,37413173,37413173,37413173,37413173,37413173,37413173
Noy Fadlon(mediterranean),mediterranean,未知,Noy Fadlon,/g/11f7j1lz54,Noy Fadlon,chart_params_type=WEEK&perspective=CHART&flags=viral_video_chart&selected_chart=TRACKS&chart_params_id=weekly:20190201:20190207:il,https://i.ytimg.com/vi/dX2YlYOWOO4/default.jpg,0,32,30+,733584,1470871,2172988,2820072,3910006,5012935,5870479,6638483,7391434,8295053,8947090,9287252,9566812,9823496,10083865,10349568,10617474,10845083,10845083,10845083,10845083,11391653,11787020,12101866,12375100,12610243,12610243,12610243,12610243,12610243,12860976,12860976,12860976,12860976,12860976,12860976,12860976,12860976,12860976,12860976,12860976,12860976,12860976,13296117,13697757,13995040,14224356,14224356,14224356,14224356,14224356,14224356,14224356,14224356,14503117,14990156,15359567,15624133,15624133,15624133,15624133,15624133,15624133,15624133,15624133,15624133,15624133,15624133,15624133,15624133,15624133,15624133,15624133,15624133,15624133,15624133,15624133,15624133,15624133,15624133,15624133,15624133,15624133,15624133,15624133,15624133,15624133,15624133,15624133,15624133,15624133,15624133,15624133,15624133,15624133,15624133,15624133,15624133,15624133,15624133,15624133,15624133,15624133,15624133,15624133,15624133,15624133,15624133,15624133,15624133,15624133,15624133,15624133,15624133,15624133,15624133,15624133,15624133,15624133,15624133,15624133,15624133,15624133,15624133,15624133,15624133,15624133,15624133,15624133,15624133,15624133,15624133,15624133,15624133,15624133,15624133,15624133,15624133,15624133,15624133,15624133,15624133,15624133,15624133,15624133,15624133,15624133,15624133,15624133,15624133,15624133,15624133,15624133,15624133,15624133,15624133,15624133,15624133,15624133,15624133,15624133,15624133
גיל ויין(mediterranean),mediterranean,未知,גיל ויין,/g/11fj45dlmj,גיל ויין,chart_params_type=WEEK&perspective=CHART&flags=viral_video_chart&selected_chart=TRACKS&chart_params_id=weekly:20190201:20190207:il,https://i.ytimg.com/vi/Mkp9zNM2qoo/default.jpg,0,24,20+,614334,1255143,1892324,2533598,3150890,3711344,4150717,4579912,5019877,5533562,5968903,6317356,6678760,7029101,7390428,7772904,8185935,8558898,8956021,9361227,9743539,10024907,10294880,10294880,10294880,10294880,10294880,10294880,10294880,10294880,10294880,10294880,10294880,10294880,10294880,10294880,10294880,10568169,10568169,10568169,10568169,10568169,10568169,10568169,10568169,10568169,10568169,10568169,10568169,10568169,10568169,10568169,10568169,10568169,10568169,10568169,10568169,10568169,10568169,10568169,10568169,10568169,10568169,10568169,10568169,10568169,10568169,10568169,10568169,10568169,10568169,10568169,10568169,10568169,10568169,10568169,10568169,10568169,10568169,10568169,10568169,10568169,10568169,10568169,10568169,10568169,10568169,10568169,10568169,10568169,10568169,10568169,10568169,10568169,10568169,10568169,10568169,10568169,10568169,10568169,10568169,10568169,10568169,10568169,10568169,10568169,10568169,10568169,10568169,10568169,10568169,10568169,10568169,10568169,10568169,10568169,10568169,10568169,10568169,10568169,10568169,10568169,10568169,10568169,10568169,10568169,10568169,10568169,10568169,10568169,10568169,10568169,10568169,10568169,10568169,10568169,10568169,10568169,10568169,10568169,10568169,10568169,10568169,10568169,10568169,10568169,10568169,10568169,10568169,10568169,10568169,10568169,10568169,10568169,10568169,10568169,10568169,10568169,10568169,10568169,10568169,10568169
מושיקו מור(mediterranean),mediterranean,未知,מושיקו מור,/g/11f40y_bcv,מושיקו מור,chart_params_type=WEEK&perspective=CHART&flags=viral_video_chart&selected_chart=TRACKS&chart_params_id=weekly:20190201:20190207:il,https://i.ytimg.com/vi/n-m2ECf3zRI/default.jpg,0,31,30+,547372,1048414,1898832,3099696,4266214,5397081,6394457,7293759,8163102,8972732,9541604,9979342,10867993,11962271,13040257,14107752,15095443,16018165,16903888,17697611,18413035,19102592,20623108,21923284,23169610,24286063,25314447,26154342,26940169,27650460,28316788,28316788,28316788,28316788,28316788,28316788,28316788,28316788,28316788,28316788,28316788,28316788,28316788,28316788,28316788,28316788,28316788,28316788,28316788,28316788,28316788,28316788,28316788,28316788,28316788,28316788,28316788,28316788,28316788,28316788,28316788,28316788,28316788,28316788,28316788,28316788,28316788,28316788,28316788,28316788,28316788,28316788,28316788,28316788,28316788,28316788,28316788,28316788,28316788,28316788,28316788,28316788,28316788,28316788,28316788,28316788,28316788,28316788,28316788,28316788,28316788,28316788,28316788,28316788,28316788,28316788,28316788,28316788,28316788,28316788,28316788,28316788,28316788,28316788,28316788,28316788,28316788,28316788,28316788,28316788,28316788,28316788,28316788,28316788,28316788,28316788,28316788,28316788,28316788,28316788,28316788,28316788,28316788,28316788,28316788,28316788,28316788,28316788,28316788,28316788,28316788,28316788,28316788,28316788,28316788,28316788,28316788,28316788,28316788,28316788,28316788,28316788,28316788,28316788,28316788,28316788,28316788,28316788,28316788,28316788,28316788,28316788,28316788,28316788,28316788,28316788,28316788,28316788,28316788,28316788,28316788,28316788
Pe'er Tasi(mediterranean),mediterranean,未知,Pe'er Tasi,/g/1yjg7y08j,Pe'er Tasi,chart_params_type=WEEK&perspective=CHART&flags=viral_video_chart&selected_chart=TRACKS&chart_params_id=weekly:20190201:20190207:il,https://i.ytimg.com/vi/qxitY_s5ad4/default.jpg,0,150,150+,545157,974895,1346804,1724523,2619228,3271518,3744204,4169728,4606633,5037585,5381217,5673922,5941936,6219201,6549015,7142084,7555857,7872187,8167600,8478070,8779128,9179912,9461463,9770808,10095200,10386583,10728776,11055078,11466979,11848505,12149019,12429869,12717157,13046968,13306190,13569666,13799563,14050459,14300050,14539756,14789272,15052913,15308181,15540714,15762397,15989249,16207545,16407934,16407934,16407934,16407934,16407934,16407934,16407934,16701016,17109883,17429921,17681189,17681189,17681189,17941526,17941526,17941526,17941526,18254428,18621217,18948292,19266568,19546489,19821293,20178333,20548879,20879242,21167003,21450598,21741807,22024689,22336605,22638566,22930704,23226775,23507555,23892018,24343300,24669869,24955426,25279148,25579376,25886832,26198955,26497790,26807526,27126998,27439951,27751602,28049570,28351263,28643382,28934944,29218565,29499310,29771696,29771696,30061228,30412064,30964329,31458939,31936458,32416120,32893233,33345048,33720304,34098984,34463273,34818887,35186055,35566629,35966471,36371725,36971933,37534562,38016771,38472298,38938420,39379402,39817544,40232964,40657754,41078805,41600048,42108588,42587343,43037357,43453790,43824735,44175507,44574437,44962627,45402116,45858819,46307249,46757693,47212509,47658800,48061911,48452444,48856135,49587856,50431564,51058411,51668178,52230232,52780567,53292752,53826518,54392652,54953019,55551662,56118607,56681873,57270537,57820422
Rotem Cohen(mediterranean),mediterranean,未知,Rotem Cohen,/g/12q4_jyvp,Rotem Cohen,chart_params_type=WEEK&perspective=CHART&flags=viral_video_chart&selected_chart=TRACKS&chart_params_id=weekly:20190201:20190207:il,https://i.ytimg.com/vi/Mj2XWQRXqoo/default.jpg,0,157,150+,511361,1036522,1518233,2041347,3100386,4174193,5208646,6298217,7389739,8590862,9363643,9952538,10484764,11034390,11622403,12227713,12840539,13408671,13983536,14532558,15059267,15553965,16066753,16831122,17470433,18011611,18600326,19230899,19816109,20363887,20901067,21427871,21975693,22493246,22912107,23494908,24061559,24626884,25219566,25745875,26237839,26725951,27216907,27681292,28123452,28560653,28902898,29247041,29711052,30140900,30541525,30926508,31273670,31655531,32013354,32348255,32649479,32924595,33218190,33534659,33880866,34178726,34460320,34753275,35045570,35419055,35819638,36255915,36663406,37092998,37491828,37885077,38267585,38616149,38942533,39279837,39630670,39999966,40368068,40725947,41082218,41419290,42023584,42680830,43240439,43746247,44344759,44925020,45644414,46438763,47171617,47749207,48286411,48788880,49293800,49776694,50213248,50631843,51143294,51610815,52041320,52454362,52917119,53354000,53747766,54111955,54459374,54802363,55158111,55494135,55839639,56121284,56419227,56707097,56960561,57249237,57540335,57802730,58018472,58309870,58641210,59005289,59355585,59692079,59991244,60281746,60545369,60803501,60803501,60803501,60803501,60803501,61084657,61340359,61606239,61861734,62183287,62509102,62883706,63303578,63790669,64256614,64712257,65223735,65677159,66206112,66661248,67030760,67383962,67696507,67996496,68277879,68543239,68786256,68786256,69082467,69361259,69629733,69901847,70183408,70471058,70744781
The Revivo Project(mediterranean),mediterranean,未知,The Revivo Project,/m/0vsy7p2,The Revivo Project,chart_params_type=WEEK&perspective=CHART&flags=viral_video_chart&selected_chart=TRACKS&chart_params_id=weekly:20190201:20190207:il,https://i.ytimg.com/vi/6YLdgIheebs/default.jpg,0,162,160+,483175,964503,1487949,1992575,2503180,3034422,3631666,4215361,4858617,5558145,6194905,6657561,7116358,7552291,8018131,8482876,8943837,9389739,9840172,10368334,10810393,11298136,11746747,12154418,12541721,12912488,13367141,13936048,14558802,15135366,15750652,16372475,17129806,17900579,18566044,19248447,19876025,20464622,21035086,21573429,22116026,22659325,23241388,23760345,24302732,24841341,25355640,25805572,26292771,26766046,27250630,27735266,28230408,28801814,29387580,29973245,30573236,31084039,31676487,32394321,33156099,33784261,34256467,34784341,35231897,35745947,36244868,36820138,37390307,38120416,38832180,39563792,40300173,41008118,41650487,42260111,42784371,43444042,44166743,44908010,45653591,46396186,47463962,48928342,50276653,51544496,52828725,53923239,54966267,55989737,56945339,57864709,58767967,59631928,60490120,61312839,62152539,62934778,63746262,64535632,65323639,66048727,66790243,67515135,68281917,69025983,69818033,70653774,71499867,72415508,73402671,74335424,75221206,76077800,76772620,77462741,78117159,78704880,79245682,79912034,80607356,81388012,82140503,82854326,83503904,84111223,84675419,85258269,85924198,86643321,87469472,88329635,89149158,89925330,90751999,91536403,92389558,93115791,93775039,94454192,95105247,95759249,96444857,97104908,97762835,98409782,99165275,99849931,100511031,101132026,101778822,102423768,103044110,103631729,104222429,104861182,105521048,106221080,106918188,107581478,108277115,108989396
Benaia Barabi(mediterranean),mediterranean,未知,Benaia Barabi,/g/11ff53l48n,Benaia Barabi,chart_params_type=WEEK&perspective=CHART&flags=viral_video_chart&selected_chart=TRACKS&chart_params_id=weekly:20190201:20190207:il,https://i.ytimg.com/vi/rvuUREcKv-Y/default.jpg,0,162,160+,450658,843008,1202077,1555455,1907519,2801220,3559653,4329600,5149704,9066779,12319756,12959563,15314466,17636229,19925221,22790090,25279557,27608721,30124143,32636416,34856438,36943104,37787492,39410600,40854328,42111899,43575593,45218204,46314949,47638511,48930714,50150767,51500998,52930106,54117514,55350112,56403021,57364446,58312502,59216983,60094745,61026731,62310601,63967460,65460417,66955080,68266113,69494475,70318011,71109346,72169083,73184927,74120216,75061912,75973126,76776998,77493938,78178801,78922124,79716308,80557326,81360052,82236167,83035371,83777694,84574950,85395898,86316344,87118522,87962014,88743722,89540498,90295865,90982659,91932318,92770494,93469365,94343584,95222669,96279406,97269283,98244874,99215660,100240698,101129445,101832705,102623945,103316945,104008836,104708253,105387114,106051642,106702398,107321710,107944741,108867917,109791290,110556132,111251803,111893161,112517402,113100993,113666871,114193252,114736624,115235765,115812613,116486960,117180475,117870621,118556054,119036643,119463921,119883555,120315760,121043416,121982413,122873991,123649131,124694976,125825768,126906225,127950274,129023357,129973118,130803989,131545768,132285691,133067270,133861816,134572136,135282963,135999426,136799703,137708358,138494540,139378192,140202069,140960083,141675852,142360201,143018924,143660135,144278536,144993530,145650428,146262991,146802399,147310409,147767891,148221516,148677469,149135280,149609049,150179314,150819387,151459968,152093374,152727645,153328151,153914935,154467608
Ori Ben Ari(mediterranean),mediterranean,未知,Ori Ben Ari,/g/11hc__2098,Ori Ben Ari,chart_params_type=WEEK&perspective=CHART&flags=viral_video_chart&selected_chart=TRACKS&chart_params_id=weekly:20190201:20190207:il,https://i.ytimg.com/vi/PYbvVxGe3dY/default.jpg,0,29,20+,359660,709720,1012495,1522476,2153063,2796613,3297434,3853316,4444065,5024032,5399557,5742079,6097342,6477937,6892029,7284754,7666955,8029992,8400613,8744211,9083600,9407108,9724971,10028285,10300796,10553497,10553497,10553497,10553497,10553497,10553497,10553497,10553497,10553497,10553497,10553497,10553497,10553497,10553497,10553497,10553497,10553497,10553497,10553497,10553497,10553497,10800423,11031680,11260579,11260579,11260579,11260579,11260579,11260579,11260579,11260579,11260579,11260579,11260579,11260579,11260579,11260579,11260579,11260579,11260579,11260579,11260579,11260579,11260579,11260579,11260579,11260579,11260579,11260579,11260579,11260579,11260579,11260579,11260579,11260579,11260579,11260579,11260579,11260579,11260579,11260579,11260579,11260579,11260579,11260579,11260579,11260579,11260579,11260579,11260579,11260579,11260579,11260579,11260579,11260579,11260579,11260579,11260579,11260579,11260579,11260579,11260579,11260579,11260579,11260579,11260579,11260579,11260579,11260579,11260579,11260579,11260579,11260579,11260579,11260579,11260579,11260579,11260579,11260579,11260579,11260579,11260579,11260579,11260579,11260579,11260579,11260579,11260579,11260579,11260579,11260579,11260579,11260579,11260579,11260579,11260579,11260579,11260579,11260579,11260579,11260579,11260579,11260579,11260579,11260579,11260579,11260579,11260579,11260579,11260579,11260579,11260579,11260579,11260579,11260579,11260579,11260579
Eden Hason(mediterranean),mediterranean,未知,Eden Hason,/g/11fd6lzh8q,Eden Hason,chart_params_type=WEEK&perspective=CHART&flags=viral_video_chart&selected_chart=TRACKS&chart_params_id=weekly:20190201:20190207:il,https://lh3.googleusercontent.com/a-/AOh14GhhJJu95yuTqmeTfEoWk2XKBuztAPZIrojaF48dmA,20,162,160+,1812612,3353598,4692312,5976372,7301583,9031835,11904350,15870322,20632150,24880760,28678332,31988824,35373022,39211347,43078728,46589987,49978052,53259230,56325131,58793912,60410398,62090625,63841104,66280993,68454193,70482648,72685250,74883283,77066552,79796083,83116167,86090397,88924834,91544121,93657401,96006453,98083298,100027990,101896148,103593077,105751344,107703686,109547583,111678785,114115498,116200282,118069270,119783635,121615863,123322148,124901069,126502088,128123703,129860025,132430293,135495676,138349181,140960364,143476705,146126594,148942165,151232908,153510956,156844074,160157259,163400811,166316504,169333162,171860124,175144859,177819101,181171666,184817879,188533681,192332204,195997414,198864752,201916224,204774518,207495440,209972494,212413377,214746378,216906396,218711504,220234277,222060677,223844698,225680699,228599098,231863242,235111166,238240099,241215406,244029076,246738826,249408642,251840543,254268377,256567233,258796064,260945505,263091477,265243322,267693047,271018289,274023782,276770513,280136468,284222935,288368154,291571097,294357724,297100976,299862586,302931225,306466955,309415121,312162775,315335831,318487205,321346848,324414398,327694631,330700574,333376902,335765364,337993728,340360410,342559008,345172823,347836855,350349472,352693621,354859511,356746809,358997250,361112397,363151170,365053343,366773266,368812564,371311866,373836079,376228425,378425517,381079759,384319683,387816001,390860591,393688744,396372606,398958275,401338247,403797544,406504015,409658381,413073547,416240884,419412736,422587906,425725033
Netta Barzilai(?),?,未知,Netta Barzilai,/g/11f4lj3qpx,Netta Barzilai,chart_params_type=WEEK&perspective=CHART&flags=viral_video_chart&selected_chart=TRACKS&chart_params_id=weekly:20190201:20190207:il,https://lh3.googleusercontent.com/mpee2-AmNK-aCx-eRkBQqoYB7xY_cE3s_hd4gm24QTGK9jGYp68Zm2xa1ub1YbGhlrEOSYv1VGf1_UqPag,0,63,60+,3492569,5646420,7184174,8399331,9413195,10203714,10946931,11526893,12102860,12662926,13287141,13666618,14067578,15897554,17239147,18187417,18893647,19541962,20069701,20513128,20960664,21388983,21759050,22092559,22442966,22751593,23033928,23321056,23321056,23321056,23321056,23321056,23321056,23321056,23321056,23321056,23321056,23321056,23321056,23321056,23321056,23321056,23605518,23605518,23605518,23605518,24596416,25232021,25891068,26470734,27027414,27593211,28651005,29290107,29848273,30383635,30933578,31447348,31953815,32439691,32920378,33338085,33718029,34101528,34461216,34820135,35272775,35639634,35944591,36274868,36895172,37310159,37667557,37978946,38260921,38260921,38260921,38260921,38260921,38260921,38260921,38260921,38260921,38260921,38551890,38551890,38551890,38551890,38551890,38551890,38551890,38551890,38551890,38551890,38551890,38551890,38551890,38551890,38551890,38551890,38551890,38551890,38551890,38551890,38551890,38551890,38551890,38551890,38551890,38551890,38551890,38551890,38551890,38551890,38551890,38551890,38551890,38551890,38551890,38551890,38551890,38551890,38551890,38551890,38551890,38551890,38551890,38551890,39121275,39844467,40668843,40668843,40668843,40668843,40668843,40668843,40668843,40668843,40668843,40668843,40921124,40921124,40921124,40921124,40921124,40921124,40921124,40921124,40921124,40921124,40921124,40921124,40921124,40921124,40921124,40921124,40921124,40921124,40921124,40921124,40921124,40921124
