热搜,2022-02-15,2022-02-16,2022-02-17,2022-02-18,2022-02-19,2022-02-20,2022-02-21,2022-02-22,2022-02-23,2022-02-24,2022-02-25,2022-02-26,2022-02-27,2022-02-28,2022-03-01,2022-03-02,2022-03-03,2022-03-04,2022-03-05,2022-03-06,2022-03-07,2022-03-08,2022-03-09,2022-03-10,2022-03-11,2022-03-12,2022-03-13,2022-03-14
Вінниця,38,75,115,153,194,229,271,307,342,393,453,491,524,553,588,623,660,704,750,850,890,923,967,1007,1050,1089,1127,1127
Новини Вінниці,1,3,5,7,8,9,10,11,12,22,37,49,58,63,68,73,76,80,84,95,101,104,107,111,114,118,122,122
Одесса сейчас,1,1,1,1,1,1,1,1,2,12,22,31,41,48,54,64,72,83,91,98,104,110,113,117,122,125,130,130
Олег Митяев,0,0,0,0,0,0,0,0,0,0,0,0,0,0,0,0,0,0,0,0,0,0,0,0,0,0,0,0
Россграм,0,0,0,0,0,0,0,0,0,0,0,0,0,0,0,0,0,0,0,0,0,0,0,0,0,0,0,0
Запорожье-2,0,0,0,0,0,0,2,2,2,2,2,2,2,2,5,5,5,5,5,5,5,5,5,5,5,5,5,5
Ким Чен Ын,2,2,4,14,18,20,24,28,33,44,53,66,90,101,101,127,135,153,169,179,188,203,212,227,230,243,256,256
Росатом,0,0,0,0,0,0,0,0,0,2,4,7,7,7,7,7,10,13,13,13,13,13,16,16,22,51,57,57
Словения,9,16,25,35,51,68,83,85,94,105,114,138,150,158,181,198,215,246,285,317,332,357,393,438,490,512,547,547
Су-30,0,0,0,0,0,0,0,2,2,6,22,75,99,104,107,113,213,284,291,304,320,326,332,341,350,350,353,353
Slack,3,8,13,15,17,19,24,34,43,46,46,47,47,50,53,56,57,62,62,64,70,77,77,80,81,83,84,84
Илья Кива,5,12,17,18,19,20,21,24,27,37,43,63,82,112,126,132,134,143,149,172,186,196,200,209,226,237,249,249
Манчестер юнайтед – Атлетико Мадрид,0,0,0,0,0,0,0,0,0,0,0,0,0,0,0,0,0,0,0,0,0,0,0,0,0,0,0,0
Новини Вінниця,4,9,15,22,24,26,29,36,41,99,199,239,275,300,323,340,352,369,387,462,484,492,509,521,537,561,573,573
Су-30см,0,0,0,0,0,0,0,0,0,1,3,8,8,8,8,9,9,10,12,14,14,14,14,14,21,21,21,21
Аякс – Бенфика,0,0,0,0,0,0,0,0,0,0,0,0,0,0,0,0,0,0,0,0,0,0,0,0,0,0,0,0
Искандер,1,1,1,1,2,3,4,5,6,12,19,28,118,218,245,263,281,288,295,339,350,374,398,443,461,470,477,477
Мобилизация В Украине,0,0,0,0,2,4,5,9,18,50,71,75,77,79,82,86,112,124,130,134,138,141,145,150,154,157,159,159
Никополь,10,19,29,40,52,65,76,89,99,115,132,154,174,183,198,210,225,241,254,264,274,282,298,314,328,343,360,360
Рябошапка,0,0,0,0,0,0,0,0,0,0,0,0,0,0,0,0,0,0,0,0,0,0,0,0,0,0,0,0
Аэропорт Днепр,2,3,3,4,6,7,8,9,12,41,46,47,49,50,51,52,53,53,54,56,56,57,58,60,62,63,64,64
Воєнний стан в Україні,1,1,2,2,2,2,6,17,44,144,147,150,153,157,162,170,174,179,182,186,189,190,196,201,202,204,207,207
Комендантский час Киев,0,0,0,0,0,0,0,0,3,39,57,155,192,247,289,322,352,394,430,461,481,499,517,528,543,560,573,573
Мобілізація 2022,0,0,0,0,2,2,4,10,23,45,66,71,72,76,79,80,97,104,112,117,123,128,133,141,145,151,154,154
Придністров'я,1,1,1,1,1,2,2,2,2,6,8,10,11,12,13,14,19,21,22,34,36,36,38,41,43,43,44,44
Бернар-Анри Леви,0,0,0,0,0,0,0,0,0,0,0,0,0,0,0,0,7,7,7,7,7,7,7,7,7,7,7,7
Настя Каменских,56,95,134,157,210,262,288,318,388,406,443,475,575,621,648,682,695,717,748,786,808,830,858,908,937,975,983,983
Олександр Павлюк,0,0,4,4,9,14,14,14,18,18,18,18,18,18,18,18,18,25,40,40,47,47,47,47,47,47,47,47
Царев,26,35,44,58,79,89,98,102,119,182,256,306,377,410,410,410,423,423,439,462,462,477,498,512,534,549,564,564
Эдуард Москалев,0,0,0,0,0,0,0,0,0,0,0,0,0,0,0,0,0,0,0,0,0,0,0,0,0,0,0,0
Лилия Гильдеева,0,0,0,0,0,0,0,0,0,0,0,0,0,0,0,1,1,1,1,1,1,1,1,1,1,1,1,1
Навальный,8,12,14,18,19,21,28,30,35,47,53,57,67,76,87,113,134,154,179,196,205,209,223,233,241,259,267,267
Оксимирон,5,6,11,15,19,23,27,30,32,42,48,54,61,64,66,67,71,74,76,80,82,86,90,94,109,125,131,131
Точка-У,0,0,0,0,0,2,4,5,6,7,18,24,31,35,53,54,56,61,73,104,112,116,118,120,122,125,127,127
Херсонская область,12,25,43,64,77,94,112,128,140,240,281,313,335,365,386,406,425,442,466,476,489,511,536,573,599,625,645,645
Антон Геращенко,0,1,2,5,5,5,5,6,29,95,137,173,216,233,242,262,280,297,315,328,330,340,359,404,431,439,457,457
Завод Антонова,0,0,0,0,0,0,1,1,2,30,33,33,40,40,42,42,42,44,47,52,54,54,56,56,58,58,60,60
Илон Маск,16,28,32,41,53,62,81,95,111,115,133,207,307,394,466,509,542,564,600,697,727,734,758,789,813,836,859,859
Марина Овсянникова,0,0,0,0,0,0,0,0,0,0,0,0,0,0,0,0,0,0,0,0,0,0,0,0,0,0,0,0
ПАСЕ,0,0,0,0,2,7,8,9,9,9,54,69,71,73,73,75,77,79,79,79,79,79,79,79,81,81,83,83
Игорь Кондратюк,0,0,2,2,2,3,3,4,4,4,5,5,13,17,21,21,21,21,21,23,23,23,23,23,23,23,23,23
Мальорка – Реал Мадрид,0,0,0,0,0,0,0,0,0,0,0,0,0,0,0,0,0,0,0,0,0,0,0,0,0,0,0,0
Моргенштерн,36,91,137,193,237,285,312,344,381,437,473,516,547,577,603,637,673,713,764,791,829,867,900,929,979,1029,1081,1081
Снежана Егорова,2,4,6,7,10,13,15,29,34,48,52,57,100,200,235,248,255,263,267,275,277,279,285,287,293,297,307,307
Ставище,6,12,16,24,31,32,36,47,51,62,68,77,104,113,119,126,131,143,158,173,181,189,208,218,232,247,266,266
Бердянск,10,19,30,42,51,60,71,82,93,120,150,195,258,315,338,349,361,371,380,385,390,396,404,412,422,431,441,441
Геращенко,1,1,1,1,1,1,1,2,6,15,22,37,45,50,52,57,61,65,68,70,72,73,77,85,91,93,99,99
Кристал пэлас – Манчестер Сити,0,0,0,0,0,0,0,0,0,0,0,0,0,0,0,0,0,0,0,0,0,0,0,0,0,0,0,0
Новини Рівного,5,10,14,18,22,25,30,33,39,54,90,111,125,135,148,158,166,175,182,190,200,206,211,218,233,246,258,258
Рівне,52,109,161,215,266,316,368,421,477,539,639,692,734,779,824,866,909,959,1002,1056,1109,1162,1212,1275,1338,1392,1449,1449
ДТ-30 Витязь,0,0,0,0,0,0,0,0,0,0,0,0,0,0,0,0,0,0,0,0,0,0,0,0,0,0,0,0
Иран,0,0,0,0,0,0,1,2,3,4,5,6,6,8,9,13,14,14,15,17,18,20,21,21,22,45,145,145
Мощун,0,0,0,0,0,0,0,0,0,0,0,0,0,0,0,0,0,0,0,0,0,1,1,6,7,8,11,11
Сніжана Єгорова,0,0,0,0,0,0,0,1,1,1,1,1,3,5,6,6,6,6,6,6,6,6,6,6,6,6,6,6
Христо Грозев,0,0,0,0,0,0,0,0,0,2,2,3,5,6,6,8,8,29,37,41,45,47,59,71,78,82,87,87
Кадыров,2,3,3,4,5,6,7,9,11,14,55,155,216,246,263,272,289,310,329,341,353,363,374,388,396,406,436,436
Міжнародний центр миротворчості та безпеки,0,0,0,0,0,0,0,0,0,0,0,0,0,0,0,0,0,0,0,0,0,0,0,0,0,0,32,32
Подоляк,0,0,0,0,0,0,0,0,0,4,14,21,26,46,54,61,75,92,100,110,124,129,134,139,146,156,180,180
Яворів,2,4,5,7,9,10,11,13,14,17,21,23,24,25,28,29,30,31,34,36,38,40,44,46,50,54,123,123
Яворівський полігон,0,0,0,0,0,0,0,0,0,1,1,2,2,2,2,2,2,2,2,3,3,3,3,3,3,3,72,72
Starlink,0,1,2,2,2,2,2,2,3,3,3,49,149,197,254,263,276,285,300,317,325,330,346,358,362,390,482,482
Псж – Бордо,0,0,0,0,0,0,0,0,0,0,0,0,0,0,0,0,0,0,0,0,0,0,0,0,0,0,0,0
Саратов,1,2,4,5,5,6,7,8,8,10,11,13,15,16,18,20,23,24,24,25,25,27,27,28,29,29,86,86
Святогорская Лавра,2,2,2,2,3,4,5,6,7,8,9,11,12,12,12,13,13,15,16,17,19,21,23,25,25,30,66,66
Фосфорні бомби,0,0,0,0,0,0,0,0,0,0,0,0,0,0,0,0,0,0,0,0,0,0,0,0,0,4,51,51
Іран,1,1,1,1,2,3,3,3,3,3,4,6,7,7,8,9,10,11,12,15,16,18,19,19,20,37,129,129
Барселона – Осасуна,0,0,0,0,0,0,0,0,0,0,0,0,0,0,0,0,0,0,0,0,0,0,0,0,0,0,0,0
Медведчук,2,4,4,7,16,19,28,39,44,52,67,76,176,201,211,217,220,227,297,313,332,347,355,366,379,390,432,432
ООС,2,4,26,36,51,68,83,105,129,211,236,246,252,258,263,274,280,283,286,289,292,295,300,303,304,313,358,358
Скадовск,3,7,11,15,18,20,24,29,33,51,58,64,67,70,74,81,85,88,91,94,94,97,160,166,174,188,251,251
Волноваха,0,1,2,3,4,4,5,6,7,10,14,18,33,45,53,60,65,68,74,77,78,80,82,84,89,102,108,108
Китай,3,6,8,10,13,17,20,24,27,43,55,60,66,75,80,85,89,93,98,102,105,109,112,118,122,126,137,137
Львів,50,102,158,215,268,322,374,427,479,548,632,711,766,819,876,936,994,1057,1122,1185,1254,1320,1385,1457,1538,1609,1709,1709
Никас Сафронов,0,0,0,0,0,0,0,0,0,0,0,0,0,0,0,0,0,0,0,0,0,0,0,0,0,0,1,1
Центр миротворчості та безпеки,0,0,0,0,0,0,0,0,0,0,0,0,0,0,0,0,0,0,0,0,0,0,0,0,0,0,11,11
Васильков,2,4,6,8,10,11,13,15,16,26,35,104,135,149,157,161,165,169,171,173,177,180,182,184,187,206,208,208
Львів новини,7,15,22,29,35,40,46,55,64,102,149,197,223,242,262,284,299,310,323,333,343,355,364,376,395,414,477,477
Манчестер юнайтед – Тоттенхэм,0,0,0,0,0,0,0,0,0,0,0,0,0,0,0,0,0,0,0,0,0,0,0,0,0,0,0,0
Мелитополь,14,31,48,67,84,101,118,135,151,244,344,410,436,462,500,535,568,600,629,642,655,675,691,715,747,780,818,818
Фосфорные бомбы,0,0,0,0,0,0,0,0,0,0,0,0,1,2,3,3,3,3,3,3,3,3,3,4,4,9,34,34
Васильків,2,4,7,9,11,13,15,17,20,27,34,74,97,103,108,112,117,123,125,126,128,130,134,136,139,155,159,159
Гало,0,0,0,0,0,0,0,0,0,0,0,0,0,0,0,0,0,0,0,0,0,0,0,1,1,74,100,100
Кропивницький,10,20,29,42,49,56,66,75,84,96,117,131,142,158,182,197,212,229,245,257,269,285,302,314,328,356,377,377
Литва,3,7,10,12,14,16,19,23,28,33,36,42,46,49,53,57,62,70,77,83,88,94,99,107,117,132,147,147
Мукачево,20,38,58,80,101,119,139,159,178,207,243,280,319,359,400,437,479,523,574,626,681,742,797,851,913,1013,1068,1068
Байден,16,26,33,54,80,87,97,128,144,212,229,245,259,272,279,296,303,311,321,335,344,359,368,375,390,402,426,426
Баштанка,1,3,5,6,7,8,10,11,12,12,14,15,16,18,118,148,156,173,179,182,186,188,190,194,196,202,218,218
Брайтон – ліверпуль,0,0,0,0,0,0,0,0,0,0,0,0,0,0,0,0,0,0,0,0,0,0,0,0,0,5,6,6
Милан – Эмполи,0,0,0,0,0,0,0,0,0,0,0,0,0,0,0,0,0,0,0,0,0,0,0,0,0,0,0,0
ППО,1,2,3,3,3,4,4,5,6,13,34,56,69,77,84,90,112,121,129,146,161,169,176,181,193,221,240,240
Канатово,0,0,0,0,0,0,0,0,0,4,10,11,12,17,72,75,75,75,76,77,77,78,79,80,80,106,119,119
Нафтали Беннет,0,0,0,0,0,0,0,0,0,0,0,0,0,0,0,0,0,0,3,6,6,6,6,7,8,17,17,17
Татьяна Навка,0,0,1,1,1,1,1,2,3,3,3,4,5,6,7,7,8,8,9,9,9,10,11,11,13,17,20,20
Хорватия,3,4,7,10,12,15,16,18,21,21,21,23,26,30,32,34,39,44,48,52,58,60,64,71,171,196,207,207
ЧАЕС,0,1,1,2,2,3,4,5,6,43,56,59,63,64,66,68,71,84,87,89,89,90,106,120,149,158,165,165
Івано-Франківськ,27,50,73,94,113,134,158,175,198,221,243,261,277,298,316,333,351,372,391,410,434,457,479,503,534,557,584,584
Ивано-Франковск,1,2,3,4,6,7,8,9,11,15,17,20,22,26,29,33,36,41,46,52,60,67,74,82,97,104,112,112
Лукашенко,2,4,5,8,10,12,15,18,22,31,43,56,109,132,150,164,179,189,198,204,211,216,223,231,261,280,291,291
Луцьк,32,64,98,135,163,195,228,262,297,351,395,421,445,472,498,524,550,579,606,635,667,701,733,771,871,908,940,940
Новости Днепра,4,7,10,13,17,20,23,27,32,69,95,123,163,188,210,229,247,264,283,303,327,344,363,380,431,481,510,510
Александр Куницкий,0,0,0,0,0,0,0,0,0,0,0,0,0,0,0,0,0,1,1,1,1,1,1,1,10,23,25,25
Баришівка,1,2,2,3,4,5,7,8,8,10,12,13,14,15,17,34,38,40,42,46,49,51,52,54,78,85,88,88
Брест,3,4,6,7,8,11,12,15,18,19,44,48,53,57,60,62,66,71,73,74,77,80,82,83,92,147,162,162
Білорусь,3,5,7,9,11,14,16,17,20,34,40,46,86,104,125,141,152,160,163,168,170,174,176,179,245,258,267,267
Днепр новости,7,18,23,32,38,46,56,68,77,155,210,263,338,380,418,455,486,516,543,580,610,632,660,689,789,866,905,905
Leroy Merlin,4,5,8,13,13,13,17,18,21,27,29,29,29,38,42,42,44,44,47,49,49,54,56,58,158,178,195,195
Андрей Колесников генерал,0,0,0,0,0,0,0,0,0,0,0,0,0,0,0,0,0,0,0,0,0,0,0,0,71,93,95,95
Маргарита Симоньян,1,1,1,7,23,30,34,38,44,50,57,63,124,143,152,159,168,182,195,200,205,207,221,228,271,306,313,313
Мэр Мелитополя,0,0,0,0,0,0,0,0,0,3,13,15,15,19,21,21,21,26,29,31,36,38,40,42,94,179,196,196
Су-34,0,0,0,0,2,2,2,2,2,3,3,3,10,21,28,28,71,85,138,173,187,194,199,199,230,277,284,284
Meta,14,24,38,49,60,70,82,96,109,116,129,135,144,156,163,175,179,191,200,204,210,220,228,235,270,289,299,299
Армия беларуси,0,0,0,1,1,1,1,2,2,3,3,6,37,45,62,68,72,73,75,75,76,80,81,81,128,132,136,136
Евгений Дейдей,0,0,0,0,0,0,0,0,0,0,0,0,0,0,0,0,0,0,0,0,0,0,0,73,86,92,99,99
Копани Беларусь,0,0,0,0,0,0,0,0,0,0,0,0,0,0,0,0,0,0,0,0,0,0,0,0,33,37,38,38
Проект Адам,2,4,8,9,12,16,16,17,18,19,19,20,21,24,33,37,41,48,50,55,56,58,60,64,96,166,266,266
Аталанта – Байер,0,0,0,0,0,0,0,0,0,0,0,0,0,0,0,0,0,0,0,0,0,0,0,0,0,0,0,0
Барселона – Галатасарай,0,0,0,0,0,0,0,0,0,0,0,0,0,0,0,0,0,0,0,0,0,0,0,0,0,0,0,0
Вячеслав Зинуров,0,0,0,0,0,0,0,0,0,0,0,0,0,0,0,0,0,0,0,0,0,0,0,81,149,157,159,159
Дмитрий Демьяненко СБУ,0,0,0,0,0,0,0,0,0,0,0,0,0,0,0,0,0,0,0,0,0,0,0,100,169,177,179,179
Макс Барских,9,19,29,46,54,69,80,95,102,102,103,111,114,115,118,135,197,270,336,384,470,516,533,632,720,773,814,814
Аваков,0,0,0,1,1,1,3,4,5,5,6,7,8,11,12,12,13,14,15,16,17,18,19,36,40,41,43,43
Кривой Рог,54,107,161,210,259,309,357,406,451,522,594,659,715,794,887,948,1008,1067,1126,1177,1235,1285,1356,1456,1530,1586,1650,1650
Ніжин,1,4,5,7,8,10,11,12,14,18,24,34,36,38,40,42,43,44,45,47,48,50,51,59,64,66,67,67
Панцирь С1,0,0,0,0,0,0,0,0,0,0,0,0,0,2,4,7,8,14,15,19,25,26,26,36,38,38,39,39
Триолан,2,4,5,7,10,12,14,16,17,36,41,43,45,47,50,56,62,66,68,71,72,74,80,98,109,116,120,120
Бенедикт Камбербэтч,2,5,5,5,6,9,10,11,11,12,12,12,14,15,16,25,26,28,31,34,39,42,44,55,71,78,94,94
Газманов,6,17,21,27,36,50,57,63,73,76,77,82,93,121,144,164,180,186,236,254,308,322,359,402,432,452,476,476
Ліга Європи,2,9,80,137,143,144,148,154,161,201,235,238,244,252,253,257,260,263,265,265,267,272,280,357,391,393,396,396
Нежин,31,62,92,136,191,251,303,340,373,455,555,619,662,713,754,789,816,847,894,927,956,982,1014,1085,1142,1177,1218,1218
Норвич – Челси,0,0,0,0,0,0,0,0,0,0,0,0,0,0,0,0,0,0,0,0,0,0,0,0,0,0,0,0
Uniqlo,1,2,4,5,7,9,10,11,13,14,15,15,16,16,18,18,18,19,20,21,37,40,40,56,60,67,70,70
Western Union,5,6,11,14,18,22,24,24,28,33,43,47,53,60,69,74,83,93,101,108,114,118,132,149,163,169,175,175
Лига конференций,1,2,16,30,34,34,35,36,36,42,51,55,58,60,62,63,64,64,65,65,67,69,71,86,97,100,101,101
Реал мадрид – ПСЖ,0,0,0,0,0,0,0,0,0,0,0,0,0,0,0,0,0,0,0,0,0,0,0,0,0,0,0,0
Факти,89,175,253,321,364,437,528,620,720,795,867,917,973,1022,1070,1116,1166,1220,1259,1303,1351,1379,1418,1453,1485,1526,1559,1559
Искандер-М,0,0,0,0,0,0,0,0,0,0,0,0,0,0,0,0,0,0,0,0,0,0,0,3,4,4,4,4
Лавров,2,3,4,5,7,9,11,14,16,18,30,37,41,43,57,66,74,78,82,85,90,95,104,138,144,148,151,151
Мариуполь,39,82,120,161,208,246,288,335,379,479,562,643,711,769,819,860,896,932,980,1013,1036,1065,1122,1188,1236,1286,1330,1330
Тарас Шевченко,4,8,11,15,17,21,26,32,37,38,40,42,44,47,49,51,55,60,64,70,77,83,124,132,136,140,144,144
Химическое оружие,0,0,0,0,0,0,0,0,0,0,0,1,2,2,2,2,2,2,2,2,2,2,10,28,40,41,48,48
Starstreak,0,0,0,1,1,1,1,1,1,1,1,1,1,1,1,1,1,1,1,1,1,1,85,110,133,143,151,151
Дергачи,6,12,22,30,37,39,44,50,61,81,108,119,123,132,136,142,151,163,168,173,180,185,241,267,286,297,308,308
ЗНО 2022,37,69,100,129,149,177,205,234,261,264,268,276,282,298,313,333,344,358,368,385,402,443,518,563,613,642,655,655
Лига Европы,6,21,121,177,185,190,196,202,208,270,317,326,335,338,340,342,343,348,351,352,359,368,388,468,516,530,534,534
Манчестер сити – Спортинг,0,0,0,0,0,0,0,0,0,0,0,0,0,0,0,0,0,0,0,0,0,0,0,0,0,0,0,0
Kraken,1,2,4,5,5,5,7,7,8,9,9,9,9,10,11,12,12,13,14,17,19,19,39,55,71,76,90,90
МАГАТЕ,0,0,0,0,0,0,0,0,0,2,4,7,7,7,8,8,18,56,57,81,88,90,99,107,112,115,118,118
МіГ-29,0,0,0,0,0,0,0,0,0,1,5,11,12,17,25,27,27,28,28,29,30,37,43,46,47,47,47,47
ООН,7,15,30,45,53,60,71,99,112,141,191,234,289,369,467,567,613,652,673,687,708,760,781,796,815,829,843,843
Чичваркин,1,1,1,2,2,2,3,4,5,7,7,8,10,11,16,18,21,21,22,23,25,27,56,70,75,77,83,83
Виталий Герасимов,0,0,0,0,0,0,0,0,0,0,0,0,0,0,0,0,0,0,0,0,49,149,164,171,177,179,179,179
ЗРК Patriot,0,0,0,0,1,1,1,1,2,2,2,3,3,3,5,5,6,6,6,6,6,7,20,40,45,45,45,45
МиГ-29,0,1,1,1,1,2,3,3,4,8,19,26,29,51,72,77,84,90,94,103,106,128,138,141,145,150,153,153
Наталья Поклонская,0,1,1,1,1,1,1,1,2,3,3,3,3,3,3,6,12,12,13,13,13,105,125,128,129,130,130,130
Хімічна зброя,1,1,1,3,4,4,4,4,4,5,5,6,7,7,7,7,9,9,9,9,9,9,44,99,152,154,170,170
Внук Софии Ротару,0,0,0,0,0,0,0,0,0,0,0,0,0,0,0,0,0,0,0,0,0,24,37,42,49,57,58,58
Ливерпуль – Интер,0,0,0,0,0,0,0,0,0,0,0,0,0,0,0,0,0,0,0,0,0,0,0,0,0,0,0,0
Лига чемпионов,79,176,229,246,255,262,274,318,396,422,434,440,445,451,461,468,473,480,484,489,500,545,645,706,728,738,745,745
План Маршалла,1,1,1,1,1,1,1,1,1,1,1,1,1,1,1,2,3,3,4,5,5,59,92,97,99,102,105,105
Презентация Apple 2022,0,0,0,0,0,0,0,0,0,0,0,0,0,0,0,0,0,0,0,0,1,23,29,30,31,31,31,31
Spotify,3,5,8,11,14,17,20,22,25,26,27,28,30,32,36,38,41,44,47,50,53,60,66,69,71,73,75,75
Бавария,2,16,23,24,25,30,32,33,33,34,35,38,39,40,51,51,52,53,62,64,65,80,90,92,94,101,103,103
Кабаева,0,1,2,2,2,2,3,4,5,5,6,8,9,12,15,17,22,27,33,37,44,53,65,69,75,85,94,94
С 8 марта поздравления,0,0,0,0,0,0,0,0,0,0,0,0,0,0,0,0,1,2,5,7,24,124,126,127,127,128,128,128
Соловьев,2,4,7,9,12,16,20,23,31,39,45,56,79,96,110,129,138,146,156,163,169,187,206,216,224,234,240,240
Ліга чемпіонів,4,13,19,21,22,23,24,29,36,39,40,40,40,41,42,43,44,44,44,44,45,49,58,64,67,68,69,69
Макдональдс,5,9,13,18,27,33,37,41,45,48,51,54,56,58,59,60,62,64,67,71,75,83,90,96,103,109,115,115
Суми,8,15,22,28,34,39,46,52,60,103,131,149,163,175,187,198,212,221,232,244,254,271,282,294,304,314,323,323
Сумы,29,57,82,112,141,167,195,224,249,349,417,473,511,544,580,614,649,675,715,746,776,815,852,885,913,939,969,969
Тайвань,1,2,2,3,4,4,5,6,7,39,65,70,76,80,81,83,85,86,87,89,92,95,97,99,101,103,110,110
Вагнерівці,0,0,0,0,0,0,0,0,0,0,0,0,0,0,0,0,0,0,0,0,0,1,1,1,1,1,1,1
Поздравление С 8 марта,0,0,0,0,0,0,0,0,0,0,0,0,0,0,0,0,0,0,0,0,3,25,25,25,25,25,25,25
Привітання з 8 Березня,0,0,0,0,0,0,0,0,0,0,0,0,0,0,0,0,0,0,0,0,2,25,25,25,25,25,25,25
С 8 марта,0,0,0,0,0,0,0,0,0,0,0,0,0,0,0,0,0,1,3,4,18,118,120,121,121,121,121,121
С восьмым марта,0,0,0,0,0,0,0,0,0,0,0,0,0,0,0,0,0,0,0,0,0,2,2,2,2,2,2,2
Василий Быков корабль,0,0,0,0,0,0,0,0,0,2,2,2,2,2,2,2,2,2,2,2,57,81,86,86,88,90,92,92
Дія,45,89,129,168,188,207,245,281,318,327,342,360,376,393,408,428,446,471,484,517,617,697,754,809,871,913,959,959
Изюм,9,20,30,39,51,62,68,78,84,96,112,131,149,166,179,218,296,320,343,369,431,496,532,563,600,628,649,649
Переговоры Украина россия 3 раунд,0,0,0,0,0,0,0,0,0,0,0,0,0,0,0,0,2,6,15,22,78,91,91,91,92,93,93,93
Юрий Бойко,1,2,3,3,4,5,6,7,7,8,10,12,16,17,18,20,21,21,21,23,113,132,136,136,136,136,137,137
8 березня 2022,1,2,2,2,2,3,4,5,6,6,6,6,6,6,6,6,6,8,8,9,17,117,122,123,124,124,124,124
Дефолт,0,1,1,1,2,3,3,4,5,5,5,7,8,11,13,40,57,67,72,80,99,132,156,171,187,196,203,203
Прилуки,6,11,18,28,36,42,50,56,61,67,78,86,104,116,130,140,146,153,158,166,185,194,201,210,215,224,229,229
Тузлы,0,0,0,0,0,0,0,0,0,0,1,1,1,1,1,1,1,1,1,9,31,33,34,35,37,37,37,37
Янукович,1,4,5,6,8,10,12,14,16,19,23,28,33,37,40,72,83,87,96,101,123,145,150,154,158,162,166,166
Арахамия,0,0,0,0,0,0,0,0,0,0,0,1,8,27,29,32,37,46,49,57,62,64,65,66,66,66,67,67
Дефолт это,0,0,0,0,0,0,0,0,0,0,0,0,0,0,0,5,8,10,11,12,15,19,22,24,27,29,30,30
Малин,1,3,4,5,6,7,8,9,10,11,13,15,18,20,21,22,23,25,26,29,36,43,51,54,56,57,59,59
Николаев,35,66,99,135,169,201,238,272,304,376,476,570,639,697,758,812,869,935,1006,1071,1149,1208,1269,1324,1394,1455,1519,1519
Чугуїв,0,0,0,0,0,0,0,0,0,4,4,4,4,4,5,5,5,5,5,7,11,12,12,12,12,12,12,12
ОБСЕ,1,2,3,4,6,8,10,11,12,16,18,29,31,32,46,54,58,59,61,64,74,77,77,77,77,78,79,79
Панцирь-С1,0,0,0,0,0,0,0,0,0,0,0,0,0,0,0,0,0,1,1,1,2,2,2,5,6,6,6,6
Паша Ли,0,0,0,0,0,0,0,0,0,0,0,0,0,0,0,0,0,0,0,63,88,95,99,101,103,105,107,107
Прощеное воскресенье,0,0,0,0,0,1,1,1,1,1,1,1,2,3,3,3,3,3,8,108,111,112,112,112,112,112,112,112
Шойгу,1,2,2,2,3,4,8,9,11,12,13,17,21,26,37,44,47,51,67,130,174,185,196,206,217,232,242,242
Винница,22,45,66,87,112,134,157,179,200,231,275,301,325,352,375,408,444,489,547,647,699,738,775,812,852,888,926,926
Виталий Ким,0,0,0,0,0,0,0,0,0,0,1,3,4,5,9,13,17,22,29,42,61,81,91,100,108,117,132,132
Манчестер сити – Манчестер Юнайтед,0,0,0,0,0,0,0,0,0,0,0,0,0,0,0,0,0,0,0,0,0,0,0,0,0,0,0,0
Приднестровье,1,2,2,3,6,9,12,16,19,26,32,37,42,44,49,54,64,78,85,114,120,123,128,132,141,145,148,148
Тина Канделаки,0,0,0,0,0,0,0,0,0,0,3,11,14,15,16,18,19,20,21,34,38,40,41,41,41,42,43,43
Віталій Кім,0,0,0,0,0,0,0,0,0,0,1,1,3,6,10,14,19,32,64,96,170,238,284,320,355,381,435,435
КОРД,1,3,4,7,9,14,15,16,19,20,24,24,27,29,32,38,39,43,44,61,81,92,93,95,103,108,122,122
МАГАТЭ,0,0,1,1,1,1,1,1,1,3,4,4,9,9,10,13,20,67,73,173,184,191,204,212,213,216,218,218
Олег Ширяев,0,0,0,0,0,0,0,0,0,0,0,0,0,0,0,0,0,0,0,29,44,45,46,46,46,46,46,46
Сергей Шойгу,0,1,1,2,3,4,5,5,6,7,8,9,9,11,14,17,18,21,23,49,93,101,105,105,106,110,112,112
Барселона,5,10,37,44,48,70,76,81,84,98,105,107,119,128,130,132,135,138,142,159,165,168,170,184,193,197,214,214
Денис Киреев,0,0,0,0,0,0,0,0,0,0,0,0,0,0,0,0,0,0,100,110,113,115,115,115,115,116,116,116
Калибр ракета,0,0,0,0,0,0,0,0,0,8,20,26,29,33,43,49,51,53,55,62,71,77,80,83,86,88,91,91
Павел ли,0,0,0,0,0,0,0,0,0,0,0,0,0,0,0,0,0,0,0,3,4,4,5,5,5,5,5,5
Хмельницький,26,51,77,102,126,149,174,198,224,253,290,321,346,372,400,429,458,492,522,561,595,626,660,692,724,754,782,782
Арестович,1,2,3,4,5,6,8,9,11,33,54,70,91,116,135,161,186,227,282,340,394,469,521,565,631,731,825,825
Белгород,4,8,11,15,21,26,31,39,45,61,71,87,97,106,118,126,137,146,192,209,221,227,234,240,247,254,260,260
Демилитаризация,0,0,0,0,0,0,0,54,71,129,157,167,173,270,299,325,344,354,394,405,442,450,454,463,468,470,471,471
Краматорск,23,47,70,98,120,140,165,189,213,246,272,295,316,346,372,398,419,439,477,510,533,551,580,602,624,650,682,682
Тор,3,6,8,12,14,18,21,23,25,28,31,34,38,42,47,54,58,62,95,143,154,162,169,179,186,190,200,200
IBM,4,5,9,14,17,19,23,26,27,30,30,30,30,32,34,38,40,40,140,156,160,179,181,183,183,185,189,189
Алла пугачёва,0,4,9,21,29,33,34,35,45,49,54,56,56,56,58,58,60,62,66,86,109,117,121,125,131,138,147,147
Борис Апрель,2,8,10,17,20,21,22,25,25,25,25,25,25,27,27,27,29,29,126,201,233,252,260,260,260,262,264,264
Рома – Аталанта,0,0,0,0,0,0,0,0,0,0,0,0,0,0,0,0,0,0,0,0,0,0,0,0,0,0,0,0
Эрдоган,1,4,4,4,6,6,14,28,46,87,108,154,166,170,184,188,192,196,225,295,301,314,328,338,346,361,370,370
Ірпінь,6,14,20,25,32,38,43,49,54,65,86,97,121,133,139,155,175,188,222,260,282,297,310,319,324,334,347,347
Алексей Арестович,0,0,0,1,2,2,3,3,3,12,18,24,31,43,51,59,72,86,107,131,147,171,189,204,222,254,285,285
Белая церковь,23,45,62,90,114,131,149,167,187,213,242,270,294,343,385,410,431,466,516,545,576,593,610,635,657,673,692,692
Давид Арахамия,0,1,1,1,1,2,2,2,2,2,2,4,23,61,63,68,75,91,96,107,112,116,119,120,120,121,122,122
Смерч,1,4,7,9,11,14,17,19,23,64,112,163,185,215,243,258,276,292,392,419,471,486,497,514,530,546,564,564
Біла Церква,11,28,42,56,69,81,96,106,117,130,145,159,169,200,227,244,255,270,292,304,314,328,340,354,367,380,393,393
Запорізька АЕС,0,0,0,0,0,0,0,0,0,0,0,1,1,1,1,2,7,40,43,43,43,43,44,44,45,46,46,46
Кива,3,10,14,15,16,18,19,21,24,29,32,42,52,67,75,81,85,93,99,116,126,130,133,137,149,162,169,169
Кока кола,0,1,2,3,4,4,5,5,6,7,7,7,7,8,9,10,14,39,54,59,62,65,69,73,74,75,77,77
Шуфрич,0,0,1,22,86,101,109,112,114,115,118,122,126,127,128,130,131,231,288,303,308,312,313,315,316,318,320,320
Акунин,3,5,5,7,9,10,11,14,17,18,20,20,21,24,26,27,30,70,170,227,255,284,302,323,332,343,351,351
Людмила Нарусова,0,0,0,0,0,0,0,0,0,0,0,1,1,2,5,13,16,40,54,65,69,71,72,73,74,75,75,75
Мила Кунис,0,1,1,2,3,4,5,6,7,7,9,10,11,16,19,20,22,64,76,82,90,96,105,112,125,130,138,138
Никита Михалков,0,1,1,1,3,4,4,4,5,5,8,10,14,17,18,19,19,35,53,56,56,57,59,62,62,62,63,63
Тростянець,2,6,12,14,18,22,25,27,29,34,45,62,77,86,110,208,234,300,339,357,365,372,383,399,405,416,421,421
Будапештский меморандум,2,5,8,11,42,68,81,90,96,101,107,109,112,114,115,116,119,129,140,145,152,156,160,161,164,168,170,170
Друга світова Війна,3,5,8,11,14,17,21,23,26,37,44,48,55,63,71,76,82,108,123,135,152,165,176,183,192,197,208,208
Запоріжжя,16,30,45,58,65,74,89,105,117,142,188,228,258,291,320,352,388,488,518,546,562,579,596,614,631,650,675,675
Калий йодид,0,1,1,1,1,1,2,2,2,2,2,2,4,12,14,18,21,56,63,65,67,68,70,72,76,79,80,80
Новопсков,1,3,6,7,11,14,16,18,20,23,27,29,32,35,37,39,43,60,96,102,104,108,110,113,115,117,119,119
EPAM,1,2,4,5,6,7,8,9,11,11,12,12,12,13,19,21,22,29,33,34,35,36,38,39,40,41,42,42
Йод,2,4,6,8,10,13,15,17,19,20,22,22,26,35,40,46,54,154,174,180,184,186,194,198,208,213,216,216
Мархалівка,0,0,0,0,0,0,0,0,0,0,0,0,0,0,0,0,0,12,19,20,21,21,23,26,27,27,27,27
Михаил Уотфорд,0,0,0,0,0,0,0,0,0,0,0,0,0,0,0,0,0,9,11,11,11,11,11,11,11,11,11,11
Ой у лузі червона калина,0,0,0,0,0,0,0,0,0,0,0,0,1,1,2,2,3,10,23,37,46,58,67,73,79,89,100,100
Алишер Усманов,0,0,0,0,0,0,0,0,0,0,0,0,1,2,3,20,38,43,46,48,49,49,50,50,51,51,51,51
Буча,5,12,21,27,37,43,49,56,64,79,116,131,207,232,244,259,291,315,333,360,373,385,397,409,420,431,442,442
Енергодар,1,2,2,3,3,3,3,3,4,21,26,34,41,46,48,71,127,183,192,197,199,201,203,204,205,207,210,210
Репарация,0,0,0,0,0,0,0,0,0,0,0,0,1,2,3,5,42,48,67,72,73,75,76,77,79,81,82,82
Энергодар,5,10,14,19,23,26,31,34,37,58,68,92,107,128,142,180,276,376,398,404,411,414,417,424,431,439,448,448
Дерипаска,0,0,0,0,0,1,3,4,4,4,4,4,20,31,37,40,68,95,105,112,138,142,144,148,151,152,154,154
Законо мобилизации,0,0,0,0,0,0,0,0,0,0,1,1,1,1,1,1,1,6,6,6,6,6,6,6,6,6,6,6
Макрон,5,9,9,13,17,26,40,47,52,71,90,114,122,141,149,165,265,307,335,373,419,462,491,528,550,575,597,597
Румыния,1,2,7,11,13,18,21,24,31,53,101,134,169,200,244,301,366,426,482,535,595,639,689,732,785,823,868,868
Энергодар Новости,1,2,3,5,5,6,7,7,8,17,27,46,65,86,104,125,170,231,257,260,266,268,271,276,280,284,287,287
F-16,0,0,0,0,0,0,0,0,0,0,0,0,0,0,0,0,5,8,9,10,10,10,10,10,10,10,10,10
IKEA,2,4,5,7,8,10,12,13,14,14,14,14,15,16,17,18,20,23,24,25,26,27,28,29,30,31,32,32
ОДКБ,0,0,0,0,1,2,3,4,4,4,5,6,7,7,7,7,11,16,18,18,19,19,19,19,20,20,21,21
Первомайск,2,4,6,8,10,11,13,15,16,18,21,23,25,26,30,32,37,41,45,49,52,54,56,59,61,64,66,66
Переговоры Украина россия,0,0,0,0,0,0,0,0,0,0,1,7,46,146,158,185,232,241,250,257,281,288,293,301,305,309,312,312
Yakaboo,2,3,4,5,7,9,10,11,12,12,12,12,12,12,12,24,28,30,32,34,34,35,36,37,37,38,39,39
Байрактар,1,1,1,2,2,3,4,5,6,21,27,34,103,152,189,289,356,391,429,455,480,523,547,582,611,646,671,671
Горловка,3,7,11,19,26,33,40,45,50,58,71,81,95,105,123,155,172,183,191,201,211,220,229,237,246,254,261,261
Мегого,10,19,26,30,36,43,47,51,56,61,66,72,77,87,98,119,139,152,165,177,187,199,217,234,245,257,270,270
Эритрея,0,0,0,0,0,0,0,0,0,0,0,0,0,0,0,28,48,57,63,65,67,68,69,70,71,74,75,75
Абрамович,1,2,2,2,3,4,5,6,7,8,10,13,18,29,33,54,63,66,69,70,70,71,72,75,77,79,81,81
Житомир,46,91,133,180,221,261,307,351,396,482,570,644,744,813,900,981,1035,1135,1203,1264,1339,1411,1494,1547,1598,1645,1691,1691
КНДР,0,0,0,0,0,1,1,2,2,2,3,9,14,15,15,33,40,43,46,48,49,51,52,53,56,58,59,59
Ходорковский,0,0,0,0,0,0,0,0,0,1,2,9,34,37,43,72,86,91,94,96,98,100,102,103,105,106,108,108
Швеция,1,4,7,28,37,40,41,42,43,43,44,46,48,49,50,71,76,78,80,83,85,87,90,93,95,97,100,100
Google Maps,6,11,16,23,29,34,41,48,55,76,92,103,118,133,159,182,218,238,252,266,282,294,305,318,332,343,353,353
Stinger,2,3,3,4,5,6,8,8,11,13,16,54,63,75,76,85,90,91,93,96,97,101,101,102,103,106,106,106
Балаклея,1,6,9,13,16,20,24,29,33,38,44,122,173,182,189,236,252,262,285,321,332,341,355,364,369,375,379,379
Коростень,8,20,33,50,60,70,81,92,103,122,152,164,174,181,192,256,272,304,317,389,411,426,438,461,476,484,494,494
Рубан,1,1,2,2,3,4,4,4,4,4,4,4,5,5,35,135,152,167,184,192,195,198,203,206,211,215,220,220
Бабин Яр,0,0,0,0,0,0,0,0,0,0,0,0,0,0,32,48,50,51,53,55,56,57,58,60,61,61,62,62
ВКонтакте,14,27,41,59,82,105,125,146,166,189,215,248,276,307,407,468,514,544,583,613,641,671,703,732,757,788,819,819
Конотоп,8,16,23,33,41,50,56,65,72,128,210,228,236,243,252,314,327,338,348,358,365,372,381,391,400,411,420,420
Макарів,0,1,2,3,4,4,5,6,7,8,9,10,18,23,24,40,46,49,52,53,61,64,66,67,69,73,75,75
Одноклассники,44,88,129,174,226,282,325,372,417,459,527,595,669,740,835,922,1003,1084,1171,1240,1316,1388,1473,1546,1622,1697,1767,1767
Вознесенск,1,3,4,5,6,7,8,10,11,13,17,19,21,22,26,43,52,57,62,67,70,73,75,77,81,83,85,85
Привид Києва,0,0,0,0,0,0,0,0,0,0,2,6,10,18,31,42,50,55,61,65,70,73,76,81,85,87,91,91
Таганрог,1,1,1,1,2,3,4,4,4,4,4,4,4,4,28,31,33,36,38,39,39,40,40,40,41,41,42,42
Харьков сейчас,0,0,0,0,1,1,1,1,2,16,29,42,56,69,87,99,111,120,128,136,144,150,155,159,165,169,174,174
Херсон,25,50,75,103,128,152,179,205,227,327,414,463,501,538,603,653,699,743,777,804,832,858,886,913,941,976,1009,1009
Бровари,15,31,49,72,90,107,121,138,157,209,223,249,265,323,348,361,374,393,407,423,442,471,494,516,532,558,576,576
Вторжение России в Украину,6,8,10,10,13,15,19,22,23,38,49,57,59,63,89,110,116,125,130,133,137,139,145,149,150,151,152,152
Калибр,5,12,19,25,30,39,47,56,68,118,188,235,265,302,367,422,453,477,499,565,631,676,722,751,783,809,840,840
СУ-30,0,0,0,0,0,0,0,0,0,1,4,14,19,20,21,22,41,54,55,57,60,61,62,64,66,66,67,67
Чугуев,10,17,22,27,35,42,48,58,64,164,195,215,232,242,297,315,322,330,342,357,402,417,424,442,457,469,482,482
Anonymous,0,0,0,0,0,0,0,0,0,1,22,76,94,131,150,162,172,177,182,185,188,189,191,193,194,194,196,196
Bayraktar,0,0,0,0,0,0,0,0,0,2,3,4,10,18,22,31,34,36,37,39,40,41,42,43,43,45,45,45
Евросоюз,0,0,0,1,2,2,2,3,5,8,10,13,17,43,75,82,87,93,97,102,106,108,110,112,119,123,125,125
Паляниця,0,0,0,0,0,1,1,1,1,2,4,26,56,156,227,269,296,313,327,336,346,356,365,371,376,385,392,392
Телевышка Киев,0,0,0,0,0,0,0,0,0,0,0,0,0,0,10,14,14,14,14,14,14,14,14,14,14,14,14,14
Аталанта – Сампдория,0,0,0,0,0,0,0,0,0,0,0,0,0,0,0,0,0,0,0,0,0,0,0,0,0,0,0,0
Бердянськ,1,2,4,5,5,6,8,10,12,14,20,46,100,165,179,180,184,188,193,195,197,198,201,203,206,208,212,212
Переговори путіна з зеленським,0,0,0,0,0,0,0,0,0,0,3,11,33,92,98,101,105,107,108,108,109,109,110,110,110,111,111,111
Повітряна тривога,0,0,0,0,0,0,0,0,0,24,67,106,144,193,286,367,411,442,474,501,532,548,561,580,629,729,793,793
Україна в єс,0,0,0,0,0,0,0,0,1,1,1,1,1,11,33,38,40,42,43,44,46,47,48,49,56,58,58,58
Ахтырка,5,8,14,23,28,38,42,48,53,117,198,244,265,309,359,372,400,422,442,448,462,472,482,498,506,514,523,523
Бровары,34,61,88,119,161,197,227,253,284,366,403,441,467,566,601,623,649,682,703,724,743,785,819,853,890,915,941,941
Міг-29,0,0,0,0,0,0,0,0,0,1,5,11,12,17,25,27,28,29,29,30,31,38,44,47,48,48,48,48
Поляниця,1,3,6,8,9,11,13,14,16,17,18,31,44,123,181,214,240,251,259,266,273,280,290,298,303,312,318,318
Сбербанк,12,21,29,39,45,50,63,82,95,134,165,195,240,340,387,440,463,487,506,523,550,570,590,612,628,640,651,651
ЄС,0,0,0,0,0,0,0,0,1,2,2,3,4,12,25,28,30,32,34,35,36,36,37,38,41,42,43,43
Белая Церковь,2,4,5,8,10,12,14,16,18,20,23,26,28,32,36,38,40,43,47,50,53,55,57,59,61,62,64,64
Курс рубля к доллару,0,0,0,1,1,1,8,21,29,45,57,68,87,124,147,164,179,193,204,213,227,241,254,263,271,277,282,282
Переговоры,0,0,0,0,0,0,0,0,0,1,8,17,66,166,179,204,244,251,261,268,289,296,301,311,316,321,325,325
"Переговоры Украина, Россия",0,0,0,0,0,0,0,0,0,0,0,0,0,0,0,0,0,0,0,0,0,0,0,0,0,0,0,0
Ахмед Закаев,0,0,0,0,0,0,0,0,0,0,0,34,45,46,46,46,46,46,46,47,47,47,47,47,47,48,48,48
Ил-76,0,0,0,0,0,0,0,0,0,14,23,38,41,42,43,43,44,45,46,46,46,46,46,46,47,47,47,47
Как отключить геолокацию,0,0,0,0,0,0,0,0,0,2,8,108,127,130,132,133,134,135,136,136,136,137,138,138,139,139,140,140
Референдум в Беларуси,0,0,0,0,0,0,0,0,0,0,0,2,58,69,70,70,70,71,71,71,71,71,71,71,71,71,72,72
Ядерное оружие России,0,0,0,0,0,0,0,0,0,2,3,7,40,54,60,63,65,66,67,69,70,72,73,75,76,76,77,77
Анонімуси,0,0,0,0,0,0,0,0,0,0,1,8,11,14,16,17,18,19,20,20,20,20,20,20,20,20,20,20
Бородянка,2,5,8,10,13,15,17,20,22,24,27,89,113,158,219,264,307,333,374,384,394,400,408,420,426,430,436,436
Повернись живим,0,1,1,1,1,1,3,9,26,51,106,174,203,232,246,256,264,268,271,276,279,281,283,287,289,292,296,296
Свіфт,0,0,0,0,0,0,1,3,3,29,69,169,186,190,192,195,196,196,197,197,199,200,201,202,202,202,203,203
Що таке SWIFT,0,0,0,0,0,0,0,0,0,9,25,60,64,65,66,66,66,66,66,66,66,66,66,66,66,66,66,66
Portmone,1,2,3,4,4,4,5,5,6,7,18,41,47,49,50,51,53,54,55,55,55,56,57,58,58,58,58,58
Іл-76,0,0,0,0,0,0,0,0,0,4,7,10,11,11,11,11,11,11,11,11,11,11,11,11,11,11,11,11
Ворзель,1,2,2,3,4,4,5,6,7,8,57,63,66,68,70,75,81,87,93,97,102,106,110,114,116,118,119,119
Комендантский час,0,0,0,1,2,3,4,5,15,83,126,226,294,368,437,493,547,603,661,704,736,766,793,811,831,851,874,874
ТЕЦ-6,0,0,0,0,0,0,0,0,0,0,8,15,15,15,15,15,15,15,15,15,15,15,15,15,15,15,15,15
Киев сейчас,2,4,6,7,9,10,11,13,15,63,163,252,312,351,392,427,456,483,506,528,545,561,577,589,605,621,632,632
Министерство обороны РФ,0,0,0,0,0,0,0,0,0,1,3,6,7,8,10,11,11,13,14,14,14,14,15,16,17,17,17,17
Переговоры Путина и Зеленского,0,0,0,0,0,0,0,0,0,2,18,33,66,109,116,123,128,130,131,132,135,137,138,140,142,145,148,148
Портмоне,4,6,8,12,15,19,22,25,27,29,44,72,84,91,94,97,101,104,106,108,112,114,119,122,124,125,128,128
Су-35,0,0,0,0,0,0,0,0,0,1,7,11,13,14,15,16,17,19,21,23,24,24,25,26,29,29,30,30
Анонимусы,0,0,0,0,0,0,0,0,0,1,7,30,43,60,64,66,70,72,72,73,74,75,75,76,76,76,76,76
Змеиный остров Новости,0,0,0,0,0,0,0,0,0,22,62,75,83,87,88,88,88,88,89,90,90,91,91,91,91,91,91,91
Миллерово,1,1,1,1,3,3,3,3,3,3,62,82,84,86,87,87,87,88,89,90,90,90,90,90,91,92,92,92
Оболонь,16,28,44,57,74,86,100,113,125,144,244,267,273,282,293,300,306,314,319,328,336,345,355,361,367,376,380,380
Призрак Киева,0,0,0,0,0,0,0,0,0,0,9,42,72,122,172,208,235,256,271,286,298,312,319,329,341,347,352,352
Война Украина,9,14,16,20,25,29,36,43,49,93,115,131,144,156,168,177,186,194,201,209,216,223,230,236,243,249,254,254
Обращение Путина,0,0,0,0,0,0,8,11,12,19,21,22,24,27,27,28,29,29,30,30,30,30,30,30,30,30,30,30
Одесса новости,2,4,5,7,9,11,13,15,17,42,62,80,95,109,120,134,149,162,175,187,201,210,217,226,233,243,250,250
Остров Змеиный,0,0,0,0,0,0,0,0,0,33,71,86,92,96,99,100,101,101,102,103,103,103,103,103,103,103,103,103
ТСН,12,23,33,44,57,67,85,108,130,230,310,365,417,467,517,559,599,640,676,712,745,775,806,835,869,901,931,931
Загальна мобілізація це,0,0,0,0,0,0,0,0,0,14,19,19,19,19,19,19,23,24,24,24,24,24,24,24,24,24,24,24
Новости харькова,5,9,13,17,21,24,29,36,43,143,221,289,354,406,458,504,543,578,615,649,678,704,732,757,783,809,833,833
Последние новости Украины,6,10,12,16,20,24,31,43,52,98,137,166,187,207,227,242,258,273,285,297,309,318,329,338,349,362,373,373
Путин,17,29,37,48,61,74,135,184,213,297,354,431,521,597,661,728,790,839,897,951,992,1028,1064,1092,1129,1162,1200,1200
Украина объявила войну России последние новости,1,1,1,1,1,1,2,3,4,8,10,11,12,13,14,15,16,17,18,18,18,18,18,18,18,18,18,18
Военное положение,1,1,1,2,3,4,13,28,59,137,149,156,160,166,172,189,203,215,222,228,233,238,243,248,252,257,262,262
ИЛ-76,0,0,0,0,0,0,0,0,0,6,10,17,19,19,19,19,19,19,19,19,19,19,19,19,19,19,19,19
Надзвичайний стан в Україні,0,0,0,0,0,0,0,0,100,109,109,109,109,109,109,109,109,109,109,109,109,109,109,109,109,109,109,109
Новини України війна,7,10,11,12,14,15,18,21,25,51,71,87,99,110,121,130,138,147,153,158,163,170,174,180,186,192,198,198
Острів Зміїний,0,0,0,0,0,0,0,0,0,29,63,72,76,82,84,85,86,86,87,87,87,87,87,87,87,87,87,87
Воєнний стан,0,0,0,0,0,0,2,6,15,51,56,59,62,65,68,72,76,80,83,85,88,90,95,99,101,103,105,105
Елизавета 2,0,0,1,1,1,2,3,4,11,14,15,16,17,17,17,18,18,18,18,18,18,18,19,20,20,21,21,21
Мобілізація,0,0,0,0,1,2,3,5,10,56,77,81,83,85,88,90,111,120,124,129,133,136,138,142,144,146,148,148
Новости Киев,7,13,18,23,28,34,42,50,59,144,244,319,377,415,453,486,516,542,563,584,603,621,639,656,672,688,704,704
ПВО,0,0,0,1,1,1,2,3,4,21,44,69,83,92,100,109,121,127,135,144,153,161,168,174,183,197,205,205
Атлетико мадрид – Манчестер Юнайтед,0,0,0,0,0,0,0,0,0,0,0,0,0,0,0,0,0,0,0,0,0,0,0,0,0,0,0,0
Комендантська година,0,0,0,0,0,0,0,0,1,21,33,62,82,100,116,126,138,152,168,181,191,199,204,211,216,222,228,228
Мобилизация,0,0,0,1,16,23,28,37,52,152,204,216,224,240,248,262,311,338,353,365,373,380,389,396,404,410,417,417
Патч 7.31,0,0,0,0,0,0,0,1,7,11,11,11,11,11,11,11,11,11,11,11,11,11,11,11,11,11,11,11
С днем защитника Отечества!,0,0,0,0,0,0,0,0,0,0,0,0,0,0,0,0,0,0,0,0,0,0,0,0,0,0,0,0
Бенфика,1,4,7,27,52,54,56,58,114,143,145,150,164,171,174,174,177,177,197,200,201,201,207,208,230,236,242,242
Закон об оружии украина 2022,0,0,0,0,0,0,0,2,8,14,15,16,16,16,16,16,16,16,16,16,16,16,16,16,16,16,16,16
Карта Украины области,1,1,3,8,11,12,20,42,61,161,237,302,351,394,438,490,534,591,638,695,738,769,797,829,870,904,927,927
Мобилизация в Украине 2022,0,0,0,0,0,3,6,18,36,69,95,100,103,106,109,115,144,157,165,171,181,190,197,210,222,230,233,233
Указ президента про мобілізацію 2022,0,0,0,0,0,0,0,0,6,26,39,40,41,48,49,50,57,57,60,63,64,64,64,67,68,73,78,78
23 февраля,0,1,2,3,4,5,6,10,32,33,33,33,33,33,33,33,33,33,33,33,33,33,33,33,33,33,33,33
Закон про зброю,0,0,0,0,0,0,0,0,0,0,0,0,0,0,0,0,0,0,0,0,0,0,0,0,0,0,0,0
Новини,14,28,39,52,66,79,95,118,140,240,331,403,466,523,578,628,674,719,756,793,830,862,895,932,975,1013,1056,1056
Новости украины,10,18,24,32,42,51,65,83,100,169,219,250,279,306,330,353,374,396,416,435,455,472,489,507,525,543,561,561
Чрезвычайное положение,0,0,0,0,0,0,0,0,5,6,6,6,6,6,6,6,6,6,6,6,6,6,6,6,6,6,6,6
Оперативний резерв,0,0,0,0,0,0,0,1,2,2,2,2,2,2,2,2,2,2,2,2,2,2,2,2,2,2,2,2
Поздравление с 23 февраля,0,0,0,0,0,0,0,1,6,6,6,6,6,6,6,6,6,6,6,6,6,6,6,6,6,6,6,6
Украина,32,64,92,123,155,186,222,259,299,399,466,516,571,637,685,731,782,828,871,912,954,991,1028,1064,1103,1140,1177,1177
Украина новости,6,10,13,17,22,27,35,44,52,85,107,123,138,153,163,173,184,193,201,208,216,223,230,237,244,251,258,258
Харьков Новости,1,2,3,4,5,6,7,8,9,25,35,44,54,61,68,74,79,83,87,91,95,98,101,104,107,110,113,113
SWIFT что это,0,0,0,0,0,0,0,1,2,35,66,129,135,137,138,139,139,139,139,139,139,139,139,139,140,140,140,140
Демилитаризация Украины,0,0,0,0,0,0,0,4,6,14,17,18,19,30,32,33,34,35,37,38,42,42,42,43,43,43,43,43
Курс доллара к гривне,16,24,31,36,44,50,62,90,124,184,217,242,263,296,321,344,361,375,391,405,425,441,458,471,484,498,508,508
Новини ТСН,9,18,24,32,44,50,61,82,103,203,281,326,369,412,456,496,528,561,587,612,642,666,690,713,740,763,786,786
Цензор.НЕТ,2,4,6,8,10,12,15,19,21,26,31,33,38,44,48,54,59,64,69,73,80,85,88,93,98,103,107,107
Зеленский,11,21,26,36,57,73,108,142,163,213,271,319,384,425,462,494,529,569,600,629,652,682,709,731,752,774,794,794
Новости России,18,29,41,59,83,104,133,166,193,293,364,449,528,615,682,752,811,859,905,948,989,1024,1060,1099,1131,1166,1202,1202
ОРДЛО,3,4,5,10,16,21,38,67,78,81,82,83,84,86,88,90,92,93,93,96,98,98,98,98,99,100,101,101
Оперативный резерв,0,0,0,0,0,0,0,3,10,10,10,10,10,10,10,10,10,10,10,10,10,10,10,10,10,10,10,10
Северный поток-2,0,0,0,0,0,0,0,1,2,2,2,2,2,2,2,2,2,2,2,2,2,2,2,2,2,2,2,2
23 лютого свято,2,4,8,12,15,19,27,57,153,157,157,157,157,158,158,158,159,159,159,159,159,159,159,159,159,159,160,160
Абхазия,4,6,8,11,15,18,41,69,80,87,105,120,128,134,138,142,146,176,187,196,204,212,223,228,237,241,250,250
Декоммунизация,0,0,0,0,0,0,95,155,161,178,188,196,199,204,206,214,218,219,219,220,220,220,224,225,226,226,227,227
Нарышкин,0,0,0,0,0,0,62,133,156,166,172,179,186,191,197,198,204,210,211,212,215,222,224,228,230,241,242,242
РНБО,7,11,17,21,24,26,126,185,238,265,275,282,289,292,302,310,313,318,324,328,330,332,332,336,339,344,349,349
21 февраля праздник,1,2,3,3,6,15,86,92,93,93,93,93,93,93,93,93,93,93,93,93,94,94,95,96,96,96,96,96
Жириновский 22 февраля,0,0,0,0,0,3,35,57,63,72,74,77,78,80,81,84,85,85,85,87,88,88,88,88,89,90,90,90
Зеркальная дата,1,1,1,2,2,9,29,105,107,108,110,110,110,110,110,110,110,111,111,111,111,111,111,111,111,111,113,113
Россия-24,0,0,0,1,1,1,2,3,4,6,8,11,22,24,25,26,27,27,28,32,33,33,34,34,36,36,37,37
СНБО,0,1,2,8,11,11,111,132,147,162,165,168,170,172,181,188,189,196,201,205,207,211,212,215,216,216,217,217
Валенсия – Барселона,0,0,0,0,0,0,0,0,0,0,0,0,0,0,0,0,0,0,0,0,0,0,0,0,0,0,0,0
День рідної мови,3,9,14,24,30,54,119,127,129,129,129,130,130,131,132,132,133,133,133,133,133,133,133,133,133,133,133,133
ЛДНР,8,10,12,14,19,25,68,108,119,125,131,135,139,141,145,150,153,154,155,156,157,157,160,162,165,167,168,168
Патрушев,0,1,2,3,4,5,15,28,33,34,35,36,38,42,44,45,49,51,53,54,55,59,63,65,67,69,70,70
Россия 1,40,83,134,205,262,307,374,408,445,504,559,637,734,834,909,988,1044,1096,1149,1190,1247,1296,1340,1375,1412,1453,1501,1501
20 февраля праздник,1,4,7,11,27,127,132,137,138,138,140,140,140,140,140,140,140,140,140,140,140,140,140,140,142,142,142,142
21 лютого свято,1,1,6,17,22,47,111,114,114,114,114,114,114,114,114,114,114,114,114,114,114,114,114,114,114,114,114,114
Бавария – Гройтер,0,0,0,0,0,0,0,0,0,0,0,0,0,0,0,0,0,0,0,0,0,0,0,0,0,0,0,0
Лидс – Манчестер Юнайтед,0,0,0,0,0,0,0,0,0,0,0,0,0,0,0,0,0,0,0,0,0,0,0,0,0,0,0,0
Фиорентина – Аталанта,0,0,0,0,0,0,0,0,0,0,0,0,0,0,0,0,0,0,0,0,0,0,0,0,0,0,0,0
20 лютого свято,0,2,3,6,12,35,38,38,39,39,39,39,39,39,39,39,39,39,39,39,39,39,39,39,39,39,39,39
Виступ Зеленського,1,1,2,2,41,82,102,137,149,159,162,168,169,169,225,233,238,246,250,251,255,269,274,276,284,288,288,288
Интер – Сассуоло,0,0,0,0,0,0,0,0,0,0,0,0,0,0,0,0,0,0,0,0,0,0,0,0,0,0,0,0
Небесна сотня,18,30,68,128,138,183,204,211,215,217,219,220,221,223,225,225,225,225,226,227,229,231,231,233,233,234,237,237
Хоккей Россия Финляндия,0,0,1,6,21,121,138,140,141,142,143,144,144,144,144,144,144,144,145,145,145,145,145,146,146,146,146,146
20 февраля,4,8,14,21,52,152,167,173,176,179,181,184,186,187,188,189,190,191,192,193,194,194,195,197,198,198,199,199
Дарья Донцова,2,3,4,5,11,20,24,25,26,26,26,26,26,26,27,29,30,31,32,33,34,34,34,34,35,35,36,36
Закрытие Олимпиады 2022,0,0,2,4,9,27,30,31,31,31,31,31,31,31,31,31,31,31,32,32,32,32,33,33,33,33,33,33
Оксана Байрак,3,4,5,6,7,13,22,22,22,22,23,24,25,25,26,26,27,28,31,31,33,34,35,35,36,37,39,39
Промова Зеленського,0,0,0,0,3,7,14,18,20,20,20,21,21,22,33,33,33,33,33,33,34,35,35,35,36,36,36,36
Ливерпуль – Норвич,0,0,0,0,0,0,0,0,0,0,0,0,0,0,0,0,0,0,0,0,0,0,0,0,0,0,0,0
Манчестер сити – Тоттенхэм,0,0,0,0,0,0,0,0,0,0,0,0,0,0,0,0,0,0,0,0,0,0,0,0,0,0,0,0
Нант – ПСЖ,0,0,0,0,0,0,0,0,0,0,0,0,0,0,0,0,0,0,0,0,0,0,0,0,0,0,0,0
Новости ЛНР,14,25,53,136,227,310,409,491,556,656,720,787,837,888,935,980,1019,1066,1114,1157,1208,1249,1292,1331,1362,1405,1447,1447
Хоккей финал Россия Финляндия,0,0,0,0,2,23,27,27,27,27,27,27,27,27,27,27,27,27,28,28,28,28,28,28,28,28,28,28
0629,9,24,37,55,89,102,117,139,161,244,339,439,516,581,621,645,654,666,676,683,690,696,703,709,717,726,736,736
Оксана Марченко,1,1,1,3,16,19,21,23,27,28,30,32,44,49,52,54,55,56,60,63,63,64,65,66,68,70,86,86
Салернитана – Милан,0,0,0,0,0,0,0,0,0,0,0,0,0,0,0,0,0,0,0,0,0,0,0,0,0,0,0,0
Саутгемптон – Эвертон,0,0,0,0,0,0,0,0,0,0,0,0,0,0,0,0,0,0,0,0,0,0,0,0,0,0,0,0
Свобода слова,4,6,7,27,73,80,88,91,94,95,99,100,100,100,101,101,101,102,103,105,106,107,108,108,109,110,110,110
19 лютого свято,2,5,7,12,25,26,26,26,27,27,27,27,27,27,27,27,27,27,27,27,27,27,27,27,27,27,27,27
19 февраля праздник,1,2,3,8,38,40,41,42,42,42,43,43,43,43,43,43,43,43,43,43,43,43,43,43,43,43,43,43
Елена Вяльбе,0,3,5,9,41,54,55,56,56,56,56,57,58,58,58,58,58,58,58,58,58,58,58,58,58,58,58,58
Зеленський,24,48,67,84,117,144,195,244,288,355,442,526,626,705,781,856,942,1029,1109,1166,1229,1298,1353,1394,1435,1494,1551,1551
Кристал пэлас – Челси,0,0,0,0,0,0,0,0,0,0,0,0,0,0,0,0,0,0,0,0,0,0,0,0,0,0,0,0
Борис Невзоров,0,0,0,25,62,74,79,82,84,85,85,86,86,86,86,87,87,87,87,87,87,87,88,89,90,91,92,92
Газопровод Дружба,0,0,0,6,9,10,10,10,10,10,10,10,10,10,10,10,10,10,10,10,10,10,10,10,11,11,11,11
Донецк,56,102,168,268,359,430,501,579,643,707,787,866,939,1018,1103,1178,1252,1325,1406,1477,1552,1610,1684,1768,1845,1930,2011,2011
Евакуація Донецька,0,0,0,2,5,6,6,6,6,6,6,6,6,6,6,6,6,6,6,6,6,6,6,6,6,6,6,6
Хоккей Россия Швеция,0,0,1,21,26,28,28,28,28,28,28,28,28,28,28,28,28,28,28,28,28,28,28,28,28,28,28,28
18 лютого свято,1,3,13,48,51,51,51,51,51,51,51,51,51,51,51,51,51,51,51,51,51,51,51,51,51,51,52,52
Геннадий Юхтин,1,1,1,27,45,47,48,49,49,49,49,49,49,49,49,49,49,49,49,49,49,49,49,49,49,49,49,49
Фильмы 2022,42,92,131,180,248,318,364,410,451,475,520,568,626,691,752,832,894,980,1062,1146,1221,1321,1409,1498,1593,1679,1766,1766
Этери Тутберидзе,4,7,17,42,55,68,73,76,81,81,84,86,86,86,88,88,88,88,88,88,90,90,91,91,91,92,93,93
Ювентус – Торино,0,0,0,0,0,0,0,0,0,0,0,0,0,0,0,0,0,0,0,0,0,0,0,0,0,0,0,0
Horizon Forbidden West,5,10,17,30,39,47,53,59,62,63,64,64,66,68,71,73,74,75,76,78,81,83,85,85,85,87,88,88
Аталанта,6,9,61,93,99,163,166,170,171,238,255,257,258,308,343,345,346,348,396,403,406,408,410,466,502,509,562,562
Очень странные дела,2,5,13,27,41,48,52,53,56,59,59,65,67,71,73,77,81,87,97,103,114,120,126,131,136,143,147,147
РИА Новости,18,39,53,76,110,136,162,190,217,316,416,498,577,652,724,805,869,920,968,1000,1025,1074,1112,1164,1221,1267,1323,1323
Цвет,68,144,218,296,385,482,548,617,681,697,734,777,813,851,896,929,970,1017,1080,1132,1184,1234,1276,1314,1350,1411,1448,1448
Королева Елизавета,1,2,5,8,10,14,19,22,44,55,58,63,65,68,70,72,75,76,77,78,79,80,82,84,84,85,87,87
Лига Европы 2022,0,1,5,8,8,9,10,10,10,12,14,14,16,16,16,16,16,16,16,16,17,17,17,19,19,20,20,20
Монтян,1,2,8,18,24,27,31,35,38,44,54,66,76,94,113,136,157,173,191,206,222,237,251,270,295,317,330,330
Новости ДНР,18,29,57,151,242,307,394,473,527,627,708,784,868,953,1039,1109,1172,1235,1287,1349,1401,1457,1502,1553,1605,1652,1714,1714
София Стужук,1,2,3,5,6,6,6,6,7,7,7,7,7,9,17,21,23,25,27,29,31,32,33,34,36,39,40,40
Барселона – Наполи,0,0,0,0,0,0,0,0,0,0,0,0,0,0,0,0,0,0,0,0,0,0,0,0,0,0,0,0
Камила Валиева,58,88,173,245,293,321,343,350,355,357,359,361,365,365,365,367,376,376,377,377,378,380,380,380,381,382,382,382
Станица Луганская,7,16,116,167,209,228,252,273,288,317,340,439,461,475,484,506,512,519,528,536,540,546,553,559,561,566,570,570
Станиця Луганська,1,1,28,34,37,38,39,41,43,43,44,55,56,57,58,69,69,70,70,70,70,70,70,70,71,73,73,73
Тимошенко,17,28,66,128,168,184,214,239,273,310,340,389,480,518,558,574,595,635,656,670,687,702,713,723,734,749,766,766
17 лютого свято,3,14,47,56,59,59,59,59,59,59,59,59,59,59,59,59,59,59,59,59,59,59,59,59,59,59,59,59
17 февраля праздник,0,22,91,100,102,102,102,102,102,102,102,102,102,102,102,102,102,102,102,102,102,102,102,102,102,102,102,102
Боруссия,3,10,80,106,113,173,196,203,214,249,259,265,274,276,276,280,280,285,295,300,302,309,309,309,320,330,370,370
Валерий Соловей,3,18,53,60,63,69,70,71,72,75,80,84,93,111,122,124,124,138,140,142,151,158,160,162,171,173,180,180
Зенит,15,24,124,154,170,184,192,205,223,276,304,314,323,355,378,391,418,432,444,456,474,481,492,501,515,522,553,553
Интер – Ливерпуль,0,0,0,0,0,0,0,0,0,0,0,0,0,0,0,0,0,0,0,0,0,0,0,0,0,0,0,0
Калуш Євробачення,33,102,145,222,266,308,330,352,366,369,372,380,389,389,389,389,389,389,389,394,399,399,399,399,399,399,399,399
Мария Захарова,8,35,62,74,87,94,97,105,116,133,143,163,185,193,202,236,236,241,256,261,270,275,324,360,378,383,397,397
Медальний залік Олімпіади-2022,0,0,0,3,3,3,3,3,3,3,3,3,3,3,3,3,3,3,3,3,3,3,3,3,3,3,3,3
Медіаграмотність,3,19,119,207,214,214,222,236,244,244,244,244,244,244,244,244,244,244,244,244,244,244,244,244,244,244,244,244
Алина Паш,6,18,26,30,31,34,35,36,37,37,37,38,38,38,38,38,38,38,38,38,38,38,38,38,38,38,38,38
Ахметов,2,11,15,18,22,24,25,28,34,37,38,40,43,45,47,48,49,50,52,53,54,55,56,57,57,58,58,58
Линда Евангелиста,0,1,4,5,6,7,7,7,7,7,7,7,7,7,7,7,7,7,7,7,7,7,7,7,7,7,7,7
Новости украины сейчас,2,4,6,9,14,20,28,43,55,154,254,322,381,431,470,507,546,580,609,637,666,689,714,738,767,793,817,817
Украина олимпийские игры 2022 в Пекине,1,2,3,3,3,3,3,3,3,3,3,3,3,3,3,3,3,3,3,3,3,3,3,3,3,3,3,3
Reuters,24,87,108,118,124,127,137,149,166,193,213,234,246,268,309,332,379,383,392,405,413,442,477,497,505,543,585,585
День Соборності України,14,50,57,67,67,67,69,71,73,75,81,81,81,81,81,85,85,85,85,85,85,85,85,85,89,93,93,93
Наталія Мосейчук,21,52,62,62,71,71,71,78,83,83,86,90,90,94,94,98,105,109,109,113,113,117,121,125,125,129,137,137
Суспільне: Спорт,43,143,174,221,251,268,270,272,272,272,275,279,283,283,283,287,287,295,299,303,307,315,315,319,331,331,335,335
Україна Зимові Олімпійські ігри 2022,10,22,27,37,43,46,46,48,50,50,53,53,53,53,53,53,53,53,53,53,53,53,53,53,53,53,53,53
Гімн України,15,76,79,82,84,86,89,91,93,102,106,119,138,157,178,202,222,235,250,266,281,297,311,326,338,351,360,360
День єднання,31,131,139,142,143,144,145,146,146,146,146,146,146,146,146,146,146,146,146,146,146,146,146,146,146,146,146,146
Манчестер юнайтед – Брайтон,0,0,0,0,0,0,0,0,0,0,0,0,0,0,0,0,0,0,0,0,0,0,0,0,0,0,0,0
Россия отводит войска,28,36,36,36,36,37,37,37,37,37,37,37,37,37,37,37,38,38,38,38,38,38,38,38,38,38,38,38
Спортинг – Манчестер Сити,0,0,0,0,0,0,0,0,0,0,0,0,0,0,0,0,0,0,0,0,0,0,0,0,0,0,0,0
16 лютого свято,9,20,21,21,21,21,21,21,21,21,21,21,21,21,21,21,21,21,21,21,21,21,21,21,21,21,21,21
16 февраля праздник,11,26,28,29,29,29,29,29,29,29,29,29,29,29,29,29,29,29,29,29,29,29,29,29,29,29,29,29
День єдності,13,49,51,52,52,52,53,53,53,53,53,53,53,53,53,53,53,53,53,53,53,53,53,53,53,53,53,53
Какой сегодня праздник,26,39,45,51,58,67,75,80,91,93,95,100,103,108,112,115,116,118,122,134,138,141,143,146,148,151,155,155
Прапор України,6,22,25,28,30,31,35,42,47,114,214,274,310,343,378,412,453,488,505,520,531,543,554,566,576,588,601,601
MEGOGO,8,15,21,26,31,35,37,41,45,51,56,59,64,77,85,109,129,145,156,171,185,199,218,234,245,254,271,271
The Sun,11,14,15,16,16,18,19,20,21,21,21,22,23,24,25,26,27,28,30,32,34,36,38,39,41,43,45,45
Міністерство оборони України,5,9,9,10,10,11,14,17,20,34,46,53,57,60,64,66,68,69,70,71,73,74,76,77,78,80,82,82
Приват,100,171,231,301,347,385,453,522,588,661,713,756,795,847,901,959,1019,1076,1121,1159,1220,1278,1344,1409,1481,1531,1570,1570
Флаг Украины,5,13,16,17,19,21,24,29,33,82,152,204,240,279,316,354,388,413,431,444,455,468,478,486,498,511,526,526
День вывода войск из Афганистана,97,146,156,156,156,160,160,160,160,160,160,160,160,160,160,160,160,160,160,160,160,160,160,160,160,160,160,160
Росія відводить війська,100,135,138,146,155,163,167,167,177,184,188,188,188,193,193,193,193,193,193,193,193,199,199,199,199,199,199,199
