alpha_2,region,,flag,origin name,Let's Go,,2004-01-01,2004-02-01,2004-03-01,2004-04-01,2004-05-01,2004-06-01,2004-07-01,2004-08-01,2004-09-01,2004-10-01,2004-11-01,2004-12-01,2005-01-01,2005-02-01,2005-03-01,2005-04-01,2005-05-01,2005-06-01,2005-07-01,2005-08-01,2005-09-01,2005-10-01,2005-11-01,2005-12-01,2006-01-01,2006-02-01,2006-03-01,2006-04-01,2006-05-01,2006-06-01,2006-07-01,2006-08-01,2006-09-01,2006-10-01,2006-11-01,2006-12-01,2007-01-01,2007-02-01,2007-03-01,2007-04-01,2007-05-01,2007-06-01,2007-07-01,2007-08-01,2007-09-01,2007-10-01,2007-11-01,2007-12-01,2008-01-01,2008-02-01,2008-03-01,2008-04-01,2008-05-01,2008-06-01,2008-07-01,2008-08-01,2008-09-01,2008-10-01,2008-11-01,2008-12-01,2009-01-01,2009-02-01,2009-03-01,2009-04-01,2009-05-01,2009-06-01,2009-07-01,2009-08-01,2009-09-01,2009-10-01,2009-11-01,2009-12-01,2010-01-01,2010-02-01,2010-03-01,2010-04-01,2010-05-01,2010-06-01,2010-07-01,2010-08-01,2010-09-01,2010-10-01,2010-11-01,2010-12-01,2011-01-01,2011-02-01,2011-03-01,2011-04-01,2011-05-01,2011-06-01,2011-07-01,2011-08-01,2011-09-01,2011-10-01,2011-11-01,2011-12-01,2012-01-01,2012-02-01,2012-03-01,2012-04-01,2012-05-01,2012-06-01,2012-07-01,2012-08-01,2012-09-01,2012-10-01,2012-11-01,2012-12-01,2013-01-01,2013-02-01,2013-03-01,2013-04-01,2013-05-01,2013-06-01,2013-07-01,2013-08-01,2013-09-01,2013-10-01,2013-11-01,2013-12-01,2014-01-01,2014-02-01,2014-03-01,2014-04-01,2014-05-01,2014-06-01,2014-07-01,2014-08-01,2014-09-01,2014-10-01,2014-11-01,2014-12-01,2015-01-01,2015-02-01,2015-03-01,2015-04-01,2015-05-01,2015-06-01,2015-07-01,2015-08-01,2015-09-01,2015-10-01,2015-11-01,2015-12-01,2016-01-01,2016-02-01,2016-03-01,2016-04-01,2016-05-01,2016-06-01,2016-07-01,2016-08-01,2016-09-01,2016-10-01,2016-11-01,2016-12-01,2017-01-01,2017-02-01,2017-03-01,2017-04-01,2017-05-01,2017-06-01,2017-07-01,2017-08-01,2017-09-01,2017-10-01,2017-11-01,2017-12-01,2018-01-01,2018-02-01,2018-03-01,2018-04-01,2018-05-01,2018-06-01,2018-07-01,2018-08-01,2018-09-01,2018-10-01,2018-11-01,2018-12-01,2019-01-01,2019-02-01,2019-03-01,2019-04-01,2019-05-01,2019-06-01,2019-07-01,2019-08-01,2019-09-01,2019-10-01,2019-11-01,2019-12-01,2020-01-01,2020-02-01,2020-03-01,2020-04-01,2020-05-01,2020-06-01,2020-07-01,2020-08-01,2020-09-01,2020-10-01,2020-11-01,2020-12-01,2021-01-01,2021-02-01,2021-03-01,2021-04-01,2021-05-01,2021-06-01,2021-07-01,2021-08-01,2021-09-01,2021-10-01,2021-11-01,2021-12-01,2022-01-01,2022-02-01,2022-03-01
US-VA,弗吉尼亚,弗吉尼亚,https://cdn.civil.services/us-states/seals/virginia-small.png,Virginia,0,0,0,1,2,3,3,4,4,4,4,5,5,6,7,8,8,9,9,9,9,10,10,10,11,12,12,12,14,15,17,18,20,23,30,41,54,66,78,90,99,113,130,142,153,163,174,187,206,225,245,266,286,303,319,334,346,361,388,414,466,504,538,574,604,633,664,698,727,758,848,886,949,998,1038,1083,1110,1136,1161,1182,1201,1233,1269,1325,1384,1433,1495,1544,1579,1615,1653,1689,1724,1774,1807,1845,1898,1945,1987,2040,2083,2124,2156,2187,2211,2267,2327,2427,2513,2605,2690,2759,2815,2858,2911,2954,2997,3049,3085,3111,3149,3185,3225,3254,3276,3297,3315,3332,3353,3402,3441,3495,3580,3650,3712,3771,3818,3866,3926,3985,4078,4140,4198,4254,4300,4350,4390,4456,4493,4537,4569,4628,4709,4743,4770,4796,4826,4854,4878,4898,4916,4933,4952,4973,4991,5078,5126,5161,5228,5271,5300,5318,5338,5362,5391,5416,5463,5484,5502,5534,5552,5568,5590,5607,5625,5659,5688,5722,5754,5809,5837,5862,5896,5924,5946,5983,6004,6021,6040,6054,6101,6132,6157,6174,6194,6241,6262,6292,6323,6354,6375,6396,6415,6436,6456,6477,6567,6599,6625,6652,6671
US-ME,缅因,缅因,https://cdn.civil.services/us-states/seals/maine-small.png,Maine,0,0,0,0,0,4,7,7,7,7,7,7,7,7,7,7,7,7,7,10,10,10,10,10,10,10,12,12,12,12,14,14,21,29,47,66,77,92,108,117,137,149,164,179,194,207,216,232,258,280,298,314,333,361,382,405,418,436,478,510,585,643,692,737,780,828,871,904,948,985,1085,1134,1212,1292,1346,1407,1455,1490,1516,1553,1581,1648,1703,1783,1877,1936,1988,2036,2068,2106,2147,2193,2218,2256,2285,2317,2364,2402,2434,2477,2515,2546,2575,2606,2629,2683,2728,2814,2889,2957,3015,3072,3118,3155,3199,3242,3288,3330,3354,3378,3409,3438,3470,3496,3512,3528,3548,3563,3576,3623,3653,3702,3796,3867,3927,3993,4036,4079,4133,4183,4246,4298,4333,4369,4402,4438,4468,4511,4534,4562,4588,4632,4685,4709,4730,4748,4765,4788,4806,4825,4839,4851,4866,4883,4894,4956,4993,5020,5066,5098,5117,5134,5152,5167,5186,5203,5234,5250,5263,5282,5295,5306,5323,5337,5350,5377,5394,5415,5437,5474,5495,5521,5548,5568,5586,5613,5628,5642,5659,5670,5706,5731,5750,5762,5779,5815,5830,5852,5877,5902,5917,5929,5943,5959,5974,5990,6059,6084,6103,6124,6142
US-NM,新墨西哥,新墨西哥,https://cdn.civil.services/us-states/seals/new-mexico-small.png,New Mexico,0,0,0,0,0,7,7,7,7,7,7,7,7,7,7,7,7,7,7,7,7,7,7,7,7,7,7,7,7,7,7,10,10,14,14,16,26,34,41,54,66,80,103,121,129,134,142,151,164,180,194,207,219,241,255,272,288,295,313,341,419,467,500,537,580,615,640,680,706,728,828,875,950,997,1042,1097,1125,1169,1206,1234,1262,1300,1341,1413,1480,1539,1588,1619,1654,1683,1727,1771,1799,1828,1851,1893,1931,1975,2008,2048,2085,2127,2150,2176,2202,2250,2306,2376,2441,2514,2576,2630,2681,2722,2766,2814,2859,2904,2939,2963,2997,3035,3066,3092,3112,3132,3150,3168,3187,3231,3266,3324,3422,3500,3573,3630,3683,3735,3807,3861,3918,3972,4026,4073,4115,4151,4180,4228,4254,4294,4321,4371,4439,4465,4485,4510,4540,4565,4587,4606,4620,4636,4658,4676,4694,4761,4802,4831,4879,4913,4932,4949,4967,4988,5017,5038,5058,5077,5094,5122,5136,5149,5171,5185,5195,5220,5241,5268,5296,5341,5372,5393,5425,5447,5464,5491,5511,5523,5540,5550,5583,5606,5623,5639,5653,5682,5699,5714,5736,5760,5775,5791,5806,5821,5836,5850,5914,5931,5950,5968,5975
US-OH,俄亥俄,俄亥俄,https://cdn.civil.services/us-states/seals/ohio-small.png,Ohio,0,0,1,1,2,3,3,4,5,6,6,6,6,6,6,6,6,6,6,6,6,6,6,6,7,7,7,8,8,9,9,10,10,14,17,26,39,49,58,70,82,95,109,125,140,153,167,183,205,228,247,266,285,303,325,344,361,379,412,446,517,560,603,649,688,722,755,796,836,869,969,1020,1100,1158,1202,1250,1285,1315,1344,1369,1388,1428,1470,1548,1629,1685,1732,1778,1809,1840,1871,1909,1942,1973,1999,2030,2071,2111,2142,2183,2215,2247,2273,2296,2317,2359,2406,2491,2561,2637,2704,2756,2801,2847,2890,2925,2959,2994,3019,3039,3068,3095,3125,3147,3163,3182,3198,3213,3228,3273,3304,3360,3454,3527,3585,3639,3677,3715,3770,3823,3864,3907,3960,3998,4028,4060,4087,4130,4154,4187,4210,4247,4298,4318,4338,4354,4375,4394,4412,4428,4440,4452,4466,4480,4492,4551,4583,4608,4656,4690,4709,4724,4741,4756,4777,4799,4856,4874,4887,4906,4917,4929,4945,4956,4968,4991,5013,5035,5057,5093,5113,5132,5156,5175,5192,5216,5230,5242,5256,5265,5296,5317,5333,5345,5358,5387,5403,5420,5438,5458,5470,5482,5495,5507,5520,5534,5593,5613,5630,5649,5663
US-MA,马萨诸塞,马萨诸塞,https://cdn.civil.services/us-states/seals/massachusetts-small.png,Massachusetts,0,0,0,0,0,0,0,0,1,1,1,1,2,2,2,2,3,4,4,4,5,5,5,6,6,6,7,7,7,7,7,8,8,10,14,19,27,33,39,46,53,62,70,79,87,95,103,109,124,140,153,168,182,195,209,225,237,251,273,295,345,381,417,454,486,511,541,571,603,633,718,756,821,872,908,950,976,999,1026,1061,1081,1118,1154,1222,1297,1355,1400,1433,1458,1485,1514,1572,1600,1628,1649,1674,1714,1750,1776,1812,1837,1865,1886,1906,1927,1981,2028,2110,2183,2251,2310,2360,2402,2436,2470,2504,2562,2602,2625,2645,2672,2696,2725,2745,2761,2777,2792,2804,2821,2868,2898,2955,3055,3126,3185,3245,3284,3320,3373,3421,3513,3562,3605,3643,3674,3706,3733,3780,3805,3835,3858,3902,3964,3989,4008,4027,4049,4070,4087,4102,4115,4128,4142,4157,4172,4241,4278,4304,4361,4396,4417,4432,4448,4464,4485,4503,4569,4587,4601,4621,4633,4648,4665,4678,4691,4718,4739,4765,4791,4836,4861,4889,4916,4939,4958,4989,5007,5024,5042,5054,5097,5125,5144,5157,5174,5216,5235,5259,5286,5313,5330,5347,5363,5382,5398,5415,5491,5517,5538,5560,5576
US-MI,密歇根,密歇根,https://cdn.civil.services/us-states/seals/michigan-small.png,Michigan,0,0,0,0,1,1,2,3,3,3,3,4,5,6,6,6,6,6,6,7,7,7,8,8,8,8,9,10,10,11,12,12,15,19,26,34,47,58,70,80,90,101,111,124,141,152,161,177,200,222,242,261,281,299,318,336,351,371,404,439,516,564,609,650,687,723,760,799,834,873,973,1030,1110,1168,1216,1272,1317,1348,1377,1399,1422,1460,1506,1587,1669,1730,1788,1829,1857,1887,1921,1966,1999,2033,2058,2087,2130,2170,2199,2237,2266,2294,2317,2337,2357,2393,2434,2511,2581,2652,2707,2759,2804,2843,2888,2923,2950,2987,3007,3025,3056,3080,3108,3130,3146,3164,3179,3194,3209,3252,3283,3329,3425,3491,3548,3601,3643,3679,3746,3792,3836,3879,3921,3954,3984,4016,4042,4082,4106,4133,4154,4192,4242,4267,4286,4302,4325,4342,4360,4376,4388,4399,4412,4426,4438,4497,4530,4554,4598,4628,4645,4659,4674,4688,4706,4722,4743,4770,4782,4799,4810,4822,4838,4849,4860,4879,4897,4918,4939,4974,4993,5010,5034,5053,5068,5090,5103,5113,5126,5135,5162,5181,5195,5207,5221,5250,5263,5281,5298,5317,5330,5342,5356,5369,5382,5395,5453,5474,5491,5507,5523
US-NE,内布拉斯加,内布拉斯加,https://cdn.civil.services/us-states/seals/nebraska-small.png,Nebraska,0,0,0,0,0,0,3,3,3,3,3,3,3,5,5,5,5,5,5,5,5,5,5,5,5,6,9,9,9,10,10,10,10,13,19,27,40,52,59,71,83,93,107,118,130,141,149,159,185,205,230,250,267,291,307,326,351,371,412,456,519,568,609,647,681,716,762,817,855,906,1006,1046,1119,1172,1214,1265,1285,1312,1336,1358,1374,1406,1431,1483,1560,1622,1668,1723,1749,1782,1844,1875,1901,1934,1959,1987,2025,2056,2085,2123,2155,2188,2214,2237,2261,2294,2335,2402,2474,2548,2605,2660,2742,2783,2812,2844,2874,2910,2939,2958,2986,3008,3036,3060,3073,3089,3103,3119,3132,3170,3202,3248,3336,3413,3470,3522,3564,3599,3649,3688,3733,3779,3828,3909,3939,3972,3995,4038,4059,4088,4108,4143,4186,4207,4224,4241,4261,4279,4294,4309,4323,4337,4351,4364,4377,4435,4472,4499,4543,4574,4591,4603,4618,4634,4657,4671,4687,4705,4725,4745,4757,4767,4783,4793,4803,4826,4844,4867,4887,4922,4940,4956,4978,4995,5010,5032,5046,5058,5073,5083,5111,5129,5144,5157,5170,5194,5208,5224,5244,5262,5276,5288,5300,5313,5326,5340,5389,5409,5425,5440,5451
US-CO,科罗拉多,科罗拉多,https://cdn.civil.services/us-states/seals/colorado-small.png,Colorado,0,0,1,2,2,3,4,5,5,5,5,6,6,7,7,8,8,8,9,9,9,10,10,11,11,12,12,12,12,12,12,12,13,16,19,26,32,35,40,46,52,59,70,80,89,98,106,122,137,154,169,181,196,209,226,238,251,265,285,308,356,396,430,465,494,521,551,585,617,646,740,790,868,920,964,1007,1042,1080,1105,1132,1155,1188,1229,1291,1351,1403,1441,1471,1497,1534,1564,1587,1611,1641,1668,1694,1734,1769,1797,1836,1875,1905,1927,1949,1969,2006,2046,2108,2161,2228,2285,2338,2383,2414,2453,2492,2517,2551,2573,2593,2621,2645,2672,2693,2712,2728,2743,2759,2774,2813,2844,2890,2990,3058,3120,3177,3217,3257,3312,3362,3410,3460,3520,3559,3591,3628,3659,3707,3736,3768,3791,3836,3894,3921,3947,3966,3988,4010,4028,4046,4061,4074,4089,4105,4119,4211,4246,4272,4325,4358,4380,4396,4416,4437,4490,4508,4527,4542,4554,4575,4587,4600,4619,4631,4646,4669,4692,4719,4740,4780,4803,4825,4853,4874,4892,4925,4941,4956,4971,4982,5019,5043,5061,5075,5090,5124,5142,5161,5182,5205,5219,5233,5247,5262,5277,5293,5362,5385,5405,5424,5438
US-AZ,亚利桑那,亚利桑那,https://cdn.civil.services/us-states/seals/arizona-small.png,Arizona,0,0,0,0,0,0,0,0,0,0,0,1,2,2,2,2,2,2,3,3,3,4,4,5,5,5,5,5,5,5,5,5,7,8,11,15,22,26,31,38,43,50,59,67,76,79,84,92,103,116,130,142,156,168,182,193,205,219,241,262,311,346,383,417,445,475,517,554,585,619,719,755,824,878,921,972,996,1023,1050,1077,1094,1125,1167,1239,1310,1367,1405,1435,1462,1498,1528,1554,1579,1613,1640,1688,1728,1764,1794,1832,1864,1896,1922,1948,1972,2010,2065,2145,2207,2288,2359,2416,2455,2491,2539,2578,2611,2652,2679,2701,2730,2756,2785,2809,2827,2845,2862,2879,2895,2938,2973,3021,3116,3187,3246,3303,3347,3388,3442,3494,3542,3613,3659,3697,3726,3758,3785,3830,3857,3886,3909,3955,4021,4045,4068,4087,4109,4128,4147,4164,4178,4192,4207,4222,4236,4303,4337,4361,4413,4446,4465,4479,4498,4519,4573,4590,4608,4622,4635,4656,4669,4683,4701,4713,4725,4748,4769,4793,4815,4852,4874,4892,4917,4937,4952,4979,4995,5009,5024,5033,5062,5081,5096,5108,5123,5152,5168,5186,5204,5223,5236,5250,5264,5278,5292,5306,5366,5390,5405,5421,5433
US-MN,明尼苏达,明尼苏达,https://cdn.civil.services/us-states/seals/minnesota-small.png,Minnesota,0,0,3,3,5,5,5,5,5,6,7,7,8,9,10,10,11,11,11,12,12,12,12,12,13,13,13,13,14,14,14,16,20,24,32,38,47,53,60,67,73,83,93,102,114,127,137,146,163,186,201,218,234,251,267,279,291,308,336,369,430,477,517,549,574,602,634,670,707,752,852,908,980,1027,1064,1111,1138,1166,1200,1223,1244,1285,1325,1391,1455,1509,1551,1591,1615,1641,1674,1716,1741,1773,1793,1819,1856,1891,1919,1953,1983,2013,2035,2057,2077,2115,2153,2217,2272,2341,2397,2448,2492,2522,2551,2582,2611,2652,2688,2709,2739,2763,2790,2813,2831,2847,2862,2877,2891,2938,2969,3021,3119,3190,3249,3302,3338,3373,3423,3465,3511,3557,3632,3673,3704,3735,3762,3805,3831,3857,3878,3918,3970,3993,4015,4034,4057,4077,4095,4113,4127,4139,4156,4170,4183,4252,4286,4310,4356,4385,4405,4419,4435,4449,4469,4487,4506,4542,4574,4594,4606,4620,4637,4650,4661,4684,4707,4732,4752,4789,4810,4831,4856,4876,4893,4920,4936,4950,4965,4975,5010,5034,5052,5067,5083,5117,5132,5152,5172,5195,5211,5225,5238,5253,5267,5283,5348,5370,5391,5410,5424
US-VT,佛蒙特,其他,https://cdn.civil.services/us-states/seals/vermont-small.png,Vermont,0,0,0,0,0,0,0,0,0,0,0,0,0,0,0,0,3,3,3,3,3,3,3,3,3,3,3,6,6,6,6,6,9,14,19,32,50,59,70,90,98,106,129,132,140,159,174,176,200,219,238,244,260,266,275,277,286,295,317,333,384,425,461,494,523,546,569,604,634,656,747,794,851,898,935,985,1008,1029,1057,1074,1092,1126,1157,1221,1294,1340,1383,1418,1449,1478,1510,1547,1584,1612,1636,1670,1713,1753,1775,1810,1844,1863,1888,1904,1932,1975,2017,2089,2138,2203,2265,2331,2373,2408,2442,2482,2517,2560,2583,2605,2637,2665,2702,2726,2741,2755,2774,2788,2804,2848,2881,2934,3034,3105,3155,3218,3256,3286,3331,3373,3446,3492,3529,3555,3589,3623,3653,3699,3725,3747,3775,3818,3874,3906,3928,3946,3972,3988,4003,4026,4043,4055,4068,4082,4095,4157,4188,4220,4259,4292,4310,4327,4346,4364,4382,4401,4428,4442,4454,4473,4488,4504,4526,4538,4551,4576,4594,4623,4651,4689,4708,4736,4762,4782,4801,4828,4840,4852,4868,4876,4911,4936,4955,4971,4991,5028,5048,5075,5097,5124,5140,5155,5173,5187,5206,5220,5298,5325,5349,5372,5404
US-NJ,新泽西,其他,https://cdn.civil.services/us-states/seals/new-jersey-small.png,New Jersey,0,0,0,0,0,0,0,0,1,2,2,2,3,3,3,4,5,5,5,5,5,6,8,9,9,9,10,10,10,10,11,11,13,15,17,19,23,26,30,35,40,45,51,57,64,70,75,81,93,106,120,135,146,158,172,184,196,209,231,252,301,338,378,412,445,474,507,542,573,610,710,754,825,878,922,966,996,1022,1053,1077,1097,1136,1174,1243,1316,1376,1431,1471,1498,1527,1561,1592,1636,1679,1703,1733,1778,1819,1848,1892,1921,1952,1977,2000,2023,2069,2118,2198,2266,2344,2415,2469,2519,2554,2590,2626,2677,2718,2742,2760,2787,2812,2844,2865,2882,2897,2912,2925,2940,2982,3012,3061,3155,3225,3289,3348,3390,3428,3485,3541,3610,3657,3696,3732,3761,3794,3821,3868,3893,3923,3946,3990,4050,4076,4097,4116,4137,4157,4174,4189,4201,4212,4226,4240,4253,4312,4342,4363,4405,4434,4452,4465,4481,4496,4515,4531,4582,4597,4608,4626,4636,4648,4662,4672,4683,4703,4720,4739,4760,4800,4818,4835,4859,4877,4891,4913,4928,4940,4954,4963,4993,5013,5026,5036,5049,5077,5092,5108,5128,5148,5160,5175,5188,5203,5215,5227,5284,5304,5321,5336,5348
US-KS,堪萨斯,其他,https://cdn.civil.services/us-states/seals/kansas-small.png,Kansas,0,0,0,0,0,0,0,0,0,0,0,0,0,5,5,7,7,7,7,8,8,8,8,9,9,9,9,10,11,11,11,11,13,20,24,33,42,51,60,70,83,94,113,127,138,153,165,180,201,220,244,263,282,301,328,352,371,385,419,455,530,589,631,674,707,747,785,821,855,891,991,1045,1136,1204,1250,1294,1336,1385,1420,1449,1468,1503,1542,1617,1707,1765,1807,1846,1874,1901,1936,1962,1993,2031,2077,2112,2153,2189,2219,2258,2287,2318,2343,2363,2385,2420,2456,2518,2575,2633,2681,2728,2772,2806,2842,2876,2909,2954,2975,2994,3025,3048,3071,3091,3104,3120,3132,3145,3158,3194,3223,3263,3334,3397,3445,3490,3525,3558,3607,3649,3693,3736,3793,3826,3854,3881,3905,3944,3969,3992,4011,4046,4092,4113,4131,4148,4168,4188,4205,4221,4233,4245,4259,4271,4284,4328,4354,4375,4415,4448,4470,4483,4498,4511,4531,4544,4560,4580,4611,4632,4644,4655,4674,4687,4699,4721,4738,4757,4776,4809,4827,4844,4868,4887,4902,4925,4938,4949,4962,4971,4998,5015,5028,5039,5052,5077,5090,5108,5124,5143,5154,5168,5179,5190,5203,5219,5273,5293,5308,5323,5336
US-RI,罗德岛,其他,https://cdn.civil.services/us-states/seals/rhode-island-small.png,Rhode Island,0,0,0,0,0,3,3,3,3,3,3,3,3,3,3,5,7,7,7,7,7,7,7,7,7,8,8,8,8,8,8,8,8,8,9,14,18,21,23,32,32,36,47,54,63,66,68,74,84,100,112,122,130,141,158,167,177,189,208,228,279,314,347,380,414,440,465,490,518,542,624,658,730,785,824,864,892,914,940,967,984,1018,1057,1137,1220,1288,1330,1361,1386,1412,1440,1491,1517,1546,1568,1589,1621,1651,1677,1713,1739,1766,1786,1808,1824,1861,1903,1973,2037,2099,2142,2182,2218,2271,2324,2367,2437,2484,2510,2540,2569,2594,2628,2650,2667,2689,2704,2718,2736,2791,2819,2875,2967,3031,3085,3138,3176,3216,3259,3303,3403,3447,3484,3527,3557,3590,3612,3654,3677,3709,3732,3774,3845,3875,3897,3916,3935,3957,3972,3985,3998,4011,4024,4041,4067,4131,4162,4187,4240,4270,4287,4300,4316,4334,4353,4369,4426,4447,4462,4480,4492,4505,4522,4534,4544,4567,4588,4613,4643,4681,4708,4732,4755,4774,4791,4813,4829,4841,4854,4865,4903,4929,4947,4958,4974,5005,5021,5041,5064,5084,5099,5115,5133,5152,5167,5183,5247,5269,5287,5307,5325
US-NH,新罕布什尔,其他,https://cdn.civil.services/us-states/seals/new-hampshire-small.png,New Hampshire,0,0,0,0,0,0,0,0,4,4,4,4,4,7,7,7,7,7,7,7,9,9,11,13,13,13,13,13,13,13,13,13,14,17,23,31,42,46,57,71,79,88,105,112,118,130,139,149,163,176,194,209,221,234,251,260,267,282,314,340,389,421,449,493,524,550,578,603,633,661,761,806,879,926,973,1013,1047,1080,1115,1142,1163,1195,1248,1334,1425,1492,1541,1573,1601,1632,1668,1717,1746,1783,1807,1835,1875,1907,1934,1974,2004,2028,2056,2080,2101,2142,2184,2271,2344,2406,2464,2517,2562,2592,2624,2651,2696,2739,2766,2784,2815,2842,2869,2897,2913,2928,2942,2954,2967,3002,3034,3087,3173,3243,3297,3350,3388,3424,3474,3520,3583,3626,3658,3684,3707,3729,3757,3800,3822,3850,3871,3904,3952,3973,3994,4011,4032,4046,4063,4081,4094,4105,4118,4132,4143,4195,4226,4245,4291,4320,4340,4355,4371,4386,4408,4422,4461,4482,4492,4512,4525,4536,4552,4562,4574,4596,4617,4638,4663,4702,4725,4744,4769,4787,4802,4827,4840,4853,4868,4877,4912,4936,4955,4968,4983,5014,5030,5050,5073,5096,5109,5123,5137,5152,5167,5181,5239,5258,5275,5292,5306
US-WA,华盛顿,其他,https://cdn.civil.services/us-states/seals/washington-small.png,Washington,0,0,0,1,1,1,1,1,1,1,1,1,1,1,1,1,2,2,2,2,2,2,2,2,2,2,2,2,2,3,3,4,5,8,11,13,17,24,30,35,40,51,60,69,78,85,90,98,112,127,139,154,166,180,196,208,216,227,248,273,320,354,388,434,470,499,538,570,601,634,734,777,843,895,934,975,1001,1023,1051,1073,1092,1127,1161,1219,1280,1331,1371,1413,1437,1462,1489,1513,1536,1570,1602,1629,1666,1694,1719,1753,1782,1809,1831,1855,1875,1914,1955,2022,2076,2146,2203,2256,2297,2329,2359,2392,2422,2465,2493,2513,2539,2562,2590,2611,2627,2644,2660,2676,2690,2732,2762,2810,2906,2981,3042,3099,3141,3183,3232,3276,3328,3407,3451,3491,3523,3556,3586,3630,3660,3689,3712,3755,3818,3842,3864,3884,3906,3926,3945,3964,3979,3993,4010,4025,4038,4101,4135,4159,4210,4243,4262,4275,4294,4312,4359,4376,4393,4407,4419,4439,4451,4464,4481,4493,4506,4530,4551,4577,4603,4644,4666,4687,4715,4735,4752,4782,4799,4813,4828,4839,4873,4896,4912,4925,4941,4975,4993,5013,5034,5058,5074,5090,5105,5120,5136,5151,5220,5243,5262,5282,5300
US-CT,康涅狄格,其他,https://cdn.civil.services/us-states/seals/connecticut-small.png,Connecticut,0,0,0,0,0,1,1,1,1,1,1,1,3,3,3,3,3,4,4,4,4,4,5,5,6,7,7,7,8,9,9,10,11,11,13,14,20,25,34,41,50,56,64,73,81,89,97,105,116,132,145,160,173,188,202,213,228,246,274,299,368,407,446,484,518,547,583,621,654,698,798,838,913,973,1015,1064,1093,1120,1149,1171,1188,1226,1265,1342,1413,1472,1520,1561,1584,1611,1643,1682,1708,1739,1758,1784,1823,1856,1881,1916,1941,1969,1993,2012,2031,2069,2111,2185,2241,2289,2343,2396,2434,2468,2503,2537,2575,2612,2632,2649,2673,2699,2727,2749,2765,2781,2799,2816,2831,2871,2896,2944,3036,3101,3156,3212,3251,3288,3337,3383,3449,3494,3533,3569,3598,3629,3654,3703,3725,3751,3773,3815,3872,3899,3921,3938,3959,3978,3995,4012,4024,4037,4052,4067,4082,4144,4173,4195,4241,4267,4284,4297,4313,4327,4348,4365,4405,4423,4434,4452,4464,4476,4491,4502,4514,4537,4556,4578,4600,4639,4660,4682,4706,4726,4743,4769,4783,4796,4811,4821,4857,4879,4895,4907,4923,4956,4972,4993,5017,5042,5057,5072,5087,5103,5116,5131,5190,5210,5229,5246,5264
US-IL,伊利诺伊,其他,https://cdn.civil.services/us-states/seals/illinois-small.png,Illinois,0,0,2,2,2,2,3,3,3,3,3,3,3,3,4,5,6,6,6,6,7,7,7,7,7,7,7,8,8,8,8,8,9,11,13,16,22,27,33,40,45,53,64,74,83,90,96,105,122,137,152,169,183,200,219,233,246,264,287,310,364,399,438,476,510,542,572,608,639,674,774,825,896,948,990,1035,1064,1088,1114,1133,1150,1185,1220,1282,1347,1394,1435,1468,1495,1521,1548,1574,1602,1644,1665,1689,1725,1757,1782,1818,1847,1877,1898,1919,1938,1977,2017,2080,2137,2201,2258,2309,2350,2383,2416,2448,2477,2524,2546,2565,2590,2613,2641,2662,2678,2693,2707,2720,2734,2777,2808,2857,2942,3008,3067,3125,3166,3205,3257,3303,3376,3422,3473,3516,3547,3579,3608,3653,3679,3709,3730,3773,3828,3852,3873,3891,3912,3933,3951,3967,3980,3992,4007,4022,4035,4097,4132,4158,4207,4242,4262,4277,4294,4311,4340,4376,4394,4411,4431,4452,4463,4476,4493,4505,4517,4541,4560,4582,4604,4642,4663,4682,4709,4728,4744,4770,4785,4798,4813,4823,4856,4877,4893,4905,4919,4952,4967,4986,5007,5031,5045,5059,5072,5087,5101,5116,5178,5202,5220,5239,5254
US-UT,犹他,其他,https://cdn.civil.services/us-states/seals/utah-small.png,Utah,0,0,0,2,2,2,2,2,2,2,4,6,6,6,6,7,8,8,9,9,9,10,10,10,12,12,12,13,13,13,14,14,15,17,21,25,28,33,38,45,51,59,69,84,96,104,111,122,137,150,167,185,196,208,219,231,240,253,274,301,348,382,413,445,484,516,554,593,627,656,756,796,861,904,945,982,1003,1027,1045,1065,1084,1112,1147,1206,1265,1312,1355,1385,1407,1441,1471,1498,1525,1554,1592,1618,1650,1686,1718,1755,1786,1821,1847,1872,1892,1933,1984,2053,2110,2183,2242,2293,2339,2371,2412,2456,2484,2517,2542,2563,2591,2616,2641,2663,2679,2696,2713,2727,2743,2794,2827,2879,2961,3032,3090,3140,3178,3216,3266,3309,3354,3401,3456,3492,3527,3556,3584,3623,3650,3678,3701,3739,3786,3811,3831,3848,3869,3888,3905,3920,3933,3945,3958,3973,3986,4053,4091,4117,4165,4192,4210,4223,4238,4254,4279,4295,4311,4325,4337,4353,4365,4379,4397,4410,4422,4448,4472,4498,4522,4562,4583,4603,4630,4648,4665,4693,4709,4721,4737,4747,4783,4802,4818,4831,4846,4881,4897,4918,4939,4963,4976,4992,5008,5024,5039,5055,5114,5136,5154,5171,5184
US-OR,俄勒冈,其他,https://cdn.civil.services/us-states/seals/oregon-small.png,Oregon,0,0,0,2,2,2,5,5,5,5,5,5,5,6,6,6,6,6,6,6,7,7,7,8,8,8,9,9,10,11,12,12,13,14,16,21,28,39,46,54,60,70,83,92,99,106,114,118,128,140,152,165,179,193,209,219,227,240,262,282,326,368,399,437,479,511,552,583,614,648,748,789,856,912,951,1000,1029,1058,1085,1109,1126,1155,1192,1253,1324,1374,1414,1456,1482,1512,1540,1567,1594,1627,1659,1687,1723,1757,1783,1822,1850,1879,1901,1928,1948,1986,2026,2088,2141,2208,2264,2315,2357,2390,2421,2455,2480,2513,2533,2547,2565,2585,2608,2627,2644,2665,2685,2705,2722,2754,2779,2814,2870,2916,2964,3005,3037,3069,3110,3153,3199,3255,3297,3335,3368,3400,3428,3469,3492,3521,3544,3583,3641,3665,3685,3704,3729,3747,3763,3779,3793,3805,3819,3836,3850,3913,3944,3969,4014,4041,4059,4071,4085,4103,4127,4142,4156,4170,4183,4205,4218,4230,4248,4260,4273,4296,4316,4342,4366,4405,4427,4451,4481,4504,4521,4555,4574,4589,4605,4616,4651,4674,4691,4706,4723,4759,4776,4797,4821,4847,4863,4878,4894,4912,4930,4945,5021,5046,5068,5087,5100
US-IA,艾奥瓦,其他,https://cdn.civil.services/us-states/seals/iowa-small.png,Iowa,0,0,0,0,0,0,0,0,0,0,0,0,2,2,2,2,5,8,8,8,8,9,9,9,9,9,9,9,9,9,10,11,14,19,23,34,46,57,62,74,84,96,115,128,137,145,156,170,192,210,227,250,262,280,306,334,351,377,414,452,532,576,613,668,704,736,772,817,852,881,981,1028,1096,1142,1180,1222,1253,1284,1313,1331,1355,1387,1427,1499,1561,1616,1657,1698,1723,1751,1788,1819,1846,1876,1902,1928,1963,1993,2016,2050,2081,2114,2139,2157,2172,2203,2238,2300,2351,2409,2467,2514,2557,2586,2618,2648,2679,2716,2736,2755,2782,2809,2834,2853,2869,2885,2898,2910,2923,2961,2991,3039,3129,3193,3249,3298,3332,3363,3413,3453,3493,3534,3577,3630,3657,3686,3711,3745,3768,3791,3810,3846,3889,3908,3926,3942,3961,3978,3994,4008,4021,4031,4043,4054,4065,4113,4141,4163,4202,4225,4244,4256,4269,4283,4303,4320,4335,4349,4364,4379,4388,4399,4413,4423,4435,4455,4473,4493,4511,4541,4559,4575,4599,4617,4631,4650,4664,4676,4690,4698,4723,4739,4754,4765,4778,4802,4814,4828,4845,4862,4873,4883,4895,4906,4917,4929,4981,5000,5013,5028,5042
US-WI,威斯康星,其他,https://cdn.civil.services/us-states/seals/wisconsin-small.png,Wisconsin,0,0,0,0,0,1,1,2,2,2,2,4,4,4,4,4,4,4,4,4,5,5,5,5,5,5,5,5,6,6,6,6,9,16,20,28,35,43,46,53,60,70,84,94,106,116,124,135,154,173,192,210,222,240,259,277,293,311,340,371,431,477,520,559,593,622,659,705,744,780,880,922,1001,1051,1088,1137,1169,1200,1229,1251,1271,1308,1344,1404,1475,1528,1567,1607,1632,1658,1687,1725,1749,1778,1799,1825,1861,1894,1920,1952,1981,2011,2034,2058,2080,2117,2153,2216,2270,2326,2381,2427,2464,2496,2527,2556,2581,2621,2643,2662,2688,2711,2739,2760,2773,2789,2802,2817,2830,2865,2892,2939,3019,3080,3132,3181,3215,3250,3296,3337,3384,3421,3458,3489,3517,3545,3568,3608,3628,3654,3674,3711,3757,3776,3793,3812,3829,3847,3863,3878,3890,3902,3915,3928,3938,3992,4024,4046,4086,4113,4131,4144,4158,4172,4193,4212,4228,4243,4255,4272,4281,4294,4308,4318,4331,4353,4371,4391,4412,4445,4464,4481,4505,4523,4539,4562,4576,4588,4602,4611,4640,4660,4676,4688,4703,4730,4746,4763,4783,4804,4816,4829,4841,4854,4868,4882,4935,4955,4970,4985,5001
US-SC,南卡罗莱那,其他,https://cdn.civil.services/us-states/seals/south-carolina-small.png,South Carolina,0,0,2,4,4,6,6,8,8,8,8,8,8,10,11,11,11,12,13,13,13,13,14,14,14,15,17,20,20,20,20,20,22,28,35,42,55,62,70,84,88,97,111,124,136,145,155,171,193,215,237,259,276,294,314,333,345,364,393,427,502,546,584,627,664,702,736,775,812,854,954,993,1069,1130,1169,1223,1253,1291,1326,1350,1370,1402,1440,1503,1572,1631,1673,1704,1728,1759,1791,1822,1856,1894,1917,1944,1995,2030,2059,2092,2123,2152,2174,2196,2218,2256,2295,2360,2420,2485,2543,2592,2640,2677,2709,2745,2773,2807,2829,2846,2871,2895,2922,2942,2957,2972,2987,3000,3013,3051,3081,3126,3204,3257,3307,3352,3388,3423,3470,3508,3542,3574,3604,3639,3668,3694,3717,3754,3777,3799,3818,3852,3899,3919,3937,3952,3968,3986,3999,4013,4024,4035,4048,4061,4072,4123,4154,4176,4216,4241,4259,4269,4281,4295,4312,4326,4342,4361,4371,4388,4397,4408,4422,4432,4442,4461,4477,4496,4513,4542,4557,4572,4591,4605,4617,4635,4647,4657,4668,4675,4698,4714,4726,4734,4745,4768,4780,4795,4809,4824,4834,4846,4856,4867,4877,4889,4932,4948,4962,4975,4985
US-WV,西维吉尼亚,其他,https://cdn.civil.services/us-states/seals/west-virginia-small.png,West Virginia,0,0,0,0,0,0,0,0,0,0,0,0,0,0,4,4,4,4,4,4,8,8,8,8,8,8,8,8,8,8,8,8,11,21,33,44,56,71,81,97,104,121,123,129,147,163,178,193,210,228,243,262,281,302,322,334,347,358,397,426,478,534,570,617,674,718,754,787,834,866,966,999,1060,1109,1142,1178,1206,1228,1257,1285,1304,1335,1373,1442,1505,1566,1621,1669,1704,1742,1779,1822,1850,1881,1907,1937,1988,2025,2057,2090,2128,2156,2180,2207,2229,2261,2303,2375,2432,2496,2550,2591,2630,2670,2700,2737,2771,2809,2844,2867,2898,2921,2952,2970,2987,2998,3014,3029,3040,3080,3112,3149,3226,3286,3335,3377,3419,3450,3486,3537,3572,3604,3637,3667,3695,3721,3741,3779,3801,3830,3847,3875,3916,3936,3956,3973,3992,4008,4024,4036,4047,4056,4067,4076,4089,4136,4164,4185,4222,4246,4261,4273,4284,4296,4309,4328,4349,4365,4373,4389,4399,4407,4422,4431,4440,4458,4473,4489,4505,4529,4544,4558,4576,4591,4603,4622,4632,4642,4653,4661,4682,4700,4714,4725,4736,4756,4768,4781,4796,4810,4820,4829,4839,4850,4862,4872,4918,4939,4955,4968,4982
US-ID,爱达荷,其他,https://cdn.civil.services/us-states/seals/idaho-small.png,Idaho,0,0,5,5,5,5,5,5,5,5,5,5,5,5,5,5,5,5,5,5,5,8,8,10,10,10,10,10,10,12,12,14,14,21,24,32,36,45,54,58,64,78,91,104,115,127,134,139,160,172,188,211,226,246,263,280,294,306,331,361,414,451,486,516,582,607,657,701,738,777,877,912,979,1027,1065,1094,1122,1161,1193,1209,1229,1265,1295,1355,1412,1449,1488,1525,1549,1576,1605,1634,1659,1689,1713,1738,1771,1800,1827,1860,1886,1919,1943,1965,1980,2013,2049,2114,2175,2235,2280,2328,2374,2400,2437,2468,2497,2529,2552,2573,2600,2622,2648,2666,2686,2704,2718,2734,2748,2788,2821,2867,2946,3009,3060,3109,3145,3177,3223,3264,3301,3344,3384,3417,3444,3476,3500,3534,3556,3580,3605,3636,3678,3699,3716,3732,3752,3768,3784,3801,3811,3822,3834,3847,3861,3908,3942,3964,4004,4033,4052,4069,4085,4099,4118,4131,4146,4158,4168,4185,4195,4206,4224,4234,4247,4269,4290,4311,4333,4367,4385,4401,4421,4438,4450,4473,4487,4499,4511,4519,4545,4561,4574,4586,4600,4623,4636,4654,4673,4693,4707,4716,4727,4737,4751,4766,4819,4838,4851,4867,4879
US-PA,宾夕法尼亚,其他,https://cdn.civil.services/us-states/seals/pennsylvania-small.png,Pennsylvania,0,0,0,0,0,0,0,0,1,1,1,1,1,1,2,3,3,4,4,4,4,4,4,5,6,6,6,6,6,6,7,8,10,14,19,26,33,41,49,57,66,77,86,94,104,112,120,128,143,157,171,186,199,215,230,244,256,272,300,327,386,422,459,500,531,563,596,626,654,685,785,827,891,936,975,1016,1047,1071,1094,1115,1132,1165,1201,1273,1342,1396,1452,1486,1510,1536,1564,1600,1627,1667,1691,1716,1753,1789,1815,1850,1875,1905,1927,1946,1964,1999,2042,2111,2173,2234,2289,2335,2374,2405,2436,2469,2519,2552,2572,2590,2616,2638,2664,2683,2697,2713,2726,2739,2752,2789,2814,2861,2936,2994,3045,3093,3127,3160,3209,3267,3308,3344,3377,3406,3432,3459,3482,3522,3543,3566,3585,3620,3666,3685,3702,3717,3734,3750,3764,3778,3788,3798,3811,3823,3834,3885,3912,3932,3972,4000,4017,4029,4043,4057,4075,4090,4128,4152,4162,4177,4187,4198,4210,4220,4230,4251,4267,4286,4305,4340,4357,4373,4395,4412,4425,4446,4458,4469,4481,4489,4515,4533,4546,4556,4568,4594,4606,4621,4638,4656,4667,4679,4691,4703,4715,4728,4777,4797,4812,4826,4838
US-KY,肯塔基,其他,https://cdn.civil.services/us-states/seals/kentucky-small.png,Kentucky,0,0,0,0,0,0,0,0,0,0,2,2,2,2,2,2,2,2,2,2,2,2,2,2,2,2,2,2,2,3,4,5,6,7,10,14,26,35,41,48,56,67,87,98,112,121,133,149,167,191,207,226,241,258,278,295,316,331,359,385,442,477,518,562,593,630,664,697,732,766,866,908,981,1036,1075,1118,1150,1180,1204,1227,1245,1280,1317,1376,1444,1499,1539,1587,1614,1638,1667,1699,1738,1771,1801,1845,1884,1915,1942,1977,2009,2037,2059,2081,2099,2129,2169,2236,2290,2347,2396,2438,2477,2516,2555,2587,2614,2644,2668,2689,2716,2739,2764,2785,2800,2813,2826,2840,2853,2890,2921,2963,3034,3091,3140,3182,3214,3246,3292,3335,3371,3401,3440,3481,3508,3534,3555,3590,3608,3630,3646,3676,3714,3732,3747,3761,3778,3794,3809,3823,3834,3844,3855,3867,3878,3925,3952,3974,4011,4038,4053,4066,4077,4091,4108,4141,4167,4182,4195,4210,4219,4230,4243,4253,4263,4282,4299,4318,4335,4363,4380,4395,4414,4427,4440,4460,4470,4480,4490,4496,4517,4529,4541,4550,4560,4583,4594,4609,4622,4638,4647,4658,4668,4678,4687,4699,4742,4758,4772,4786,4795
US-MT,蒙塔纳,其他,https://cdn.civil.services/us-states/seals/montana-small.png,Montana,0,0,0,0,0,0,0,0,0,0,0,0,0,0,0,0,0,0,0,0,0,0,0,0,0,0,0,0,0,0,0,0,0,0,9,20,23,26,31,36,40,44,61,82,97,112,122,149,162,184,202,212,224,237,258,277,290,305,323,353,411,442,469,497,521,554,581,612,645,677,777,813,872,921,966,1000,1034,1054,1073,1100,1131,1164,1202,1255,1298,1340,1368,1394,1419,1447,1471,1495,1528,1557,1576,1603,1639,1683,1715,1742,1781,1807,1831,1852,1877,1912,1945,1994,2040,2094,2151,2193,2229,2264,2295,2326,2357,2390,2417,2436,2463,2484,2512,2530,2548,2568,2583,2592,2610,2651,2686,2734,2808,2878,2942,2999,3037,3071,3114,3160,3202,3246,3289,3322,3350,3389,3419,3456,3478,3508,3532,3567,3612,3637,3657,3673,3696,3714,3730,3749,3758,3769,3780,3793,3808,3866,3895,3921,3958,3983,4000,4015,4026,4037,4052,4062,4075,4089,4098,4113,4124,4133,4146,4157,4170,4188,4202,4226,4242,4268,4290,4305,4326,4343,4356,4381,4397,4407,4420,4427,4458,4479,4496,4509,4525,4552,4568,4583,4598,4619,4631,4644,4652,4663,4672,4681,4733,4752,4770,4782,4787
US-TN,田纳西,其他,https://cdn.civil.services/us-states/seals/tennessee-small.png,Tennessee,0,0,0,0,0,0,1,1,1,1,1,2,3,4,5,5,6,6,7,7,8,10,11,11,13,14,14,15,15,15,15,16,19,23,28,36,47,55,63,74,83,96,107,117,126,134,143,155,173,191,205,221,238,256,274,292,306,320,350,381,434,470,502,538,568,598,631,666,699,731,831,863,929,978,1011,1056,1079,1104,1127,1145,1162,1191,1225,1280,1340,1384,1430,1472,1498,1528,1564,1593,1622,1651,1682,1714,1749,1784,1808,1841,1871,1901,1923,1943,1964,1998,2032,2093,2141,2196,2244,2289,2325,2355,2386,2417,2443,2475,2509,2528,2555,2577,2605,2625,2639,2655,2671,2687,2700,2741,2770,2813,2895,2951,2997,3040,3073,3103,3145,3187,3221,3255,3300,3331,3356,3380,3402,3437,3456,3482,3501,3536,3581,3601,3621,3637,3655,3672,3687,3702,3713,3724,3739,3752,3764,3821,3854,3879,3922,3949,3965,3977,3991,4006,4024,4040,4058,4094,4105,4125,4137,4149,4163,4173,4184,4210,4228,4250,4268,4300,4318,4333,4355,4369,4381,4402,4413,4423,4433,4441,4466,4483,4496,4506,4518,4542,4553,4568,4583,4600,4611,4623,4634,4646,4657,4669,4714,4732,4747,4760,4769
US-MO,密苏里,其他,https://cdn.civil.services/us-states/seals/missouri-small.png,Missouri,0,0,0,0,0,0,0,0,0,0,0,0,0,0,0,0,0,1,1,2,3,3,3,3,3,4,4,4,4,4,5,6,6,7,10,15,21,26,33,39,45,54,69,78,88,97,103,113,134,149,167,180,196,210,232,248,262,277,306,329,382,422,458,503,533,569,599,637,669,700,800,847,920,970,1009,1053,1082,1111,1137,1157,1178,1213,1252,1310,1372,1422,1459,1499,1523,1547,1570,1595,1618,1655,1684,1708,1744,1774,1796,1830,1853,1879,1898,1919,1936,1969,2004,2063,2118,2175,2228,2272,2317,2346,2375,2404,2432,2471,2491,2508,2531,2554,2579,2598,2610,2624,2638,2651,2664,2699,2727,2769,2845,2904,2962,3012,3045,3075,3114,3148,3184,3216,3271,3304,3333,3362,3385,3421,3442,3465,3485,3520,3561,3579,3595,3610,3627,3646,3661,3674,3685,3696,3710,3724,3735,3788,3817,3839,3882,3913,3930,3943,3958,3973,3993,4007,4023,4041,4084,4102,4113,4124,4140,4151,4162,4182,4200,4221,4240,4270,4288,4304,4327,4344,4358,4377,4390,4401,4413,4422,4448,4464,4478,4489,4501,4526,4538,4553,4568,4586,4597,4609,4620,4630,4642,4654,4706,4724,4739,4755,4765
US-FL,佛罗里达,其他,https://cdn.civil.services/us-states/seals/florida-small.png,Florida,0,0,0,0,0,0,0,0,0,0,0,0,0,0,0,0,0,0,1,2,2,2,2,2,2,2,2,2,2,2,2,3,4,6,9,14,19,25,31,37,42,49,57,63,72,79,85,92,105,119,134,149,164,178,194,206,217,233,255,275,323,358,390,426,454,479,507,538,569,597,697,735,807,853,890,930,962,987,1012,1032,1050,1079,1114,1169,1226,1275,1317,1354,1378,1404,1433,1468,1492,1519,1540,1566,1612,1646,1671,1706,1736,1765,1786,1807,1827,1864,1908,1971,2026,2087,2143,2191,2230,2269,2302,2335,2363,2399,2421,2439,2463,2487,2514,2532,2546,2561,2573,2586,2599,2638,2668,2713,2790,2853,2908,2959,2997,3033,3083,3129,3176,3218,3258,3313,3350,3382,3407,3446,3468,3495,3514,3554,3605,3627,3647,3664,3684,3702,3718,3733,3744,3755,3768,3781,3792,3843,3872,3894,3932,3959,3975,3986,4000,4014,4032,4046,4064,4097,4108,4125,4135,4146,4160,4169,4179,4198,4216,4236,4257,4289,4306,4321,4342,4358,4371,4392,4405,4416,4428,4436,4460,4476,4488,4498,4509,4532,4544,4558,4575,4592,4603,4614,4625,4636,4647,4659,4705,4723,4738,4752,4763
US-MD,马里兰,其他,https://cdn.civil.services/us-states/seals/maryland-small.png,Maryland,0,0,1,1,1,2,5,5,5,6,7,8,9,10,10,10,11,11,11,12,13,13,13,13,14,14,14,14,14,14,15,16,17,18,22,25,30,38,42,47,54,60,66,75,83,89,94,101,112,126,140,154,171,183,199,213,225,238,259,276,327,358,391,427,460,484,510,549,580,610,710,753,818,867,904,954,980,1004,1027,1048,1065,1095,1126,1192,1256,1301,1341,1374,1398,1422,1446,1472,1499,1536,1558,1580,1615,1646,1671,1704,1731,1759,1779,1801,1819,1854,1891,1950,2006,2062,2118,2162,2197,2226,2261,2291,2319,2351,2372,2389,2412,2434,2459,2477,2492,2504,2518,2531,2543,2586,2614,2656,2740,2800,2850,2903,2939,2975,3032,3077,3142,3183,3221,3255,3283,3314,3338,3379,3403,3429,3448,3486,3543,3565,3584,3600,3619,3635,3651,3665,3677,3687,3699,3712,3722,3778,3803,3822,3863,3888,3904,3917,3931,3943,3962,3980,4021,4035,4045,4062,4072,4083,4097,4107,4118,4137,4156,4176,4194,4226,4243,4259,4281,4298,4311,4331,4344,4355,4366,4375,4401,4418,4432,4443,4456,4483,4497,4513,4533,4553,4567,4579,4591,4603,4616,4629,4685,4704,4722,4738,4749
US-DE,特拉华,其他,https://cdn.civil.services/us-states/seals/delaware-small.png,Delaware,0,0,0,0,0,0,0,0,0,0,0,0,0,6,6,6,6,6,6,6,6,6,6,6,6,6,6,6,6,6,6,6,6,6,9,14,24,27,36,45,54,59,66,69,74,90,105,109,116,135,146,163,173,187,201,210,217,224,241,258,306,331,357,398,432,451,475,496,532,549,649,705,782,839,875,923,949,983,1015,1041,1068,1103,1135,1221,1289,1338,1378,1411,1433,1467,1492,1517,1548,1590,1611,1646,1676,1715,1736,1771,1797,1824,1852,1872,1893,1925,1967,2037,2101,2162,2215,2266,2309,2340,2371,2404,2450,2485,2507,2523,2546,2572,2595,2613,2629,2645,2658,2674,2687,2726,2764,2813,2898,2952,3009,3057,3088,3120,3175,3239,3281,3321,3361,3390,3418,3444,3464,3506,3529,3560,3578,3605,3649,3668,3686,3700,3719,3734,3747,3759,3770,3778,3790,3800,3812,3868,3896,3914,3946,3970,3982,3992,4003,4014,4029,4044,4070,4084,4092,4110,4121,4132,4147,4153,4162,4179,4192,4210,4224,4262,4276,4288,4308,4325,4339,4357,4369,4379,4389,4396,4420,4438,4453,4463,4473,4499,4509,4522,4538,4552,4561,4574,4586,4597,4609,4619,4668,4685,4701,4718,4731
US-IN,印第安纳,其他,https://cdn.civil.services/us-states/seals/indiana-small.png,Indiana,0,0,0,0,0,1,1,1,1,1,1,1,1,2,2,2,2,2,2,2,2,2,2,2,2,3,3,3,3,3,3,4,5,7,9,13,20,27,35,44,52,60,72,85,93,102,111,121,139,154,170,188,205,220,238,253,270,284,308,335,398,432,471,517,548,591,623,658,685,713,813,867,938,993,1032,1081,1105,1130,1153,1173,1188,1216,1260,1323,1396,1447,1488,1528,1554,1579,1606,1634,1666,1699,1724,1751,1786,1818,1844,1878,1905,1935,1955,1975,1992,2023,2063,2129,2180,2242,2292,2333,2371,2408,2438,2466,2492,2523,2545,2563,2589,2611,2635,2653,2668,2683,2696,2706,2719,2753,2783,2823,2905,2965,3011,3055,3084,3113,3155,3195,3236,3271,3314,3345,3373,3399,3420,3453,3474,3495,3514,3543,3582,3600,3616,3631,3649,3665,3680,3695,3706,3716,3727,3740,3750,3796,3825,3846,3885,3915,3930,3941,3955,3968,3986,4003,4018,4034,4063,4079,4087,4098,4112,4123,4133,4153,4170,4187,4204,4231,4248,4262,4283,4298,4311,4330,4342,4352,4363,4370,4391,4406,4418,4428,4439,4461,4474,4488,4502,4519,4530,4541,4552,4562,4572,4583,4631,4647,4661,4676,4685
US-ND,北达科他,其他,https://cdn.civil.services/us-states/seals/north-dakota-small.png,North Dakota,0,0,0,0,0,0,0,0,0,0,0,0,0,0,0,0,0,0,0,0,0,0,0,0,4,4,4,8,8,8,8,8,8,8,11,16,27,38,45,52,56,67,78,85,99,107,109,133,144,176,190,212,228,243,267,284,312,330,366,391,461,510,542,580,611,636,666,692,748,785,885,933,1003,1061,1105,1154,1182,1221,1241,1256,1269,1293,1342,1398,1453,1496,1529,1555,1579,1600,1634,1655,1677,1699,1715,1743,1779,1810,1836,1857,1894,1916,1937,1961,1974,2008,2040,2091,2145,2207,2255,2306,2340,2362,2401,2425,2450,2493,2559,2582,2612,2635,2663,2682,2699,2713,2725,2738,2756,2800,2828,2866,2949,3014,3068,3108,3142,3173,3221,3250,3294,3334,3376,3450,3478,3501,3522,3554,3577,3600,3619,3646,3674,3691,3705,3720,3737,3750,3764,3782,3792,3805,3815,3827,3838,3886,3907,3927,3966,3989,4004,4013,4025,4038,4056,4067,4082,4095,4105,4119,4128,4138,4146,4157,4166,4182,4196,4209,4222,4250,4267,4280,4299,4313,4325,4345,4356,4367,4376,4380,4400,4415,4426,4434,4445,4462,4470,4483,4495,4510,4520,4528,4537,4545,4556,4568,4607,4621,4633,4648,4667
US-NC,北卡罗来纳,其他,https://cdn.civil.services/us-states/seals/north-carolina-small.png,North Carolina,0,0,0,1,1,1,1,1,1,3,3,4,4,4,4,5,5,5,6,6,6,6,6,6,6,6,6,6,6,7,7,7,8,12,18,28,38,48,57,64,70,80,91,101,112,121,126,136,154,174,191,209,222,240,258,274,287,303,328,350,407,448,482,515,554,584,616,652,684,712,812,851,913,957,997,1038,1066,1093,1118,1139,1158,1190,1228,1289,1359,1407,1447,1483,1506,1531,1555,1584,1612,1639,1660,1686,1734,1768,1793,1824,1851,1878,1898,1920,1938,1971,2005,2072,2124,2184,2240,2284,2322,2352,2380,2409,2435,2466,2500,2519,2545,2569,2593,2610,2624,2639,2653,2665,2677,2713,2739,2782,2864,2923,2975,3022,3055,3087,3131,3176,3211,3246,3281,3317,3343,3368,3389,3426,3446,3470,3487,3520,3568,3588,3603,3618,3636,3651,3664,3678,3688,3698,3709,3722,3733,3787,3816,3836,3876,3899,3913,3924,3936,3948,3965,3977,3992,4007,4016,4031,4040,4050,4063,4073,4083,4101,4118,4137,4154,4184,4201,4215,4234,4251,4264,4283,4294,4304,4315,4323,4348,4364,4377,4386,4398,4422,4434,4450,4466,4484,4496,4507,4518,4529,4540,4552,4601,4618,4632,4647,4659
US-DC,华盛顿哥伦比亚特区,其他,https://upload.wikimedia.org/wikipedia/commons/thumb/1/1f/Seal_of_the_District_of_Columbia.svg/200px-Seal_of_the_District_of_Columbia.svg.png,District of Columbia,0,0,1,1,1,3,4,6,7,9,9,9,9,10,10,11,11,11,12,13,14,14,15,16,17,17,18,18,19,19,19,19,19,20,22,24,27,30,36,40,45,50,58,64,70,77,82,87,97,110,121,131,142,153,165,176,185,197,216,233,268,298,323,353,378,403,429,455,475,500,584,619,677,717,753,791,810,829,851,872,887,911,937,987,1033,1072,1094,1113,1123,1137,1153,1171,1186,1209,1223,1241,1268,1289,1305,1334,1351,1370,1384,1398,1409,1435,1466,1518,1564,1602,1637,1675,1708,1733,1767,1797,1814,1835,1850,1864,1882,1896,1917,1930,1939,1950,1960,1967,1979,2023,2049,2101,2198,2267,2324,2383,2421,2458,2512,2565,2629,2665,2700,2731,2758,2784,2808,2851,2873,2899,2921,2962,3016,3041,3062,3080,3102,3122,3139,3156,3168,3179,3193,3208,3222,3293,3329,3357,3418,3449,3468,3485,3502,3523,3545,3561,3607,3622,3632,3655,3666,3677,3691,3703,3715,3742,3765,3795,3819,3867,3886,3906,3931,3951,3965,3994,4008,4023,4040,4050,4108,4135,4156,4168,4186,4231,4247,4274,4297,4329,4347,4361,4376,4393,4413,4435,4535,4565,4590,4613,4634
US-SD,南达科他,其他,https://cdn.civil.services/us-states/seals/south-dakota-small.png,South Dakota,0,0,0,0,0,0,0,0,0,0,0,0,0,0,0,0,0,0,0,0,0,0,0,0,0,0,0,0,0,0,0,0,0,3,5,12,20,28,36,40,45,56,75,87,98,123,143,159,190,202,223,239,255,277,308,322,336,360,387,415,479,517,566,612,673,711,746,796,847,891,991,1035,1116,1166,1208,1263,1285,1309,1343,1365,1383,1423,1460,1532,1593,1640,1680,1708,1730,1759,1796,1823,1844,1869,1890,1915,1944,1973,1997,2034,2059,2084,2103,2124,2137,2166,2192,2247,2296,2352,2401,2441,2476,2504,2537,2566,2591,2624,2644,2661,2683,2704,2729,2748,2763,2780,2794,2811,2821,2853,2879,2912,2992,3048,3099,3136,3169,3200,3236,3269,3305,3340,3376,3417,3446,3473,3493,3521,3540,3559,3574,3598,3628,3641,3652,3664,3682,3694,3709,3722,3734,3745,3755,3765,3774,3819,3846,3869,3905,3927,3939,3951,3962,3976,3994,4005,4018,4036,4049,4060,4070,4078,4091,4098,4105,4122,4137,4150,4162,4190,4207,4222,4246,4260,4271,4289,4297,4306,4314,4318,4338,4350,4361,4370,4376,4395,4404,4416,4427,4441,4449,4457,4466,4478,4489,4499,4534,4545,4557,4565,4571
US-CA,加利福尼亚,其他,https://cdn.civil.services/us-states/seals/california-small.png,California,0,0,0,0,0,0,0,0,0,0,0,1,1,1,1,1,1,1,1,1,1,1,1,1,1,1,1,1,1,1,1,2,3,4,6,9,12,14,17,20,23,28,33,38,43,47,51,55,62,70,77,86,94,104,113,122,129,137,151,163,196,219,241,267,287,306,330,353,373,393,468,501,549,587,617,651,672,694,711,726,741,761,785,821,859,892,926,952,972,994,1015,1036,1056,1086,1108,1130,1159,1186,1208,1238,1261,1284,1303,1323,1341,1373,1410,1478,1540,1610,1674,1725,1764,1791,1820,1848,1872,1917,1940,1958,1982,2004,2029,2048,2063,2078,2092,2106,2119,2157,2184,2233,2333,2410,2475,2537,2578,2614,2671,2718,2770,2847,2894,2928,2956,2985,3012,3062,3085,3115,3135,3185,3261,3285,3305,3323,3344,3362,3378,3394,3406,3418,3432,3447,3460,3528,3562,3582,3629,3659,3675,3687,3703,3719,3759,3773,3787,3799,3810,3827,3837,3849,3864,3875,3887,3906,3923,3943,3964,4002,4020,4037,4060,4077,4091,4114,4128,4140,4153,4162,4194,4211,4225,4236,4249,4279,4293,4310,4329,4348,4361,4374,4387,4400,4414,4428,4494,4513,4530,4547,4560
US-NV,内华达,其他,https://cdn.civil.services/us-states/seals/nevada-small.png,Nevada,0,0,0,0,0,0,0,0,0,0,0,0,0,0,0,3,3,3,3,3,5,5,5,7,7,7,8,9,9,10,10,11,11,12,13,13,16,19,25,28,30,35,39,45,52,60,61,68,80,89,103,116,126,142,158,168,185,193,214,228,270,298,321,351,385,410,446,478,508,545,645,690,758,810,846,886,914,940,966,985,1006,1031,1064,1123,1191,1248,1288,1315,1334,1359,1380,1405,1426,1456,1474,1499,1529,1559,1581,1609,1634,1659,1677,1697,1716,1751,1792,1841,1886,1948,2005,2057,2097,2127,2159,2196,2224,2261,2284,2303,2332,2357,2385,2404,2423,2439,2455,2472,2484,2522,2556,2594,2667,2729,2785,2834,2872,2912,2969,3010,3052,3098,3140,3182,3210,3239,3263,3303,3326,3353,3373,3416,3472,3493,3512,3529,3550,3567,3581,3597,3611,3623,3637,3650,3662,3711,3739,3758,3791,3814,3830,3842,3855,3869,3890,3901,3915,3926,3935,3950,3960,3969,3982,3990,4000,4017,4037,4057,4076,4106,4124,4140,4160,4175,4188,4208,4221,4231,4242,4249,4271,4285,4298,4307,4319,4339,4351,4366,4381,4395,4406,4415,4426,4438,4448,4457,4503,4518,4532,4545,4557
US-NY,纽约,其他,https://cdn.civil.services/us-states/seals/new-york-small.png,New York,0,0,0,0,0,0,1,1,1,2,2,2,3,3,3,3,3,3,4,5,6,6,7,7,7,7,7,7,7,7,7,7,8,9,11,14,19,23,26,30,34,38,43,48,52,56,59,64,72,83,95,108,117,126,136,146,155,165,183,199,240,270,303,333,359,381,405,435,459,488,585,622,686,733,767,813,840,861,889,907,924,954,987,1046,1106,1152,1189,1224,1244,1266,1289,1316,1341,1367,1385,1407,1442,1470,1492,1522,1546,1569,1586,1604,1621,1654,1690,1750,1796,1853,1908,1950,1987,2014,2043,2073,2106,2139,2159,2175,2199,2220,2246,2264,2278,2292,2304,2316,2329,2367,2393,2439,2539,2608,2666,2719,2755,2790,2837,2878,2937,2976,3011,3043,3071,3100,3124,3166,3189,3216,3237,3274,3337,3359,3378,3395,3416,3434,3450,3465,3477,3487,3500,3514,3526,3591,3618,3639,3681,3707,3723,3735,3750,3765,3783,3798,3828,3844,3854,3873,3883,3894,3908,3917,3927,3948,3965,3985,4005,4039,4058,4075,4097,4115,4129,4151,4164,4174,4186,4194,4220,4238,4251,4262,4274,4299,4312,4328,4346,4364,4375,4386,4397,4409,4420,4432,4489,4507,4522,4537,4549
US-AR,阿肯色,其他,https://cdn.civil.services/us-states/seals/arkansas-small.png,Arkansas,0,0,0,0,0,0,0,0,0,0,0,0,0,0,3,3,3,3,3,3,3,3,3,3,3,3,3,3,3,3,4,7,10,13,18,29,36,53,56,63,74,104,118,132,139,143,148,164,177,199,231,248,264,281,311,336,345,367,391,426,485,519,548,601,637,675,707,745,775,813,913,959,1025,1079,1121,1162,1192,1221,1248,1271,1287,1315,1352,1405,1471,1520,1556,1586,1608,1636,1665,1687,1713,1737,1768,1807,1839,1868,1890,1916,1942,1970,1992,2015,2030,2060,2092,2153,2200,2254,2300,2343,2376,2406,2436,2466,2492,2525,2547,2567,2591,2614,2640,2660,2675,2690,2706,2718,2732,2769,2797,2842,2919,2972,3017,3059,3092,3120,3163,3195,3228,3261,3292,3321,3343,3365,3384,3414,3433,3454,3473,3500,3541,3558,3573,3587,3602,3616,3631,3645,3655,3665,3676,3686,3696,3744,3770,3791,3830,3853,3868,3879,3892,3904,3920,3930,3944,3957,3973,3991,4001,4012,4027,4035,4044,4061,4078,4094,4111,4135,4150,4164,4184,4198,4209,4228,4239,4248,4259,4265,4286,4298,4309,4318,4328,4349,4359,4372,4385,4400,4410,4419,4429,4439,4450,4461,4501,4517,4531,4542,4547
US-AK,阿拉斯加,其他,https://cdn.civil.services/us-states/seals/alaska-small.png,Alaska,0,0,0,0,0,0,0,0,0,0,0,0,0,0,0,0,0,0,0,0,0,0,0,0,0,0,0,0,0,0,0,0,3,3,6,9,14,16,16,23,31,37,49,60,70,76,78,87,94,103,121,129,147,156,185,192,202,210,240,272,311,349,380,404,439,460,484,516,541,574,674,697,751,797,835,864,889,915,942,950,964,992,1034,1082,1143,1191,1222,1242,1257,1282,1304,1327,1348,1369,1390,1418,1447,1476,1496,1531,1559,1584,1606,1624,1645,1679,1718,1768,1817,1873,1926,1972,2004,2036,2070,2098,2122,2150,2176,2196,2219,2248,2274,2293,2310,2323,2338,2354,2365,2401,2432,2472,2544,2596,2647,2694,2736,2770,2812,2854,2897,2935,2971,3010,3039,3075,3094,3135,3154,3173,3198,3234,3284,3305,3332,3350,3372,3390,3407,3424,3438,3451,3471,3489,3499,3555,3584,3606,3644,3666,3683,3695,3707,3722,3740,3754,3766,3780,3789,3802,3812,3823,3837,3849,3862,3881,3898,3919,3941,3979,4000,4018,4048,4063,4076,4101,4116,4127,4139,4148,4177,4192,4205,4216,4225,4251,4264,4285,4301,4319,4334,4344,4356,4368,4381,4392,4451,4462,4477,4496,4504
US-WY,怀俄明,其他,https://cdn.civil.services/us-states/seals/wyoming-small.png,Wyoming,0,0,0,0,0,0,0,0,0,0,0,0,0,0,0,0,0,0,0,0,0,0,0,0,0,0,0,0,0,0,0,5,5,5,10,22,22,30,40,43,49,62,74,94,107,125,125,133,146,169,189,201,217,259,280,302,315,340,365,392,455,499,527,561,597,629,655,695,732,766,866,899,964,1007,1050,1094,1115,1143,1169,1188,1211,1252,1292,1323,1369,1392,1431,1470,1491,1515,1547,1582,1607,1636,1654,1685,1711,1745,1764,1795,1824,1866,1885,1903,1927,1959,1989,2047,2092,2143,2182,2222,2261,2290,2323,2347,2382,2405,2426,2444,2461,2483,2506,2522,2535,2550,2565,2578,2585,2623,2643,2679,2746,2812,2862,2906,2946,2974,3018,3058,3098,3142,3183,3222,3248,3286,3309,3345,3364,3382,3398,3436,3479,3499,3516,3529,3550,3572,3591,3605,3615,3629,3641,3651,3661,3705,3729,3748,3781,3798,3816,3828,3837,3852,3873,3883,3898,3906,3915,3927,3934,3942,3956,3966,3972,3986,3998,4019,4039,4065,4081,4095,4113,4125,4138,4152,4162,4171,4185,4193,4213,4228,4241,4252,4261,4282,4292,4306,4321,4338,4351,4360,4368,4376,4384,4392,4431,4449,4460,4472,4480
US-GA,佐治亚,其他,https://cdn.civil.services/us-states/seals/georgia-small.png,Georgia,0,0,0,0,1,1,1,1,2,2,2,2,2,2,2,2,3,4,4,4,4,4,4,4,5,5,5,6,6,6,7,8,11,16,20,27,38,46,54,62,69,78,88,98,106,115,123,135,152,168,182,196,209,223,240,252,263,277,303,329,384,422,456,489,519,540,566,602,629,657,757,793,856,901,936,973,993,1015,1036,1054,1072,1098,1131,1179,1237,1282,1317,1344,1365,1386,1409,1433,1458,1483,1505,1535,1569,1601,1625,1654,1681,1703,1722,1741,1758,1790,1823,1878,1930,1985,2034,2077,2114,2151,2181,2209,2232,2261,2282,2297,2320,2340,2362,2379,2393,2406,2418,2429,2440,2474,2500,2539,2608,2662,2707,2750,2781,2808,2847,2883,2923,2962,3003,3053,3082,3112,3135,3172,3192,3217,3235,3271,3319,3340,3358,3373,3390,3406,3419,3433,3443,3453,3466,3478,3488,3542,3572,3594,3636,3664,3679,3690,3702,3715,3731,3744,3762,3799,3810,3825,3835,3844,3856,3865,3874,3894,3912,3932,3950,3979,3995,4008,4027,4043,4054,4072,4084,4093,4103,4110,4134,4149,4162,4172,4183,4205,4216,4230,4245,4261,4271,4281,4291,4301,4312,4323,4366,4383,4396,4409,4418
US-AL,亚拉巴马,其他,https://cdn.civil.services/us-states/seals/alabama-small.png,Alabama,0,0,0,0,0,2,2,2,2,2,2,2,2,3,3,3,4,4,4,4,5,5,6,6,6,6,6,6,6,7,8,11,12,15,16,23,34,44,53,63,72,82,95,109,121,129,135,148,165,185,204,218,237,262,293,308,324,339,362,388,456,493,526,562,591,615,640,673,704,729,829,856,910,952,984,1019,1040,1069,1089,1106,1121,1146,1172,1226,1285,1325,1358,1385,1405,1429,1455,1476,1496,1521,1539,1562,1593,1621,1643,1669,1699,1725,1741,1758,1773,1801,1832,1879,1921,1970,2014,2048,2081,2106,2132,2159,2180,2210,2231,2247,2269,2288,2309,2324,2337,2350,2362,2374,2386,2416,2440,2474,2536,2583,2624,2662,2688,2716,2754,2788,2822,2850,2880,2912,2932,2956,2973,3002,3019,3042,3056,3085,3122,3140,3154,3168,3182,3198,3211,3223,3233,3241,3251,3261,3269,3315,3341,3359,3391,3414,3427,3437,3448,3460,3473,3484,3497,3516,3527,3541,3548,3557,3568,3575,3584,3601,3615,3631,3644,3669,3682,3693,3709,3720,3729,3746,3756,3765,3774,3780,3798,3809,3820,3827,3835,3853,3861,3872,3884,3898,3906,3916,3925,3934,3942,3951,3986,4001,4012,4025,4031
US-LA,路易斯安那,其他,https://cdn.civil.services/us-states/seals/louisiana-small.png,Louisiana,0,0,0,0,0,0,2,2,2,4,4,4,4,4,5,5,5,5,6,6,6,6,6,6,6,6,6,8,8,8,8,8,8,11,16,22,32,39,49,56,63,75,85,99,108,116,125,135,148,166,182,196,206,219,234,247,260,274,299,318,371,407,434,466,494,519,545,581,612,637,737,770,829,871,908,943,966,985,1009,1029,1046,1079,1118,1167,1221,1263,1297,1326,1346,1370,1392,1414,1435,1460,1482,1511,1543,1570,1588,1613,1636,1659,1674,1689,1705,1734,1768,1813,1857,1900,1940,1978,2007,2030,2056,2081,2102,2128,2143,2158,2179,2197,2218,2233,2244,2256,2267,2278,2288,2322,2345,2374,2452,2504,2548,2591,2619,2653,2728,2760,2794,2825,2853,2874,2895,2917,2934,2963,2980,2999,3015,3046,3083,3101,3115,3127,3144,3157,3168,3179,3186,3193,3203,3213,3221,3256,3279,3294,3325,3349,3363,3373,3385,3397,3411,3422,3433,3446,3478,3493,3500,3508,3518,3525,3533,3549,3564,3579,3594,3619,3632,3642,3658,3669,3679,3692,3702,3710,3719,3725,3743,3755,3765,3772,3779,3794,3803,3813,3824,3837,3846,3855,3863,3871,3879,3889,3923,3936,3946,3957,3966
US-OK,俄克拉何马,其他,https://cdn.civil.services/us-states/seals/oklahoma-small.png,Oklahoma,0,0,0,0,3,3,5,7,7,7,7,7,9,9,9,9,9,9,9,9,9,9,9,9,9,9,9,10,11,11,12,12,13,14,16,20,28,35,39,44,51,61,69,75,87,94,98,106,122,138,151,162,175,190,203,220,231,244,261,283,337,368,394,423,449,479,502,537,565,593,693,731,808,853,884,918,945,976,995,1011,1029,1056,1081,1134,1190,1232,1266,1299,1319,1348,1371,1394,1410,1436,1464,1491,1521,1547,1569,1600,1626,1648,1666,1685,1701,1730,1765,1822,1862,1912,1952,1989,2022,2047,2073,2098,2123,2157,2175,2191,2212,2233,2255,2269,2283,2296,2308,2319,2332,2367,2394,2431,2498,2548,2594,2635,2662,2690,2725,2755,2788,2820,2847,2874,2895,2915,2932,2961,2978,2999,3013,3041,3075,3090,3104,3117,3132,3147,3160,3171,3181,3191,3201,3210,3219,3260,3284,3301,3329,3349,3362,3372,3382,3392,3405,3415,3426,3436,3447,3463,3471,3480,3490,3498,3507,3520,3534,3549,3563,3588,3601,3614,3630,3642,3652,3666,3676,3683,3693,3698,3717,3730,3741,3749,3758,3777,3784,3797,3808,3823,3831,3841,3849,3857,3866,3877,3913,3927,3939,3951,3958
US-MS,密西西比,其他,https://cdn.civil.services/us-states/seals/mississippi-small.png,Mississippi,0,0,0,0,0,0,0,0,0,0,0,0,0,0,0,0,0,0,0,0,0,0,0,0,0,2,2,2,2,4,4,4,4,6,11,17,21,30,39,47,54,65,76,88,95,103,112,123,134,150,162,177,184,195,210,226,238,247,275,298,342,384,409,461,485,506,533,572,597,626,726,765,822,866,902,938,958,979,1003,1021,1041,1067,1102,1152,1206,1252,1280,1309,1328,1351,1376,1401,1422,1450,1474,1501,1535,1560,1582,1604,1626,1646,1663,1682,1698,1725,1755,1814,1856,1898,1938,1974,2001,2028,2058,2087,2108,2132,2150,2165,2186,2206,2227,2242,2256,2270,2283,2294,2306,2337,2361,2400,2472,2525,2564,2600,2630,2656,2700,2733,2766,2794,2824,2849,2870,2894,2913,2940,2957,2979,2993,3022,3059,3074,3088,3102,3120,3133,3146,3160,3167,3176,3186,3195,3204,3245,3271,3289,3320,3344,3358,3369,3379,3391,3406,3414,3425,3438,3456,3471,3480,3487,3498,3507,3514,3528,3542,3556,3569,3594,3605,3616,3632,3644,3653,3665,3675,3682,3690,3696,3712,3722,3731,3738,3746,3762,3770,3779,3792,3801,3807,3815,3823,3832,3839,3848,3879,3890,3899,3909,3916
US-HI,夏威夷,其他,https://cdn.civil.services/us-states/seals/hawaii-small.png,Hawaii,0,0,0,0,0,0,0,0,0,0,0,0,0,0,0,0,2,2,2,2,4,4,4,4,4,4,4,4,4,4,4,4,4,5,5,6,6,6,7,7,8,10,15,15,20,21,22,24,27,28,31,40,48,55,57,69,77,82,96,103,124,144,165,185,205,224,242,264,293,325,425,460,523,566,603,651,674,693,711,728,749,774,804,842,890,937,965,986,1004,1024,1043,1065,1085,1108,1124,1142,1162,1184,1198,1226,1248,1267,1283,1301,1315,1341,1369,1408,1442,1486,1535,1572,1605,1625,1648,1673,1697,1726,1743,1760,1779,1795,1822,1840,1851,1861,1872,1884,1898,1931,1958,2000,2079,2140,2200,2257,2295,2332,2374,2417,2452,2487,2517,2543,2567,2595,2613,2652,2671,2695,2713,2748,2805,2822,2839,2852,2869,2884,2896,2908,2917,2926,2938,2947,2958,3000,3024,3043,3073,3089,3101,3108,3120,3129,3143,3152,3164,3172,3179,3192,3200,3209,3220,3227,3236,3248,3261,3277,3293,3316,3326,3340,3359,3372,3385,3404,3415,3427,3439,3447,3466,3481,3489,3498,3509,3530,3539,3551,3562,3577,3587,3597,3609,3617,3626,3636,3673,3689,3701,3714,3722
