alpha_2,region,,flag,2021-12-08,2021-12-09,2021-12-10,2021-12-11,2021-12-12,2021-12-13,2021-12-14,2021-12-15,2021-12-16,2021-12-17,2021-12-18,2021-12-19,2021-12-20,2021-12-21,2021-12-22,2021-12-23,2021-12-24,2021-12-25,2021-12-26,2021-12-27,2021-12-28,2021-12-29,2021-12-30,2021-12-31,2022-01-01,2022-01-02,2022-01-03,2022-01-04,2022-01-05,2022-01-06,2022-01-07,2022-01-08,2022-01-09,2022-01-10,2022-01-11,2022-01-12,2022-01-13,2022-01-14,2022-01-15,2022-01-16,2022-01-17,2022-01-18,2022-01-19,2022-01-20,2022-01-21,2022-01-22,2022-01-23,2022-01-24,2022-01-25,2022-01-26,2022-01-27,2022-01-28,2022-01-29,2022-01-30,2022-01-31,2022-02-01,2022-02-02,2022-02-03,2022-02-04,2022-02-05,2022-02-06,2022-02-07,2022-02-08,2022-02-09,2022-02-10,2022-02-11,2022-02-12,2022-02-13,2022-02-14,2022-02-15,2022-02-16,2022-02-17,2022-02-18,2022-02-19,2022-02-20,2022-02-21,2022-02-22,2022-02-23,2022-02-24,2022-02-25,2022-02-26,2022-02-27,2022-02-28,2022-03-01,2022-03-02,2022-03-03,2022-03-04,2022-03-05,2022-03-06
TH,泰国,泰国,https://www.fluentpython.com/data/flags/th/th.gif,0,0,0,0,0,0,0,0,0,0,0,0,0,0,9,9,9,9,9,9,9,9,9,9,9,9,9,9,9,9,18,18,18,18,18,18,18,18,18,18,18,18,18,18,18,18,18,18,18,18,18,27,27,27,36,52,52,52,70,70,80,89,187,249,349,423,480,530,567,585,594,594,638,667,716,743,770,779,779,788,788,798,798,798,816,816,816,816,816
MY,马来西亚,马来西亚,https://www.fluentpython.com/data/flags/my/my.gif,0,1,1,2,2,3,3,3,4,5,5,5,5,5,5,5,6,6,6,6,6,6,7,8,9,9,9,9,9,10,11,11,11,12,14,14,14,15,15,15,15,16,17,20,21,25,25,25,26,28,28,29,32,39,39,40,44,45,55,71,85,112,210,310,360,389,433,488,526,568,588,610,669,701,724,744,753,761,766,772,777,782,783,785,789,795,797,798,798
PR,波多黎各,波多黎各,https://upload.wikimedia.org/wikipedia/commons/thumb/2/28/Flag_of_Puerto_Rico.svg/250px-Flag_of_Puerto_Rico.svg.png,0,0,0,0,0,0,0,0,0,0,0,0,0,0,0,0,0,0,0,0,0,0,0,0,0,0,0,0,0,0,0,0,0,0,0,0,0,0,0,0,0,0,0,0,0,0,0,0,0,0,0,0,0,0,0,0,0,0,0,0,0,99,195,295,391,491,491,491,590,687,687,784,784,784,784,784,784,784,784,784,784,784,784,784,784,784,784,784,784
IN,印度,印度,https://www.fluentpython.com/data/flags/in/in.gif,0,0,0,0,0,0,0,0,0,0,0,0,0,0,0,0,0,0,0,0,0,0,0,0,0,0,0,0,0,0,0,0,0,0,0,0,7,7,7,7,7,7,7,7,7,7,7,7,7,7,7,7,7,15,22,22,22,29,36,53,61,84,158,206,236,293,316,416,423,452,487,561,627,667,692,715,722,722,722,729,729,729,729,729,729,743,743,743,743
TR,土耳其,土耳其,https://www.fluentpython.com/data/flags/tr/tr.gif,0,0,0,0,0,0,0,0,0,0,0,0,0,0,0,0,0,0,0,0,0,0,0,0,0,0,0,0,0,0,0,0,0,0,13,13,13,13,13,13,13,27,27,27,27,27,27,27,27,27,27,27,27,27,27,27,42,57,57,74,74,135,235,265,295,326,359,411,470,470,485,500,545,579,631,674,688,702,702,715,715,715,715,715,715,715,715,715,715
IL,以色列,以色列,https://www.fluentpython.com/data/flags/il/il.gif,0,0,0,0,0,0,0,0,0,0,0,0,0,0,0,0,0,0,0,0,0,0,0,0,0,0,0,0,0,0,0,0,0,0,32,32,32,32,32,32,32,32,32,32,32,32,32,32,32,32,32,32,32,32,65,65,65,65,65,65,65,65,165,262,328,328,370,370,370,402,402,402,484,562,626,658,658,691,691,691,691,691,691,691,691,691,691,691,691
SK,斯洛伐克,斯洛伐克,https://www.fluentpython.com/data/flags/sk/sk.gif,0,0,0,0,0,0,0,0,0,0,0,0,0,0,0,0,0,0,0,0,0,0,0,0,0,0,0,0,0,0,0,0,0,0,0,0,0,0,0,0,0,0,0,0,0,0,0,0,0,0,0,0,0,0,0,0,0,29,29,29,29,55,135,162,162,218,287,351,404,404,404,431,488,588,620,620,620,620,620,620,620,620,620,620,648,648,648,648,648
KR,韩国,韩国,https://www.fluentpython.com/data/flags/kr/kr.gif,0,0,0,0,0,0,0,0,0,0,0,0,0,4,8,8,8,8,8,8,8,8,8,12,16,16,16,16,16,16,16,16,16,20,20,20,27,31,31,31,31,31,31,35,39,39,39,39,39,39,39,39,39,39,39,44,44,44,48,56,68,86,186,240,287,317,330,346,370,381,392,399,448,465,477,502,572,597,600,603,611,611,614,621,628,628,628,633,633
SI,斯洛文尼亚,斯洛文尼亚,https://www.fluentpython.com/data/flags/si/si.gif,0,0,0,0,0,0,0,0,0,0,0,0,0,0,0,0,0,0,0,0,0,0,0,0,0,0,0,0,0,0,0,0,0,0,0,0,0,0,0,0,0,0,0,0,0,0,0,0,0,0,0,0,0,0,0,0,32,99,134,176,176,176,216,248,348,348,348,348,379,379,379,379,451,451,491,555,555,591,591,591,591,591,591,624,624,624,624,624,624
IR,伊朗,伊朗,https://www.fluentpython.com/data/flags/ir/ir.gif,0,0,0,0,0,0,0,0,0,0,0,0,0,0,0,0,0,0,0,0,0,0,0,0,45,45,45,45,45,45,45,45,45,45,45,90,90,90,90,90,90,90,90,90,90,90,90,90,90,90,90,90,90,90,90,90,90,90,90,90,90,90,179,226,326,377,377,377,419,419,419,419,419,464,464,464,464,464,464,514,514,514,514,567,567,567,621,621,621
VN,越南,越南,https://www.fluentpython.com/data/flags/vn/vn.gif,0,0,0,0,0,0,0,0,0,0,0,0,0,0,0,0,0,0,0,0,0,0,0,0,0,0,0,0,0,0,0,0,0,0,0,0,0,0,0,0,0,0,0,0,0,0,0,0,0,11,11,11,11,11,11,11,11,11,38,38,38,81,181,262,303,354,365,387,418,467,477,517,556,556,577,577,596,596,596,596,606,606,606,606,606,606,606,616,616
NO,挪威,挪威,https://www.fluentpython.com/data/flags/no/no.gif,0,0,0,0,0,0,0,0,0,0,0,0,0,0,0,0,0,0,0,0,0,0,0,0,0,7,13,13,13,13,13,13,13,19,19,19,25,25,25,25,31,31,31,31,31,31,31,31,31,31,31,37,37,44,50,50,56,74,141,155,155,173,273,362,368,418,425,446,467,496,496,502,553,560,581,594,594,594,606,606,606,606,606,606,606,606,612,612,612
AR,阿根廷,其他,https://www.fluentpython.com/data/flags/ar/ar.gif,0,0,0,0,0,0,0,0,0,0,0,0,0,0,0,0,0,0,0,0,0,0,0,0,0,0,0,0,0,0,0,0,0,0,0,0,0,0,0,0,0,0,0,0,0,0,0,0,0,0,0,0,0,0,0,0,0,0,26,55,155,182,234,261,288,313,313,313,313,339,364,364,364,426,426,426,476,550,550,550,579,579,579,579,579,602,602,602,602
MX,墨西哥,其他,https://www.fluentpython.com/data/flags/mx/mx.gif,0,0,0,0,0,0,0,0,6,6,6,6,6,6,6,6,6,6,6,6,6,6,6,6,6,6,6,6,6,6,6,13,20,20,20,25,25,25,25,25,25,25,25,25,25,25,25,25,25,25,25,25,25,25,25,31,42,47,47,54,62,82,182,215,259,287,308,337,343,343,354,359,439,480,531,537,548,553,553,553,560,560,571,577,577,587,593,601,601
SG,新加坡,其他,https://www.fluentpython.com/data/flags/sg/sg.gif,0,0,0,0,0,0,0,0,0,0,0,0,0,0,1,1,1,1,1,1,1,1,1,1,1,1,1,1,1,1,1,1,1,2,3,4,5,5,6,6,6,7,8,9,12,14,14,15,16,16,17,17,18,22,23,24,25,32,40,58,74,101,201,265,312,341,362,392,418,443,460,477,513,533,553,568,575,583,586,587,590,592,594,594,596,598,599,600,600
SH,圣赫勒拿,其他,https://upload.wikimedia.org/wikipedia/commons/thumb/0/00/Flag_of_Saint_Helena.svg/250px-Flag_of_Saint_Helena.svg.png,0,0,0,0,0,0,0,0,0,40,40,40,40,40,40,40,40,40,40,40,40,40,40,40,40,40,40,40,40,40,40,40,40,40,40,40,40,40,40,40,40,40,40,40,40,40,40,40,40,40,40,40,40,40,40,40,71,71,71,71,166,166,266,299,331,331,385,437,437,437,437,506,506,558,558,558,558,558,558,558,558,558,558,587,587,587,587,587,587
PT,葡萄牙,其他,https://www.fluentpython.com/data/flags/pt/pt.gif,0,0,0,0,0,0,0,0,0,0,0,0,0,0,0,0,0,0,0,0,0,0,0,0,0,0,0,0,0,0,0,0,0,0,0,0,0,0,0,0,0,0,0,0,0,0,0,0,0,0,0,0,17,17,17,17,17,17,32,32,32,46,142,242,298,341,358,374,388,388,388,402,459,531,566,566,566,566,566,566,583,583,583,583,583,583,583,583,583
ID,印度尼西亚,其他,https://www.fluentpython.com/data/flags/id/id.gif,0,0,0,0,0,0,0,0,0,6,6,6,6,6,6,6,6,6,6,6,6,6,6,6,6,6,6,6,12,12,12,12,12,12,17,17,17,17,17,17,17,17,17,17,17,17,17,17,17,17,17,23,23,23,23,23,23,23,35,60,66,94,194,233,255,290,315,379,422,427,427,427,473,486,505,516,538,555,561,566,572,572,578,578,578,578,578,578,578
PL,波兰,其他,https://www.fluentpython.com/data/flags/pl/pl.gif,0,0,0,3,3,3,3,3,3,3,3,3,3,3,3,3,3,3,3,3,3,3,3,3,3,3,3,3,3,3,3,3,3,3,3,3,3,3,3,3,3,3,3,3,3,3,3,3,3,3,3,3,10,10,10,10,13,19,37,44,65,76,176,213,237,246,258,272,293,322,325,342,423,464,509,538,565,565,568,568,572,572,572,572,572,572,572,572,572
BN,文莱,其他,https://www.fluentpython.com/data/flags/bn/bn.gif,0,0,0,0,0,0,0,0,0,0,0,0,0,0,0,0,0,0,0,0,0,0,0,0,0,0,0,0,0,0,0,0,0,0,0,0,0,0,0,0,0,0,0,0,0,0,0,0,0,0,0,0,0,0,0,0,0,0,0,0,0,0,44,44,138,186,231,279,279,323,323,369,369,416,516,516,516,516,561,561,561,561,561,561,561,561,561,561,561
CI,科特迪瓦,其他,https://www.fluentpython.com/data/flags/ci/ci.gif,0,0,0,0,0,0,0,0,0,0,0,0,0,0,0,0,0,0,0,0,0,0,0,0,0,0,0,0,0,0,0,0,0,0,0,0,0,0,0,0,0,0,0,0,0,0,0,0,0,0,0,0,0,0,0,0,0,0,0,0,0,0,92,184,184,184,184,184,284,375,469,469,469,469,469,469,469,469,469,469,469,469,561,561,561,561,561,561,561
NP,尼泊尔,其他,https://www.fluentpython.com/data/flags/np/np.gif,0,0,0,0,0,0,0,0,0,0,0,0,0,0,0,0,0,0,0,0,0,0,0,0,0,0,0,0,0,0,0,0,0,0,0,0,0,0,0,0,0,0,0,0,0,0,0,0,0,0,0,0,0,0,0,0,100,100,191,191,191,191,279,279,279,279,279,279,279,373,458,557,557,557,557,557,557,557,557,557,557,557,557,557,557,557,557,557,557
MM,缅甸,其他,https://www.fluentpython.com/data/flags/mm/mm.gif,0,0,0,0,0,0,0,0,0,0,0,0,0,0,0,0,0,0,0,0,0,0,0,0,0,0,0,0,0,0,0,0,0,0,0,0,0,0,0,0,0,0,0,0,0,0,0,0,0,0,0,0,0,0,0,0,0,0,0,0,0,48,144,242,242,242,242,292,292,340,340,340,440,492,541,541,541,541,541,541,541,541,541,541,541,541,541,541,541
CZ,捷克,其他,https://www.fluentpython.com/data/flags/cz/cz.gif,0,0,0,11,11,11,11,11,11,11,11,11,11,11,11,11,11,11,11,11,11,11,11,11,11,45,55,55,55,55,55,55,55,55,55,55,55,55,55,55,55,55,55,55,55,55,55,55,55,55,55,76,100,100,100,110,110,120,120,133,157,167,267,338,338,348,374,386,396,396,406,426,479,492,516,526,536,536,536,536,536,536,536,536,536,536,536,536,536
ZA,南非,其他,https://www.fluentpython.com/data/flags/za/za.gif,0,0,0,0,0,0,0,0,0,0,16,16,16,16,16,16,16,16,16,16,16,16,16,16,16,16,16,16,16,16,16,16,16,16,16,16,16,16,16,16,16,16,16,16,16,16,16,16,16,28,28,28,28,28,28,40,53,53,53,53,53,92,192,242,242,295,340,356,356,417,417,430,484,499,499,499,499,499,499,512,512,512,512,512,536,536,536,536,536
EE,爱沙尼亚,其他,https://www.fluentpython.com/data/flags/ee/ee.gif,0,0,15,15,31,31,31,31,31,31,50,50,50,50,50,50,50,50,50,50,50,50,50,150,150,150,150,150,150,150,150,150,186,186,186,186,186,186,186,186,186,186,186,186,186,186,186,186,186,186,186,186,186,186,186,186,186,186,186,186,222,251,294,309,338,338,355,355,369,397,411,440,516,516,533,533,533,533,533,533,533,533,533,533,533,533,533,533,533
PE,秘鲁,其他,https://www.fluentpython.com/data/flags/pe/pe.gif,0,0,0,0,0,0,0,0,0,0,0,0,0,0,0,0,0,0,0,0,0,0,0,0,0,0,0,0,0,0,0,0,0,0,0,0,0,0,0,0,0,0,0,0,0,0,0,0,0,0,0,0,0,0,0,0,0,0,0,0,0,0,100,134,202,202,202,246,281,348,348,381,416,416,460,460,460,460,492,492,532,532,532,532,532,532,532,532,532
AT,奥地利,其他,https://www.fluentpython.com/data/flags/at/at.gif,0,0,0,0,0,0,0,2,2,2,2,2,2,5,8,8,8,8,8,8,8,8,8,12,12,12,12,12,12,12,12,12,18,18,18,18,18,18,21,24,24,24,24,24,24,24,24,24,24,27,32,43,43,46,46,46,49,57,63,63,66,71,171,256,281,292,303,306,311,357,376,392,458,472,492,507,512,512,512,515,515,518,518,521,524,527,527,527,527
BG,保加利亚,其他,https://www.fluentpython.com/data/flags/bg/bg.gif,0,0,0,0,0,0,0,0,0,0,0,0,0,0,0,0,0,0,0,0,0,0,0,0,0,0,0,0,0,0,0,0,0,0,0,0,0,0,0,0,0,0,0,30,30,30,30,30,30,30,30,30,30,30,30,30,30,30,30,30,30,130,162,229,229,229,314,354,354,388,422,422,458,458,458,458,491,491,491,526,526,526,526,526,526,526,526,526,526
CH,瑞士,其他,https://www.fluentpython.com/data/flags/ch/ch.gif,1,1,1,1,1,1,1,1,1,1,1,1,1,1,1,2,4,4,4,4,4,4,4,4,4,6,7,7,7,8,8,8,8,9,10,11,12,13,13,13,13,13,13,14,14,14,14,14,14,14,15,19,19,19,21,21,22,42,59,70,80,92,192,223,241,275,298,305,335,383,396,401,463,474,488,495,500,503,505,505,507,510,510,511,511,511,512,514,514
DK,丹麦,其他,https://www.fluentpython.com/data/flags/dk/dk.gif,0,0,0,0,0,0,0,0,0,0,0,0,0,0,0,0,0,0,0,0,0,0,0,0,0,0,0,0,0,0,0,0,0,6,6,6,6,6,6,6,6,6,6,6,6,6,6,6,6,6,6,12,12,12,12,12,12,12,22,40,44,50,139,191,194,210,229,236,252,265,284,316,416,435,470,484,487,496,499,499,503,503,506,506,506,509,509,509,509
FR,法国,其他,https://www.fluentpython.com/data/flags/fr/fr.gif,0,0,0,1,1,1,1,1,1,2,2,2,2,2,3,3,3,3,3,3,3,3,3,3,4,5,5,6,6,6,7,7,9,9,9,9,10,10,10,10,10,11,11,11,11,11,11,11,12,13,14,15,17,17,19,20,21,28,35,42,45,67,167,190,204,216,230,235,244,265,283,296,396,432,473,484,486,489,491,493,493,493,497,497,498,499,499,499,499
ES,西班牙,其他,https://www.fluentpython.com/data/flags/es/es.gif,0,0,0,0,0,0,0,2,2,2,2,2,2,17,19,22,22,22,22,22,22,22,22,22,22,25,25,25,25,25,25,28,28,28,28,28,28,28,28,28,28,28,28,28,28,28,28,28,28,28,38,43,43,43,43,43,43,50,60,72,98,133,218,318,343,354,360,366,375,389,394,404,423,441,459,461,463,465,465,467,467,467,467,469,471,480,485,485,485
SE,瑞典,其他,https://www.fluentpython.com/data/flags/se/se.gif,0,0,0,0,0,0,0,0,0,0,2,4,4,4,4,4,4,4,4,4,4,4,4,21,23,25,29,29,29,29,29,29,29,29,31,31,31,31,31,31,31,31,31,31,31,31,33,33,33,33,33,35,35,35,35,47,47,53,153,186,199,217,304,330,350,364,373,380,388,398,400,402,441,454,463,473,473,477,477,477,477,477,477,477,479,479,479,479,479
NZ,新西兰,其他,https://www.fluentpython.com/data/flags/nz/nz.gif,0,0,0,0,0,0,0,0,0,0,0,3,3,3,3,3,3,3,3,3,3,3,3,7,7,7,7,10,13,13,13,13,13,13,13,13,13,13,13,16,16,16,16,16,16,16,16,19,19,19,19,19,19,19,22,22,25,34,37,40,53,75,175,229,248,251,267,288,294,316,329,351,411,425,435,451,451,457,457,463,463,466,469,472,472,472,475,475,475
UA,乌克兰,其他,https://www.fluentpython.com/data/flags/ua/ua.gif,0,0,0,0,0,0,0,0,0,0,0,0,0,0,0,0,0,0,0,0,0,0,0,0,0,0,0,0,0,0,0,0,0,0,0,0,0,0,0,0,0,0,0,0,0,0,0,0,0,0,0,0,0,0,0,48,48,48,48,48,48,48,145,245,245,297,356,414,414,414,414,414,414,475,475,475,475,475,475,475,475,475,475,475,475,475,475,475,475
PH,菲律宾,其他,https://www.fluentpython.com/data/flags/ph/ph.gif,0,0,0,0,0,0,0,0,0,0,0,0,0,0,5,5,5,5,5,5,5,5,5,5,5,5,5,5,5,5,5,5,5,5,5,5,5,5,5,5,5,5,5,5,5,5,5,5,8,8,8,8,8,8,8,8,12,12,16,21,26,53,153,220,246,261,298,312,336,373,391,398,417,426,440,440,444,448,456,456,460,464,464,468,468,468,472,472,472
CO,哥伦比亚,其他,https://www.fluentpython.com/data/flags/co/co.gif,0,0,0,0,0,0,0,0,0,0,0,0,0,0,0,0,0,0,0,0,0,0,0,0,0,0,0,0,0,0,0,0,0,0,0,0,0,0,0,0,0,0,0,0,0,0,0,10,10,10,10,10,10,10,10,10,10,10,10,10,10,20,116,216,236,257,294,320,320,348,357,367,438,450,450,450,450,450,468,468,468,468,468,468,468,468,468,468,468
CY,塞浦路斯,其他,https://www.fluentpython.com/data/flags/cy/cy.gif,0,0,0,0,0,0,0,0,0,0,0,0,0,0,0,0,0,0,0,0,0,0,0,0,0,0,0,0,0,0,0,0,0,0,0,0,0,0,0,0,0,0,0,0,0,0,0,0,0,0,0,0,0,0,0,0,0,0,0,0,99,99,184,184,184,275,275,275,275,275,362,362,362,462,462,462,462,462,462,462,462,462,462,462,462,462,462,462,462
US,美国,其他,https://www.fluentpython.com/data/flags/us/us.gif,0,0,0,0,0,0,0,0,0,0,0,0,0,0,0,0,0,0,0,0,0,0,0,0,0,0,0,0,0,0,0,0,0,1,2,3,3,3,3,4,4,4,4,4,4,4,4,4,4,5,6,6,6,7,9,13,17,22,27,34,44,76,176,212,232,252,269,284,297,331,342,361,404,421,433,441,445,448,450,451,452,453,454,455,455,456,457,457,457
CN,中国,其他,https://www.fluentpython.com/data/flags/cn/cn.gif,0,1,1,2,2,2,2,2,2,2,3,3,3,3,3,3,3,4,4,4,5,5,5,6,6,8,10,11,11,11,12,12,14,15,16,16,16,17,18,19,20,21,21,22,23,24,26,27,27,28,29,31,34,37,39,42,42,43,49,57,71,93,193,241,264,284,301,318,333,350,366,374,394,410,425,430,433,436,439,441,444,446,449,450,452,453,455,456,456
GU,关岛,其他,https://upload.wikimedia.org/wikipedia/commons/thumb/0/07/Flag_of_Guam.svg/250px-Flag_of_Guam.svg.png,0,0,0,0,0,0,0,0,0,0,0,0,0,0,0,0,0,0,0,0,0,0,0,0,0,0,0,0,0,0,0,0,0,0,0,0,0,0,0,0,0,0,0,0,0,0,0,0,0,0,0,0,0,0,0,0,0,86,86,86,186,186,186,271,271,271,271,271,271,271,358,358,358,358,456,456,456,456,456,456,456,456,456,456,456,456,456,456,456
KH,柬埔塞,其他,https://www.fluentpython.com/data/flags/kh/kh.gif,0,0,0,0,0,0,0,0,0,0,0,0,0,0,0,0,0,0,0,0,0,0,0,0,0,0,0,0,0,0,0,0,0,0,0,0,0,0,0,0,0,0,0,0,0,0,0,0,0,0,0,0,0,0,0,0,54,54,54,54,54,154,203,252,252,252,304,304,304,352,352,402,402,402,402,402,450,450,450,450,450,450,450,450,450,450,450,450,450
NL,荷兰,其他,https://www.fluentpython.com/data/flags/nl/nl.gif,0,0,0,0,0,0,0,0,0,0,0,0,0,0,0,0,0,0,0,0,0,0,0,0,0,0,0,0,0,0,0,0,0,0,0,0,0,0,1,1,1,1,1,1,1,1,1,1,3,4,4,5,5,5,6,7,8,8,10,14,29,67,157,196,216,231,235,246,259,279,282,290,390,409,429,437,439,440,441,442,442,443,443,444,444,444,445,445,445
CA,加拿大,其他,https://www.fluentpython.com/data/flags/ca/ca.gif,0,0,0,0,0,0,0,0,0,0,0,0,0,0,0,0,0,0,0,0,0,0,0,1,2,3,3,4,4,4,4,5,5,6,7,8,9,9,9,9,9,9,9,10,11,11,12,13,13,13,14,14,15,16,16,18,19,21,23,30,38,57,157,201,223,247,264,282,298,322,330,346,386,399,411,421,426,430,432,434,436,438,439,440,441,442,443,444,444
IT,意大利,其他,https://www.fluentpython.com/data/flags/it/it.gif,0,1,1,1,2,2,2,2,2,2,2,4,4,4,4,4,6,6,6,6,6,6,6,8,8,8,8,8,12,13,13,13,14,15,25,37,37,37,37,37,37,38,38,39,39,39,40,40,40,41,41,41,42,42,42,43,47,53,60,64,64,91,191,246,257,262,268,274,284,302,310,317,361,382,404,418,423,423,427,429,430,431,432,434,434,435,436,436,436
JP,日本,其他,https://www.fluentpython.com/data/flags/jp/jp.gif,1,1,1,1,1,1,1,1,1,1,1,1,1,1,1,1,1,2,2,2,2,2,2,2,2,2,2,3,3,3,3,3,3,4,5,6,7,8,8,9,9,9,9,10,11,11,11,12,14,15,16,17,17,17,17,17,19,22,31,37,47,61,161,199,218,234,247,259,276,295,301,320,350,367,381,389,394,412,420,424,427,428,429,431,433,434,434,434,434
SA,沙特阿拉伯,其他,https://www.fluentpython.com/data/flags/sa/sa.gif,0,0,0,0,0,0,0,0,0,0,0,0,0,0,0,0,0,0,0,0,0,0,0,0,0,0,0,0,0,0,0,0,0,0,0,0,0,0,0,0,0,0,0,0,0,0,0,0,0,0,0,0,0,0,0,0,39,39,39,39,39,39,139,139,211,211,247,247,314,314,348,348,348,387,423,423,423,423,423,423,423,423,423,423,423,423,423,423,423
FI,芬兰,其他,https://www.fluentpython.com/data/flags/fi/fi.gif,0,0,0,5,5,5,5,5,5,5,10,10,10,10,10,10,10,10,10,10,10,10,10,10,10,10,10,10,10,10,10,10,10,14,14,14,14,14,14,19,19,19,19,19,24,24,24,24,24,24,24,24,24,24,24,24,42,51,51,62,67,81,129,161,183,283,305,326,343,347,347,365,374,390,406,406,406,406,410,410,410,410,410,410,410,410,410,410,410
KE,肯尼亚,其他,https://www.fluentpython.com/data/flags/ke/ke.gif,0,0,0,0,0,0,0,0,0,0,0,0,0,0,0,0,0,0,0,0,0,0,0,0,0,0,0,0,0,0,0,0,0,0,0,0,0,0,0,0,33,33,33,33,33,33,33,33,33,33,33,33,33,33,33,33,67,67,67,67,67,67,167,232,266,301,301,301,301,301,301,301,301,335,335,370,403,403,403,403,403,403,403,403,403,403,403,403,403
TN,突尼斯,其他,https://www.fluentpython.com/data/flags/tn/tn.gif,0,0,0,0,0,0,0,0,0,0,0,0,0,0,0,0,0,0,0,0,0,0,0,0,0,0,0,0,0,0,0,0,0,0,0,0,0,0,0,0,0,0,0,0,0,0,0,0,0,0,0,0,0,0,0,0,0,0,0,0,0,96,190,190,290,388,388,388,388,388,388,388,388,388,388,388,388,388,388,388,388,388,388,388,388,388,388,388,388
DE,德国,其他,https://www.fluentpython.com/data/flags/de/de.gif,0,0,0,0,0,0,0,0,0,0,1,2,3,3,3,3,3,3,3,3,3,3,3,4,4,4,5,5,5,5,5,5,5,5,5,5,5,5,5,5,5,6,6,6,6,6,6,6,6,6,8,20,23,24,24,26,27,30,37,44,48,59,159,207,226,237,243,254,265,284,292,298,336,352,372,380,382,383,384,384,385,386,386,386,386,386,387,387,387
CL,智利,其他,https://www.fluentpython.com/data/flags/cl/cl.gif,0,0,0,0,0,0,0,0,0,0,0,0,0,0,0,0,0,0,0,0,0,0,0,0,0,0,0,0,0,0,0,0,0,0,0,0,0,0,0,0,0,0,0,0,0,0,0,10,10,10,10,10,10,10,10,10,10,10,10,10,10,21,121,144,156,180,222,236,247,258,270,282,330,344,358,358,358,369,369,369,369,369,379,379,379,379,379,379,379
GR,希腊,其他,https://www.fluentpython.com/data/flags/gr/gr.gif,0,0,0,0,0,0,0,0,0,0,0,0,0,0,0,0,0,0,0,0,0,0,0,0,0,0,0,0,0,15,15,15,15,15,15,15,15,15,15,15,15,15,15,15,15,15,15,15,15,15,15,15,15,15,15,15,15,15,15,31,31,57,69,108,149,191,207,222,222,235,248,274,274,374,374,374,374,374,374,374,374,374,374,374,374,374,374,374,374
AU,澳大利亚,其他,https://www.fluentpython.com/data/flags/au/au.gif,0,0,0,0,0,0,0,0,0,0,0,0,0,0,0,0,0,0,0,0,0,0,0,0,0,0,0,0,0,0,0,0,0,1,2,2,2,2,2,2,3,3,3,3,3,4,4,4,4,4,4,4,4,4,4,5,13,19,26,33,40,63,163,196,213,225,239,258,274,286,293,306,334,346,355,358,361,363,366,367,368,368,369,369,369,370,370,371,371
BH,巴林,其他,https://www.fluentpython.com/data/flags/bh/bh.gif,0,0,0,0,0,0,0,0,0,0,0,0,0,0,0,0,0,0,0,0,0,0,0,0,0,0,0,0,0,0,0,0,93,93,93,93,93,93,93,93,93,93,93,183,183,183,183,183,183,183,183,183,183,183,183,183,183,183,183,183,183,183,183,183,183,183,283,283,283,283,283,283,283,283,371,371,371,371,371,371,371,371,371,371,371,371,371,371,371
RU,俄罗斯,其他,https://www.fluentpython.com/data/flags/ru/ru.gif,0,0,0,0,0,0,0,0,0,0,0,0,0,0,0,0,0,0,0,0,0,0,0,0,0,0,0,0,0,0,0,0,0,0,0,0,0,0,0,0,0,0,0,0,0,0,0,0,0,0,0,0,7,15,15,15,15,15,15,15,15,49,149,162,203,210,226,242,255,268,268,268,316,340,348,348,348,348,354,354,354,362,362,362,362,362,369,369,369
BR,巴西,其他,https://www.fluentpython.com/data/flags/br/br.gif,0,0,0,0,0,0,0,0,0,0,0,0,0,0,0,0,0,0,0,0,0,0,0,0,0,0,0,0,0,0,0,0,0,0,0,0,0,0,0,0,0,0,0,0,0,0,0,0,0,0,0,0,0,0,2,2,2,2,7,10,13,35,135,184,208,211,214,227,234,254,254,259,310,341,344,351,353,362,362,362,365,365,365,365,365,365,365,368,368
KZ,哈萨克斯坦,其他,https://www.fluentpython.com/data/flags/kz/kz.gif,0,0,0,0,0,0,0,0,0,0,0,0,0,0,0,0,0,0,0,0,0,0,0,0,0,0,0,0,0,0,0,0,0,0,0,0,0,0,0,0,0,0,0,0,0,0,0,0,0,0,0,0,0,0,0,0,0,0,0,0,0,0,24,121,221,221,253,253,253,253,253,278,305,305,337,337,337,337,337,363,363,363,363,363,363,363,363,363,363
MN,蒙古,其他,https://www.fluentpython.com/data/flags/mn/mn.gif,0,0,0,0,0,0,0,0,39,39,39,39,39,39,39,39,39,39,39,39,39,39,39,39,39,39,39,39,39,39,39,39,39,39,39,39,39,39,39,39,39,39,39,39,39,39,39,39,39,39,39,39,39,39,39,39,39,39,39,39,39,39,39,39,82,82,138,138,180,180,180,222,222,222,322,322,322,322,322,322,322,322,322,361,361,361,361,361,361
GB,英国,其他,https://www.fluentpython.com/data/flags/gb/gb.gif,0,0,0,0,0,0,0,0,0,0,1,1,1,1,1,1,1,1,1,1,1,1,1,1,1,1,1,1,1,1,2,2,3,3,4,4,4,4,4,4,4,4,4,4,4,4,5,5,7,8,9,11,12,13,13,14,15,17,19,23,27,51,151,180,192,202,211,217,228,248,253,263,310,322,337,344,348,350,352,353,354,355,355,355,356,357,357,357,357
BW,博兹瓦那,其他,https://www.fluentpython.com/data/flags/bw/bw.gif,0,0,0,0,0,0,0,0,0,0,0,0,0,0,0,0,0,0,0,0,0,0,0,0,0,0,0,0,0,0,0,0,0,0,0,0,0,0,0,0,0,0,0,0,0,0,0,0,0,0,0,0,0,0,0,0,77,77,77,77,77,77,77,156,156,156,156,156,156,156,156,156,156,254,354,354,354,354,354,354,354,354,354,354,354,354,354,354,354
UG,乌干达,其他,https://www.fluentpython.com/data/flags/ug/ug.gif,0,0,0,0,0,0,0,0,0,0,0,0,0,0,0,0,0,0,0,0,0,0,0,0,0,0,0,0,0,0,0,0,0,0,0,0,0,0,0,0,0,0,0,0,0,0,0,0,0,0,0,0,0,0,0,0,0,0,0,0,0,100,189,189,273,273,273,273,273,273,273,273,273,273,353,353,353,353,353,353,353,353,353,353,353,353,353,353,353
CR,哥斯达黎加,其他,https://www.fluentpython.com/data/flags/cr/cr.gif,0,0,0,0,0,0,0,0,0,0,0,0,0,0,0,0,0,0,0,0,0,0,0,0,0,0,0,0,0,0,0,0,0,0,0,0,0,0,0,0,0,0,0,0,0,0,0,0,0,0,0,0,0,0,0,0,0,0,0,0,0,0,95,95,143,191,191,191,191,191,191,191,291,349,349,349,349,349,349,349,349,349,349,349,349,349,349,349,349
PY,巴拉圭,其他,https://www.fluentpython.com/data/flags/py/py.gif,0,0,0,0,0,0,0,0,0,0,0,0,0,0,0,0,0,0,0,0,0,0,0,0,0,0,0,0,0,0,0,0,0,0,0,0,0,0,0,0,0,0,0,0,0,0,0,0,0,0,0,0,0,0,0,0,0,0,0,0,0,0,84,84,84,171,171,171,171,171,171,171,171,271,271,271,349,349,349,349,349,349,349,349,349,349,349,349,349
IE,爱尔兰,其他,https://www.fluentpython.com/data/flags/ie/ie.gif,0,0,0,0,0,0,0,0,0,0,0,0,0,0,0,0,0,0,0,0,0,0,0,0,0,0,0,0,0,0,0,0,0,0,0,0,4,4,4,4,4,4,4,8,8,8,8,8,8,12,12,12,12,12,12,12,12,12,21,21,26,43,143,160,177,191,201,211,233,246,259,268,303,313,323,327,327,327,327,331,336,336,336,336,336,336,336,336,336
LA,老挝,其他,https://www.fluentpython.com/data/flags/la/la.gif,0,0,0,0,0,0,0,0,0,0,0,0,0,0,0,0,0,0,0,0,0,0,0,0,0,0,0,0,0,0,0,0,0,0,0,0,0,0,0,0,0,0,0,0,0,0,0,0,0,0,0,0,0,0,0,0,0,0,0,0,0,0,0,93,139,139,239,239,239,239,239,284,284,284,284,284,331,331,331,331,331,331,331,331,331,331,331,331,331
RS,塞尔维亚,其他,https://www.fluentpython.com/data/flags/rs/rs.gif,0,0,0,0,0,0,0,0,0,0,0,0,0,0,0,0,0,0,0,0,0,0,0,0,0,0,0,0,0,0,0,0,0,0,0,0,0,0,0,0,0,0,0,0,0,0,0,0,0,0,0,0,0,0,0,0,0,0,0,0,0,39,59,159,180,180,180,180,180,202,202,202,245,268,290,290,329,329,329,329,329,329,329,329,329,329,329,329,329
LT,立陶宛,其他,https://www.fluentpython.com/data/flags/lt/lt.gif,0,0,0,0,0,0,0,0,0,0,0,0,0,0,0,0,0,0,0,0,0,0,0,0,0,0,0,0,0,0,0,0,0,0,0,0,0,0,0,0,0,0,0,0,0,0,0,0,0,0,0,0,0,0,0,0,0,0,0,0,0,0,100,151,151,151,151,151,151,151,216,269,327,327,327,327,327,327,327,327,327,327,327,327,327,327,327,327,327
LU,卢森堡,其他,https://www.fluentpython.com/data/flags/lu/lu.gif,0,0,0,0,0,0,0,0,0,0,0,0,0,0,0,0,0,0,0,0,0,0,0,0,0,0,0,0,0,0,0,0,0,0,0,0,0,0,0,0,0,0,0,0,0,0,0,0,0,0,0,0,0,23,23,40,40,40,40,64,64,64,164,217,234,234,234,234,234,234,234,271,271,296,296,296,296,313,313,313,313,313,313,313,313,313,313,313,313
AE,阿联酋,其他,https://www.fluentpython.com/data/flags/ae/ae.gif,0,0,0,0,0,0,0,0,0,0,0,0,0,0,0,0,0,0,0,0,0,0,0,0,0,0,0,0,0,0,0,0,0,0,0,0,0,0,0,0,0,0,0,0,0,0,0,0,0,0,0,0,0,0,0,0,0,0,0,0,8,22,122,162,176,176,200,224,231,231,238,238,245,269,293,307,307,307,307,307,307,307,307,307,307,307,307,307,307
DO,多米尼加共和国,其他,https://upload.wikimedia.org/wikipedia/commons/thumb/9/9f/Flag_of_the_Dominican_Republic.svg/206px-Flag_of_the_Dominican_Republic.svg.png,0,0,0,0,0,0,0,0,0,0,0,0,0,0,0,0,0,0,0,0,0,0,0,0,0,0,0,0,0,0,0,0,0,0,0,0,0,0,0,0,0,0,0,0,0,0,0,0,0,0,0,0,0,0,0,0,0,0,0,0,0,0,96,196,196,196,253,253,253,253,253,253,305,305,305,305,305,305,305,305,305,305,305,305,305,305,305,305,305
EC,厄瓜多尔,其他,https://www.fluentpython.com/data/flags/ec/ec.gif,0,0,0,0,0,0,0,0,0,0,0,0,0,0,0,0,0,0,0,0,0,0,0,0,0,0,0,0,0,0,0,0,0,0,0,0,0,0,0,0,0,0,0,0,0,0,0,0,0,0,0,0,0,0,0,0,0,0,0,0,0,0,100,133,167,167,167,217,217,217,217,217,252,252,300,300,300,300,300,300,300,300,300,300,300,300,300,300,300
NG,尼日利亚,其他,https://www.fluentpython.com/data/flags/ng/ng.gif,0,0,0,0,0,0,0,0,0,0,0,0,0,0,0,0,0,0,0,0,0,0,0,0,0,0,0,0,0,0,0,0,0,0,0,0,0,0,0,0,0,0,0,0,0,0,0,0,0,0,0,0,0,0,0,0,34,34,34,34,34,34,67,163,263,263,263,263,263,263,263,263,299,299,299,299,299,299,299,299,299,299,299,299,299,299,299,299,299
TZ,坦桑尼亚,其他,https://www.fluentpython.com/data/flags/tz/tz.gif,0,0,0,0,0,0,0,0,0,0,0,0,0,0,0,0,0,0,0,0,0,0,0,0,0,0,0,0,0,0,0,0,0,0,0,0,0,0,0,0,0,0,0,0,0,0,0,0,0,0,0,0,0,0,0,0,0,0,0,0,0,0,0,100,100,100,100,100,100,100,100,100,100,199,199,199,298,298,298,298,298,298,298,298,298,298,298,298,298
PK,巴基斯坦,其他,https://www.fluentpython.com/data/flags/pk/pk.gif,0,0,0,0,0,0,0,0,0,0,0,0,0,0,0,0,0,0,0,0,0,0,0,0,0,0,0,0,0,0,0,0,0,0,0,0,0,0,0,0,0,0,0,0,0,0,0,0,0,0,0,0,0,0,0,0,0,0,0,0,0,0,65,65,165,165,200,200,200,200,200,200,200,234,234,234,265,296,296,296,296,296,296,296,296,296,296,296,296
MA,摩洛哥,其他,https://www.fluentpython.com/data/flags/ma/ma.gif,0,0,0,0,0,0,0,0,0,0,0,0,0,0,0,0,0,0,0,0,0,0,0,0,0,0,0,0,0,0,0,0,0,0,0,0,0,0,0,0,0,0,0,0,0,0,0,0,0,0,0,0,0,0,0,0,0,0,0,100,100,100,199,199,199,199,199,199,199,199,199,199,199,199,199,199,199,289,289,289,289,289,289,289,289,289,289,289,289
BA,波斯尼亚和黑塞哥维那,其他,https://www.fluentpython.com/data/flags/ba/ba.gif,0,0,0,0,0,0,0,0,0,0,0,0,0,0,0,0,0,0,0,0,0,0,0,0,0,0,0,0,0,0,0,0,0,0,0,0,0,0,0,0,0,0,0,0,0,0,0,0,0,0,0,0,0,0,0,0,0,0,0,0,0,0,93,93,93,193,193,193,193,193,193,287,287,287,287,287,287,287,287,287,287,287,287,287,287,287,287,287,287
GE,格鲁吉亚,其他,https://www.fluentpython.com/data/flags/ge/ge.gif,0,0,0,0,0,0,0,0,0,0,0,0,0,0,0,0,0,0,0,0,0,0,0,0,0,0,0,0,0,0,0,0,0,0,0,0,0,0,0,0,0,0,0,0,0,0,0,0,0,0,0,0,0,0,0,0,0,0,0,0,0,0,0,0,0,94,94,94,94,187,187,187,287,287,287,287,287,287,287,287,287,287,287,287,287,287,287,287,287
AD,安道尔,其他,https://www.fluentpython.com/data/flags/ad/ad.gif,0,0,0,0,0,0,0,0,0,0,0,0,0,0,0,0,0,0,0,0,0,0,0,0,0,0,0,0,0,0,0,0,0,0,0,0,0,0,0,0,0,0,0,0,0,100,100,100,100,100,100,100,100,100,100,100,100,100,100,100,100,192,286,286,286,286,286,286,286,286,286,286,286,286,286,286,286,286,286,286,286,286,286,286,286,286,286,286,286
AZ,阿塞拜疆,其他,https://www.fluentpython.com/data/flags/az/az.gif,0,0,0,0,0,0,0,0,0,0,0,0,0,0,0,0,0,0,0,0,0,0,0,0,0,0,0,0,0,0,0,0,0,0,0,0,0,0,0,0,0,0,0,0,0,0,0,0,0,0,0,0,0,0,0,0,0,0,0,94,94,94,94,185,185,185,185,185,185,185,185,185,185,185,285,285,285,285,285,285,285,285,285,285,285,285,285,285,285
GH,加纳,其他,https://www.fluentpython.com/data/flags/gh/gh.gif,0,0,0,0,0,0,0,0,0,0,0,0,0,0,0,0,0,0,0,0,0,0,0,0,0,0,0,0,0,0,0,0,0,0,0,0,0,0,0,0,0,0,0,0,0,0,0,0,0,0,0,0,0,0,0,0,0,0,0,0,0,0,85,85,85,85,85,85,85,85,85,85,85,185,284,284,284,284,284,284,284,284,284,284,284,284,284,284,284
AO,安哥拉,其他,https://www.fluentpython.com/data/flags/ao/ao.gif,0,0,0,0,0,0,0,0,0,0,0,0,0,0,0,0,0,0,0,0,0,0,0,0,0,0,0,0,0,0,0,0,0,0,0,0,0,0,0,0,0,0,0,0,0,0,0,0,0,0,0,0,0,0,0,0,0,0,66,66,66,117,217,217,217,217,217,217,217,217,217,217,217,283,283,283,283,283,283,283,283,283,283,283,283,283,283,283,283
BE,比利时,其他,https://www.fluentpython.com/data/flags/be/be.gif,2,2,2,2,2,2,2,2,2,2,2,2,2,2,2,2,2,2,2,2,2,2,2,2,2,2,2,2,2,2,2,4,4,4,6,6,6,6,6,6,6,6,6,6,6,6,6,6,6,9,9,9,9,9,9,11,11,13,15,17,22,44,144,170,187,198,206,210,215,222,224,231,249,253,264,274,274,276,278,281,281,281,281,281,281,281,281,281,281
BS,巴哈马,其他,https://www.fluentpython.com/data/flags/bs/bs.gif,0,0,0,0,0,0,0,0,0,0,0,0,0,0,0,0,0,0,0,0,0,0,0,0,0,0,0,0,0,0,0,0,0,0,0,0,0,0,0,0,0,0,0,0,0,0,0,0,0,0,0,0,0,0,0,0,0,0,0,0,0,0,0,0,86,175,175,175,175,175,175,175,175,175,275,275,275,275,275,275,275,275,275,275,275,275,275,275,275
HU,匈牙利,其他,https://www.fluentpython.com/data/flags/hu/hu.gif,0,0,0,0,0,0,0,0,0,0,0,0,0,0,0,0,0,0,0,0,0,0,0,0,0,0,0,0,0,0,0,0,0,0,0,0,0,0,0,0,0,0,0,0,0,0,0,0,0,0,0,0,5,5,5,5,5,5,15,15,15,15,115,125,134,144,155,171,180,207,216,216,236,247,263,263,263,268,268,268,268,268,268,268,272,272,272,272,272
EG,埃及,其他,https://www.fluentpython.com/data/flags/eg/eg.gif,0,0,0,0,0,0,0,0,0,0,0,0,0,0,0,0,0,0,0,0,0,0,0,0,0,0,0,0,0,0,0,0,0,0,0,0,0,0,0,0,0,0,0,0,0,0,0,0,0,0,0,0,0,0,0,0,0,0,0,0,0,0,85,85,85,185,271,271,271,271,271,271,271,271,271,271,271,271,271,271,271,271,271,271,271,271,271,271,271
LI,列支敦士登,其他,https://www.fluentpython.com/data/flags/li/li.gif,0,0,0,0,0,0,0,0,0,0,0,0,0,0,0,0,0,0,0,0,0,0,0,0,0,0,0,0,0,0,0,0,0,0,0,0,0,0,0,0,0,0,0,0,0,0,0,0,0,0,100,100,100,100,100,100,100,100,100,100,100,183,271,271,271,271,271,271,271,271,271,271,271,271,271,271,271,271,271,271,271,271,271,271,271,271,271,271,271
GT,瓜地马拉,其他,https://www.fluentpython.com/data/flags/gt/gt.gif,0,0,0,0,0,0,0,0,0,0,0,0,0,0,0,0,0,0,0,0,0,0,0,0,0,0,0,0,0,0,0,0,0,0,0,0,0,0,0,0,0,0,0,0,0,0,0,0,0,0,0,0,0,0,0,0,0,0,0,0,0,0,100,100,150,150,150,215,215,215,215,215,267,267,267,267,267,267,267,267,267,267,267,267,267,267,267,267,267
VE,委内瑞拉,其他,https://www.fluentpython.com/data/flags/ve/ve.gif,0,0,0,0,0,0,0,0,0,0,0,0,0,0,0,0,0,0,0,0,0,0,0,0,0,0,0,0,0,0,0,0,0,0,0,0,0,0,0,0,0,0,0,69,69,69,69,69,69,69,69,69,69,69,69,69,69,69,69,69,69,69,69,69,69,69,69,167,167,167,167,167,167,167,167,167,167,167,167,167,167,167,267,267,267,267,267,267,267
LK,斯里兰卡,其他,https://www.fluentpython.com/data/flags/lk/lk.gif,0,0,0,0,0,0,0,0,0,0,0,0,0,0,0,0,0,0,0,0,0,0,0,0,0,0,0,0,0,0,0,0,0,0,0,0,0,0,0,0,0,0,0,0,0,0,0,0,0,0,0,0,0,0,0,0,0,0,0,0,0,0,52,52,52,52,52,52,152,152,152,152,152,208,208,260,260,260,260,260,260,260,260,260,260,260,260,260,260
BM,百慕大,其他,https://upload.wikimedia.org/wikipedia/commons/thumb/b/bf/Flag_of_Bermuda.svg/250px-Flag_of_Bermuda.svg.png,0,0,0,0,0,0,0,0,0,0,0,0,0,0,0,0,0,0,0,0,0,0,0,0,0,0,0,0,0,0,0,0,0,0,0,0,0,0,0,0,0,0,0,0,0,0,0,0,0,0,0,0,0,0,0,0,0,0,0,0,0,50,150,199,249,249,249,249,249,249,249,249,249,249,249,249,249,249,249,249,249,249,249,249,249,249,249,249,249
TT,特立尼达和多巴哥,其他,https://www.fluentpython.com/data/flags/tt/tt.gif,0,0,0,0,0,0,0,0,0,0,0,0,0,0,0,0,0,0,0,0,0,0,0,0,0,0,0,0,0,0,0,0,0,0,0,0,0,0,0,0,0,0,0,0,0,0,0,0,0,0,0,0,0,0,0,0,0,0,0,0,0,73,144,144,144,144,144,144,144,144,244,244,244,244,244,244,244,244,244,244,244,244,244,244,244,244,244,244,244
HR,克罗地亚,其他,https://www.fluentpython.com/data/flags/hr/hr.gif,0,0,0,0,0,0,0,0,0,0,0,0,0,0,0,0,0,0,0,0,0,0,0,0,0,0,0,0,0,0,0,0,0,0,0,0,0,0,0,10,10,10,10,10,10,10,10,10,10,10,10,10,10,10,10,10,10,26,26,26,26,33,133,165,173,173,173,183,190,190,205,213,230,230,240,240,240,240,240,240,240,240,240,240,240,240,240,240,240
QA,卡塔尔,其他,https://www.fluentpython.com/data/flags/qa/qa.gif,0,0,0,0,0,0,0,0,0,0,0,0,0,0,0,0,0,0,0,0,0,0,0,0,0,0,0,0,0,0,0,0,0,0,0,0,0,0,0,0,0,0,0,0,0,0,0,0,0,0,0,0,0,0,0,0,0,0,0,0,0,0,100,100,100,149,149,149,149,149,235,235,235,235,235,235,235,235,235,235,235,235,235,235,235,235,235,235,235
MU,毛里求斯,其他,https://www.fluentpython.com/data/flags/mu/mu.gif,0,0,0,0,0,0,0,0,0,0,0,0,0,0,0,0,0,0,0,0,0,0,0,0,0,0,0,0,0,0,0,0,0,0,0,0,0,0,0,0,0,0,0,0,0,0,0,0,0,0,0,0,0,0,0,0,0,0,0,0,0,0,60,122,122,122,122,122,122,122,122,122,122,122,222,222,222,222,222,222,222,222,222,222,222,222,222,222,222
RO,罗马尼亚,其他,https://www.fluentpython.com/data/flags/ro/ro.gif,0,0,0,0,0,0,0,0,0,0,0,0,0,0,0,0,0,0,0,0,0,0,0,0,0,0,0,0,0,0,0,0,0,0,0,0,0,0,0,0,0,0,0,0,0,0,0,0,0,0,0,0,0,0,0,0,0,0,12,41,41,41,141,164,176,188,188,188,188,199,199,199,199,214,214,214,214,214,214,214,214,214,214,214,214,214,214,214,214
PA,巴拿马,其他,https://www.fluentpython.com/data/flags/pa/pa.gif,0,0,0,0,0,0,0,0,0,0,0,0,0,0,0,0,0,0,0,0,0,0,0,0,0,0,0,0,0,0,0,0,0,0,0,0,0,0,0,0,0,0,0,0,0,0,0,0,0,0,0,0,0,0,0,0,0,0,0,0,0,0,100,161,161,161,161,185,185,185,185,185,185,185,185,205,205,205,205,205,205,205,205,205,205,205,205,205,205
UY,乌拉圭,其他,https://www.fluentpython.com/data/flags/uy/uy.gif,0,0,0,0,0,0,0,0,0,0,0,0,0,0,0,0,0,0,0,0,0,0,0,0,0,0,0,0,0,0,0,0,0,0,0,0,0,0,0,0,0,0,0,0,0,0,0,0,0,0,0,0,0,0,0,0,0,0,0,0,0,0,50,101,101,201,201,201,201,201,201,201,201,201,201,201,201,201,201,201,201,201,201,201,201,201,201,201,201
BY,白俄罗斯,其他,https://www.fluentpython.com/data/flags/by/by.gif,0,0,0,0,0,0,0,0,0,0,0,0,0,0,0,0,0,0,0,0,0,0,0,0,0,0,0,0,0,0,0,0,0,0,0,0,0,0,0,0,0,0,0,0,0,0,0,0,0,0,0,0,0,0,0,0,0,0,0,0,0,0,0,99,199,199,199,199,199,199,199,199,199,199,199,199,199,199,199,199,199,199,199,199,199,199,199,199,199
HN,洪都拉斯,其他,https://www.fluentpython.com/data/flags/hn/hn.gif,0,0,0,0,0,0,0,0,0,0,0,0,0,0,0,0,0,0,0,0,0,0,0,0,0,0,0,0,0,0,0,0,0,0,0,0,0,0,0,0,0,0,0,0,0,0,0,0,0,0,0,0,0,0,0,0,0,0,0,0,0,0,0,0,0,0,0,0,0,0,0,0,0,0,0,100,100,198,198,198,198,198,198,198,198,198,198,198,198
IQ,伊拉克,其他,https://www.fluentpython.com/data/flags/iq/iq.gif,0,0,0,0,0,0,0,0,0,0,0,0,0,0,0,0,0,0,0,0,0,0,0,0,0,0,0,0,0,0,0,0,0,0,0,0,0,0,0,0,0,0,0,0,0,0,0,0,0,0,0,0,0,0,0,0,0,98,98,98,98,98,98,98,98,98,98,98,98,98,98,98,98,98,98,198,198,198,198,198,198,198,198,198,198,198,198,198,198
KW,科威特,其他,https://www.fluentpython.com/data/flags/kw/kw.gif,0,0,0,0,0,0,0,0,0,0,0,0,0,0,0,0,0,0,0,0,0,0,0,0,0,0,0,0,0,0,0,0,0,0,0,0,0,0,0,0,0,0,0,0,0,0,0,0,0,0,0,0,0,0,0,0,0,0,0,0,0,0,0,0,0,0,96,96,96,96,96,96,96,96,96,96,96,96,96,196,196,196,196,196,196,196,196,196,196
LB,黎巴嫩,其他,https://www.fluentpython.com/data/flags/lb/lb.gif,0,0,0,0,0,0,0,0,0,0,0,0,0,0,0,0,0,0,0,0,0,0,0,0,0,0,0,0,0,0,0,0,0,0,0,0,0,0,0,0,0,0,0,0,0,0,0,0,0,0,0,0,0,0,0,0,0,0,0,0,0,0,100,100,100,100,100,100,100,146,146,146,146,196,196,196,196,196,196,196,196,196,196,196,196,196,196,196,196
DZ,阿尔及利亚,其他,https://www.fluentpython.com/data/flags/dz/dz.gif,0,0,0,0,0,0,0,0,0,0,0,0,0,0,0,0,0,0,0,0,0,0,0,0,0,0,0,0,0,0,0,0,0,0,0,0,0,0,0,0,0,0,0,0,0,0,0,0,0,0,0,0,0,0,0,0,0,0,0,0,0,0,0,100,100,100,195,195,195,195,195,195,195,195,195,195,195,195,195,195,195,195,195,195,195,195,195,195,195
UZ,乌兹别克斯坦,其他,https://www.fluentpython.com/data/flags/uz/uz.gif,0,0,0,0,0,0,0,0,0,0,0,0,0,0,0,0,0,0,0,0,0,0,0,0,0,0,0,0,0,0,0,0,0,0,0,0,0,0,0,0,0,0,0,0,0,0,0,0,0,0,0,0,0,0,0,0,0,0,0,0,0,0,0,0,0,0,0,0,0,0,0,0,0,95,95,95,95,95,95,95,95,95,95,95,95,95,95,195,195
ET,埃塞俄比亚,其他,https://www.fluentpython.com/data/flags/et/et.gif,0,0,0,0,0,0,0,0,0,0,0,0,0,0,0,0,0,0,0,0,0,0,0,0,0,0,0,0,0,0,0,0,0,0,0,0,0,0,0,0,0,0,0,0,0,0,0,0,0,0,0,0,0,0,0,0,0,0,0,52,52,52,152,152,152,152,152,152,152,152,152,152,152,152,152,152,152,152,194,194,194,194,194,194,194,194,194,194,194
XK,科索沃,其他,https://upload.wikimedia.org/wikipedia/commons/thumb/1/1f/Flag_of_Kosovo.svg/200px-Flag_of_Kosovo.svg.png,0,0,0,0,0,0,0,0,0,0,0,0,0,0,0,0,0,0,0,0,0,0,0,0,0,0,0,0,0,0,0,0,0,0,0,0,0,0,0,0,0,0,0,0,0,0,0,0,0,0,0,0,0,0,0,0,0,0,0,0,0,0,0,0,0,100,100,100,100,100,100,100,100,100,100,100,100,100,100,100,194,194,194,194,194,194,194,194,194
SN,塞内加尔,其他,https://www.fluentpython.com/data/flags/sn/sn.gif,0,0,0,0,0,0,0,0,0,0,0,0,0,0,0,0,0,0,0,0,0,0,0,0,0,0,0,0,0,0,0,0,0,0,0,0,0,0,0,0,0,0,0,0,0,0,0,0,0,0,0,0,0,0,0,0,0,0,0,0,0,100,100,100,100,100,100,100,100,100,100,100,100,192,192,192,192,192,192,192,192,192,192,192,192,192,192,192,192
IS,冰岛,其他,https://www.fluentpython.com/data/flags/is/is.gif,0,0,0,0,0,0,0,0,0,0,0,0,0,0,0,0,0,0,0,0,0,0,0,0,0,0,0,0,0,0,0,0,0,0,0,0,0,0,0,0,0,0,0,0,0,0,0,0,0,0,0,0,0,0,0,0,0,0,0,0,0,0,90,90,90,190,190,190,190,190,190,190,190,190,190,190,190,190,190,190,190,190,190,190,190,190,190,190,190
RE,留尼汪,其他,https://upload.wikimedia.org/wikipedia/commons/thumb/8/8e/Proposed_flag_of_R%C3%A9union_%28VAR%29.svg/240px-Proposed_flag_of_R%C3%A9union_%28VAR%29.svg.png,0,0,0,0,0,0,0,0,0,0,0,0,0,0,0,0,0,0,0,0,0,0,0,0,0,0,0,0,0,0,0,0,0,0,0,0,0,0,0,0,0,0,0,0,0,0,0,0,0,0,0,0,0,0,0,0,0,0,0,0,0,0,0,0,0,0,0,0,0,0,0,0,90,190,190,190,190,190,190,190,190,190,190,190,190,190,190,190,190
MV,马尔代夫,其他,https://www.fluentpython.com/data/flags/mv/mv.gif,0,0,0,0,0,0,0,0,0,0,0,0,0,0,0,0,0,0,0,0,0,0,0,0,0,0,0,0,0,0,0,0,0,0,0,0,0,0,0,0,0,0,0,0,0,0,0,0,0,0,0,0,0,0,0,0,0,0,100,100,100,100,100,187,187,187,187,187,187,187,187,187,187,187,187,187,187,187,187,187,187,187,187,187,187,187,187,187,187
JO,约旦,其他,https://www.fluentpython.com/data/flags/jo/jo.gif,0,0,0,0,0,0,0,0,0,0,0,0,0,0,0,0,0,0,0,0,0,0,0,0,0,0,0,0,0,0,0,0,0,0,0,0,0,0,0,0,0,0,0,0,0,0,0,0,0,0,0,0,0,0,0,0,0,0,0,0,0,0,0,0,0,100,100,100,100,100,100,100,100,100,100,185,185,185,185,185,185,185,185,185,185,185,185,185,185
PF,法属玻利尼西亚,其他,https://upload.wikimedia.org/wikipedia/commons/5/53/Map_OC-Polynesia-zh.png,0,0,0,0,0,0,0,0,0,0,0,0,0,0,0,0,0,0,0,0,0,0,0,0,0,0,0,0,0,0,0,0,0,0,0,0,0,0,0,0,0,0,0,0,0,0,0,0,0,0,0,0,0,0,0,0,0,0,0,0,0,0,0,83,83,83,83,83,83,83,83,83,83,183,183,183,183,183,183,183,183,183,183,183,183,183,183,183,183
NA,纳米比亚,其他,https://www.fluentpython.com/data/flags/na/na.gif,0,0,0,0,0,0,0,0,0,0,0,0,0,0,0,0,0,0,0,0,0,0,0,0,0,0,0,0,0,0,0,0,0,0,0,0,0,0,0,0,0,0,0,0,0,0,0,0,0,0,0,0,0,0,0,0,0,0,0,100,100,100,100,100,179,179,179,179,179,179,179,179,179,179,179,179,179,179,179,179,179,179,179,179,179,179,179,179,179
LV,拉脱维亚,其他,https://www.fluentpython.com/data/flags/lv/lv.gif,0,0,0,0,0,0,0,0,0,0,0,0,0,0,0,0,0,0,0,0,0,0,0,0,0,0,0,0,0,0,0,0,0,0,0,0,0,0,0,0,0,0,0,0,0,0,0,0,0,0,0,0,0,0,0,0,0,0,0,0,0,25,125,125,125,151,151,151,151,151,151,151,178,178,178,178,178,178,178,178,178,178,178,178,178,178,178,178,178
BD,孟加拉,其他,https://www.fluentpython.com/data/flags/bd/bd.gif,0,0,0,0,0,0,0,0,0,0,0,0,0,0,0,0,0,0,0,0,0,0,0,0,0,0,0,0,0,0,0,0,0,0,0,0,0,0,0,0,0,0,0,0,0,0,0,0,0,0,0,0,0,0,0,0,0,0,0,0,0,0,100,100,100,100,100,100,100,100,100,100,100,155,155,155,155,155,155,155,155,155,155,155,155,155,155,155,155
MT,马尔他,其他,https://www.fluentpython.com/data/flags/mt/mt.gif,0,0,0,0,0,0,0,0,0,0,0,0,0,0,0,0,0,0,0,0,0,0,0,52,52,52,52,52,52,52,52,52,52,52,52,52,52,52,52,52,52,52,52,52,52,52,52,52,52,52,52,52,52,52,52,52,52,52,52,52,52,52,152,152,152,152,152,152,152,152,152,152,152,152,152,152,152,152,152,152,152,152,152,152,152,152,152,152,152
JM,牙买加,其他,https://www.fluentpython.com/data/flags/jm/jm.gif,0,0,0,0,0,0,0,0,0,0,0,0,0,0,0,0,0,0,0,0,0,0,0,0,0,0,0,0,0,0,0,0,0,0,0,0,0,0,0,0,0,0,0,0,0,0,0,0,0,0,0,0,0,0,0,0,0,0,0,0,0,0,100,150,150,150,150,150,150,150,150,150,150,150,150,150,150,150,150,150,150,150,150,150,150,150,150,150,150
KY,开曼群岛,其他,https://upload.wikimedia.org/wikipedia/commons/thumb/0/0f/Flag_of_the_Cayman_Islands.svg/250px-Flag_of_the_Cayman_Islands.svg.png,0,0,0,0,0,0,0,0,0,0,0,0,0,0,0,0,0,0,0,0,0,0,0,0,0,0,0,0,0,0,0,0,0,0,0,0,0,0,0,0,0,0,0,0,0,0,0,0,0,0,0,0,0,0,0,0,0,0,0,0,0,0,100,100,100,100,100,100,100,100,100,100,100,100,100,100,149,149,149,149,149,149,149,149,149,149,149,149,149
CM,喀麦隆,其他,https://www.fluentpython.com/data/flags/cm/cm.gif,0,0,0,0,0,0,0,0,0,0,0,0,0,0,0,0,0,0,0,0,0,0,0,0,0,0,0,0,0,0,0,0,0,0,0,0,0,0,0,0,0,0,0,0,0,0,0,0,0,0,0,0,0,0,0,0,0,0,0,0,0,0,0,45,45,45,45,45,45,45,45,45,45,145,145,145,145,145,145,145,145,145,145,145,145,145,145,145,145
BZ,伯利兹,其他,https://www.fluentpython.com/data/flags/bz/bz.gif,0,0,0,0,0,0,0,0,0,0,0,0,0,0,0,0,0,0,0,0,0,0,0,0,0,0,0,0,0,0,0,0,0,0,0,0,0,0,0,0,0,0,0,0,0,0,0,0,0,0,0,0,0,0,0,0,0,100,100,100,100,100,100,100,100,100,100,100,100,100,100,100,100,100,100,100,100,100,100,100,100,100,100,100,100,100,100,100,100
BO,波利维亚,其他,https://www.fluentpython.com/data/flags/bo/bo.gif,0,0,0,0,0,0,0,0,0,0,0,0,0,0,0,0,0,0,0,0,0,0,0,0,0,0,0,0,0,0,0,0,0,0,0,0,0,0,0,0,0,0,0,0,0,0,0,0,0,0,0,0,0,0,0,0,0,0,0,0,0,0,0,0,0,0,0,0,0,0,0,0,0,0,0,100,100,100,100,100,100,100,100,100,100,100,100,100,100
CD,刚果-金沙萨,其他,https://www.fluentpython.com/data/flags/cd/cd.gif,0,0,0,0,0,0,0,0,0,0,0,0,0,0,0,0,0,0,0,0,0,0,0,0,0,0,0,0,0,0,0,0,0,0,0,0,0,0,0,0,0,0,0,0,0,0,0,0,0,0,0,0,0,0,0,0,0,0,0,0,0,0,0,0,100,100,100,100,100,100,100,100,100,100,100,100,100,100,100,100,100,100,100,100,100,100,100,100,100
SV,萨尔瓦多,其他,https://www.fluentpython.com/data/flags/sv/sv.gif,0,0,0,0,0,0,0,0,0,0,0,0,0,0,0,0,0,0,0,0,0,0,0,0,0,0,0,0,0,0,0,0,0,0,0,0,0,0,0,0,0,0,0,0,0,0,0,0,0,0,0,0,0,0,0,0,0,0,0,0,0,0,0,0,0,0,0,100,100,100,100,100,100,100,100,100,100,100,100,100,100,100,100,100,100,100,100,100,100
SZ,斯威士兰,其他,https://www.fluentpython.com/data/flags/sz/sz.gif,0,0,0,0,0,0,0,0,0,0,0,0,0,0,0,0,0,0,0,0,0,0,0,0,0,0,0,0,0,0,0,0,0,0,0,0,0,0,0,0,0,0,0,0,0,0,0,0,0,0,0,0,0,0,0,0,0,0,0,0,0,100,100,100,100,100,100,100,100,100,100,100,100,100,100,100,100,100,100,100,100,100,100,100,100,100,100,100,100
GN,几内亚,其他,https://www.fluentpython.com/data/flags/gn/gn.gif,0,0,0,0,0,0,0,0,0,0,0,0,0,0,0,0,0,0,0,0,0,0,0,0,0,0,0,0,0,0,0,0,0,0,0,0,0,0,0,0,0,0,0,0,0,0,0,0,0,0,0,0,0,0,0,0,0,0,0,0,0,0,0,0,0,0,0,0,0,0,0,0,0,0,0,100,100,100,100,100,100,100,100,100,100,100,100,100,100
LS,莱索托,其他,https://www.fluentpython.com/data/flags/ls/ls.gif,0,0,0,0,0,0,0,0,0,0,0,0,0,0,0,0,0,0,0,0,0,0,0,0,0,0,0,0,0,0,0,0,0,0,0,0,0,0,0,0,0,0,0,0,0,0,0,0,0,0,0,0,0,0,0,0,0,0,0,0,0,0,0,100,100,100,100,100,100,100,100,100,100,100,100,100,100,100,100,100,100,100,100,100,100,100,100,100,100
MD,摩尔多瓦,其他,https://www.fluentpython.com/data/flags/md/md.gif,0,0,0,0,0,0,0,0,0,0,0,0,0,0,0,0,0,0,0,0,0,0,0,0,0,0,0,0,0,0,0,0,0,0,0,0,0,0,0,0,0,0,0,0,0,0,0,0,0,0,0,0,0,0,0,0,0,0,0,0,0,0,0,0,0,0,0,0,0,0,0,0,0,0,100,100,100,100,100,100,100,100,100,100,100,100,100,100,100
ME,黑山,其他,https://www.fluentpython.com/data/flags/me/me.gif,0,0,0,0,0,0,0,0,0,0,0,0,0,0,0,0,0,0,0,0,0,0,0,0,0,0,0,0,0,0,0,0,0,0,0,0,0,0,0,0,0,0,0,0,0,0,0,0,0,0,0,0,0,0,0,0,0,0,0,0,0,0,0,0,0,0,0,0,0,0,0,0,0,0,0,0,100,100,100,100,100,100,100,100,100,100,100,100,100
MZ,莫桑比克,其他,https://www.fluentpython.com/data/flags/mz/mz.gif,0,0,0,0,0,0,0,0,0,0,0,0,0,0,0,0,0,0,0,0,0,0,0,0,0,0,0,0,0,0,0,0,0,0,0,0,0,0,0,0,0,0,0,0,0,0,0,0,0,0,0,0,0,0,0,0,0,0,0,0,0,0,0,0,0,0,0,0,0,0,0,0,0,100,100,100,100,100,100,100,100,100,100,100,100,100,100,100,100
NI,尼加拉瓜,其他,https://www.fluentpython.com/data/flags/ni/ni.gif,0,0,0,0,0,0,0,0,0,0,0,0,0,0,0,0,0,0,0,0,0,0,0,0,0,0,0,0,0,0,0,0,0,0,0,0,0,0,0,0,0,0,0,0,0,0,0,0,0,0,0,0,0,0,0,0,0,0,0,100,100,100,100,100,100,100,100,100,100,100,100,100,100,100,100,100,100,100,100,100,100,100,100,100,100,100,100,100,100
MK,北马其顿,其他,https://www.fluentpython.com/data/flags/mk/mk.gif,0,0,0,0,0,0,0,0,0,0,0,0,0,0,0,0,0,0,0,0,0,0,0,0,0,0,0,0,0,0,0,0,0,0,0,0,0,0,0,0,0,0,0,0,0,0,0,0,0,0,0,0,0,0,0,0,0,0,0,0,0,0,100,100,100,100,100,100,100,100,100,100,100,100,100,100,100,100,100,100,100,100,100,100,100,100,100,100,100
OM,阿曼,其他,https://www.fluentpython.com/data/flags/om/om.gif,0,0,0,0,0,0,0,0,0,0,0,0,0,0,0,0,0,0,0,0,0,0,0,0,0,0,0,0,0,0,0,0,0,0,0,0,0,0,0,0,0,0,0,0,0,0,0,0,0,0,0,0,0,0,0,0,0,0,0,100,100,100,100,100,100,100,100,100,100,100,100,100,100,100,100,100,100,100,100,100,100,100,100,100,100,100,100,100,100
PG,巴布亚新几内亚,其他,https://www.fluentpython.com/data/flags/pg/pg.gif,0,0,0,0,0,0,0,0,0,0,0,0,0,0,0,0,0,0,0,0,0,0,0,0,0,0,0,0,0,0,0,0,0,0,0,0,0,0,0,0,0,0,0,0,0,0,0,0,0,0,0,0,0,0,0,0,0,0,0,0,0,0,0,0,0,0,0,0,0,0,0,0,0,0,0,0,0,100,100,100,100,100,100,100,100,100,100,100,100
SL,塞拉利昂,其他,https://www.fluentpython.com/data/flags/sl/sl.gif,0,0,0,0,0,0,0,0,0,0,0,0,0,0,0,0,0,0,0,0,0,0,0,0,0,0,0,0,0,0,0,0,0,0,0,0,0,0,0,0,0,0,0,0,0,0,0,0,0,0,0,0,0,0,0,0,0,0,0,0,0,100,100,100,100,100,100,100,100,100,100,100,100,100,100,100,100,100,100,100,100,100,100,100,100,100,100,100,100
SD,苏丹,其他,https://www.fluentpython.com/data/flags/sd/sd.gif,0,0,0,0,0,0,0,0,0,0,0,0,0,0,0,0,0,0,0,0,0,0,0,0,0,0,0,0,0,0,0,0,0,0,0,0,0,0,0,0,0,0,0,0,0,0,0,0,0,0,0,0,0,0,0,0,0,0,0,0,0,0,0,0,0,0,0,0,0,0,0,0,0,100,100,100,100,100,100,100,100,100,100,100,100,100,100,100,100
VI,美属维尔京群岛,其他,https://upload.wikimedia.org/wikipedia/commons/thumb/f/fd/SVG_Map_of_Virgin_Islands.svg/520px-SVG_Map_of_Virgin_Islands.svg.png,0,0,0,0,0,0,0,0,0,0,0,0,0,0,0,0,0,0,0,0,0,0,0,0,0,0,0,0,0,0,0,0,0,0,0,0,0,0,0,0,0,0,0,0,0,0,0,0,0,0,0,0,0,0,0,0,0,0,0,0,0,0,100,100,100,100,100,100,100,100,100,100,100,100,100,100,100,100,100,100,100,100,100,100,100,100,100,100,100
ZM,赞比亚,其他,https://www.fluentpython.com/data/flags/zm/zm.gif,0,0,0,0,0,0,0,0,0,0,0,0,0,0,0,0,0,0,0,0,0,0,0,0,0,0,0,0,0,0,0,0,0,0,0,0,0,0,0,0,0,0,0,0,0,0,0,0,0,0,0,0,0,0,0,0,0,0,0,0,0,0,0,0,100,100,100,100,100,100,100,100,100,100,100,100,100,100,100,100,100,100,100,100,100,100,100,100,100
ZW,津巴布韦,其他,https://www.fluentpython.com/data/flags/zw/zw.gif,0,0,0,0,0,0,0,0,0,0,0,0,0,0,0,0,0,0,0,0,0,0,0,0,0,0,0,0,0,0,0,0,0,0,0,0,0,0,0,0,0,0,0,0,0,0,0,0,0,0,0,0,0,0,0,0,0,0,0,0,0,0,0,0,0,0,0,0,0,0,0,0,100,100,100,100,100,100,100,100,100,100,100,100,100,100,100,100,100
